#pragma once
#include <Arduino.h>

struct Glyph {
    uint8_t width;
    const uint8_t* data;
};

// Сгенерировано 9 шрифтов:
// Индекс 0: HSESans-Black.otf
// Индекс 1: HSESans-Bold.otf
// Индекс 2: HSESans-Italic.otf
// Индекс 3: HSESans-Regular.otf
// Индекс 4: HSESans-SemiBold.otf
// Индекс 5: HSESans-Thin.otf
// Индекс 6: HSESlab-Black.otf
// Индекс 7: HSESlab-Italic.otf
// Индекс 8: HSESlab-Regular.otf

const uint8_t g_0_0[] PROGMEM = { 0x00, 0x00, 0x00, 0x00, 0x00, 0x00, 0x00, 0x00, 0x00 };
const uint8_t g_0_1[] PROGMEM = { 0x00, 0x00, 0x00, 0x80, 0x03, 0x00, 0x80, 0xD9, 0x00, 0x80, 0xDD, 0x00, 0x80, 0x0F, 0x00, 0x80, 0x07, 0x00, 0x00, 0x02, 0x00 };
const uint8_t g_0_2[] PROGMEM = { 0x00, 0x00, 0x00, 0x80, 0xDF, 0x00, 0x80, 0xDF, 0x00, 0x80, 0x03, 0x00 };
const uint8_t g_0_3[] PROGMEM = { 0x00, 0x02, 0x00, 0x80, 0x03, 0x00, 0x00, 0x00, 0x00, 0x80, 0x03, 0x00, 0x80, 0x00, 0x00, 0x00, 0x00, 0x00 };
const uint8_t g_0_4[] PROGMEM = { 0x00, 0x02, 0x00, 0x80, 0x03, 0x00, 0x00, 0x00, 0x00 };
const uint8_t g_0_5[] PROGMEM = { 0x00, 0x00, 0x00, 0x00, 0xC0, 0x03, 0x00, 0xC0, 0x01, 0x00, 0x00, 0x00 };
const uint8_t g_0_6[] PROGMEM = { 0x00, 0x30, 0x00, 0x00, 0x30, 0x00, 0x00, 0x30, 0x00, 0x00, 0x30, 0x00, 0x00, 0x00, 0x00 };
const uint8_t g_0_7[] PROGMEM = { 0x00, 0x00, 0x02, 0x00, 0x00, 0x02, 0x00, 0x00, 0x02, 0x00, 0x00, 0x02, 0x00, 0x00, 0x02, 0x00, 0x00, 0x02, 0x00, 0x00, 0x02, 0x00, 0x00, 0x00, 0x00, 0x00, 0x00, 0x00, 0x00, 0x00 };
const uint8_t g_0_8[] PROGMEM = { 0x00, 0x00, 0x00, 0x00, 0xC0, 0x00, 0x00, 0xC0, 0x00 };
const uint8_t g_0_9[] PROGMEM = { 0x00, 0x00, 0x01, 0x00, 0xE0, 0x01, 0x00, 0x7C, 0x00, 0x00, 0x0F, 0x00, 0x80, 0x03, 0x00, 0x00, 0x00, 0x00 };
const uint8_t g_0_10[] PROGMEM = { 0x00, 0x00, 0x00, 0x00, 0x7F, 0x00, 0x80, 0xFF, 0x00, 0x80, 0xC1, 0x00, 0x80, 0xE3, 0x00, 0x80, 0xFF, 0x00, 0x00, 0x7F, 0x00, 0x00, 0x00, 0x00 };
const uint8_t g_0_11[] PROGMEM = { 0x00, 0x02, 0x00, 0x00, 0xC7, 0x00, 0x00, 0xFF, 0x00, 0x80, 0xFF, 0x00, 0x80, 0xFF, 0x00, 0x00, 0xC0, 0x00, 0x00, 0xC0, 0x00 };
const uint8_t g_0_12[] PROGMEM = { 0x00, 0x00, 0x00, 0x00, 0xE3, 0x00, 0x80, 0xE3, 0x00, 0x80, 0xF1, 0x00, 0x80, 0xDF, 0x00, 0x80, 0xDF, 0x00, 0x00, 0xCF, 0x00, 0x00, 0x00, 0x00 };
const uint8_t g_0_13[] PROGMEM = { 0x00, 0x00, 0x00, 0x80, 0x41, 0x00, 0x80, 0xE9, 0x00, 0x80, 0xCF, 0x00, 0x80, 0xFF, 0x00, 0x80, 0x7B, 0x00, 0x80, 0x31, 0x00 };
const uint8_t g_0_14[] PROGMEM = { 0x00, 0x30, 0x00, 0x00, 0x38, 0x00, 0x00, 0x3C, 0x00, 0x00, 0x37, 0x00, 0x80, 0xFF, 0x00, 0x80, 0xFF, 0x00, 0x00, 0x30, 0x00, 0x00, 0x00, 0x00 };
const uint8_t g_0_15[] PROGMEM = { 0x00, 0x00, 0x00, 0x00, 0x4F, 0x00, 0x80, 0xEF, 0x00, 0x80, 0xCD, 0x00, 0x80, 0xFD, 0x00, 0x80, 0x79, 0x00, 0x00, 0x30, 0x00 };
const uint8_t g_0_16[] PROGMEM = { 0x00, 0x00, 0x00, 0x00, 0x7F, 0x00, 0x00, 0xFF, 0x00, 0x80, 0xCF, 0x00, 0x80, 0xCD, 0x00, 0x80, 0xFD, 0x00, 0x00, 0x78, 0x00, 0x00, 0x00, 0x00 };
const uint8_t g_0_17[] PROGMEM = { 0x80, 0x01, 0x00, 0x80, 0x81, 0x00, 0x80, 0xE1, 0x00, 0x80, 0xFD, 0x00, 0x80, 0x7F, 0x00, 0x80, 0x0F, 0x00, 0x80, 0x03, 0x00 };
const uint8_t g_0_18[] PROGMEM = { 0x00, 0x00, 0x00, 0x00, 0x77, 0x00, 0x80, 0xFF, 0x00, 0x80, 0xCD, 0x00, 0x80, 0xDD, 0x00, 0x80, 0xFF, 0x00, 0x00, 0x77, 0x00, 0x00, 0x00, 0x00 };
const uint8_t g_0_19[] PROGMEM = { 0x00, 0x00, 0x00, 0x00, 0x0F, 0x00, 0x80, 0xDF, 0x00, 0x80, 0xD9, 0x00, 0x80, 0xF9, 0x00, 0x80, 0x7F, 0x00, 0x00, 0x3F, 0x00, 0x00, 0x00, 0x00 };
const uint8_t g_0_20[] PROGMEM = { 0x00, 0x00, 0x00, 0x00, 0xFC, 0x00, 0x00, 0x86, 0x01, 0x00, 0x7A, 0x01, 0x00, 0xFB, 0x02, 0x00, 0xDD, 0x02, 0x00, 0xC9, 0x02, 0x00, 0xFB, 0x00, 0x00, 0xFB, 0x00, 0x00, 0xC6, 0x00, 0x00, 0x7C, 0x00, 0x00, 0x10, 0x00 };
const uint8_t g_0_21[] PROGMEM = { 0x00, 0x80, 0x00, 0x00, 0xF8, 0x00, 0x00, 0xFF, 0x00, 0x80, 0x3F, 0x00, 0x80, 0x37, 0x00, 0x80, 0x3F, 0x00, 0x00, 0xFE, 0x00, 0x00, 0xF0, 0x00, 0x00, 0x80, 0x00 };
const uint8_t g_0_22[] PROGMEM = { 0x00, 0x00, 0x00, 0x80, 0xFF, 0x00, 0x80, 0xFF, 0x00, 0x80, 0xC9, 0x00, 0x80, 0xDF, 0x00, 0x80, 0xFF, 0x00, 0x00, 0x77, 0x00, 0x00, 0x00, 0x00 };
const uint8_t g_0_23[] PROGMEM = { 0x00, 0x08, 0x00, 0x00, 0x3E, 0x00, 0x00, 0x7F, 0x00, 0x80, 0xE3, 0x00, 0x80, 0xE3, 0x00, 0x80, 0xE3, 0x00, 0x80, 0xE3, 0x00, 0x00, 0x63, 0x00, 0x00, 0x00, 0x00 };
const uint8_t g_0_24[] PROGMEM = { 0x00, 0x00, 0x00, 0x80, 0xFF, 0x00, 0x80, 0xFF, 0x00, 0x80, 0xE3, 0x00, 0x80, 0xE3, 0x00, 0x80, 0xE3, 0x00, 0x00, 0x7F, 0x00, 0x00, 0x3E, 0x00, 0x00, 0x00, 0x00 };
const uint8_t g_0_25[] PROGMEM = { 0x00, 0x00, 0x00, 0x80, 0xFF, 0x00, 0x80, 0xFF, 0x00, 0x80, 0xDD, 0x00, 0x80, 0xDD, 0x00, 0x80, 0xDD, 0x00 };
const uint8_t g_0_26[] PROGMEM = { 0x00, 0x00, 0x00, 0x80, 0xFF, 0x00, 0x80, 0xFF, 0x00, 0x80, 0x19, 0x00, 0x80, 0x19, 0x00, 0x80, 0x19, 0x00 };
const uint8_t g_0_27[] PROGMEM = { 0x00, 0x08, 0x00, 0x00, 0x3E, 0x00, 0x00, 0x7F, 0x00, 0x80, 0xE3, 0x00, 0x80, 0xE3, 0x00, 0x80, 0xFB, 0x00, 0x80, 0xFB, 0x00, 0x00, 0x7B, 0x00, 0x00, 0x00, 0x00 };
const uint8_t g_0_28[] PROGMEM = { 0x00, 0x00, 0x00, 0x80, 0xFF, 0x00, 0x80, 0xFF, 0x00, 0x00, 0x1C, 0x00, 0x00, 0x1C, 0x00, 0x00, 0x1C, 0x00, 0x80, 0xFF, 0x00, 0x80, 0xFF, 0x00, 0x80, 0xFF, 0x00 };
const uint8_t g_0_29[] PROGMEM = { 0x00, 0x00, 0x00, 0x80, 0xFF, 0x00, 0x80, 0xFF, 0x00, 0x00, 0x00, 0x00 };
const uint8_t g_0_30[] PROGMEM = { 0x00, 0x40, 0x00, 0x00, 0xE0, 0x00, 0x00, 0xC0, 0x00, 0x80, 0xFF, 0x00, 0x80, 0xFF, 0x00, 0x80, 0x1F, 0x00 };
const uint8_t g_0_31[] PROGMEM = { 0x00, 0x00, 0x00, 0x80, 0xFF, 0x00, 0x80, 0xFF, 0x00, 0x00, 0x1C, 0x00, 0x00, 0x1E, 0x00, 0x80, 0x7F, 0x00, 0x80, 0xF3, 0x00, 0x80, 0xE1, 0x00, 0x00, 0xC0, 0x00 };
const uint8_t g_0_32[] PROGMEM = { 0x00, 0x00, 0x00, 0x80, 0xFF, 0x00, 0x80, 0xFF, 0x00, 0x00, 0xC0, 0x00, 0x00, 0xC0, 0x00, 0x00, 0xC0, 0x00, 0x00, 0xC0, 0x00 };
const uint8_t g_0_33[] PROGMEM = { 0x00, 0x00, 0x00, 0x80, 0xFF, 0x00, 0x80, 0xFF, 0x00, 0x80, 0x0F, 0x00, 0x00, 0x7E, 0x00, 0x00, 0xF8, 0x00, 0x00, 0x7E, 0x00, 0x80, 0x0F, 0x00, 0x80, 0xFF, 0x00, 0x80, 0xFF, 0x00, 0x00, 0x00, 0x00 };
const uint8_t g_0_34[] PROGMEM = { 0x00, 0x00, 0x00, 0x80, 0xFF, 0x00, 0x80, 0xFF, 0x00, 0x00, 0x0F, 0x00, 0x00, 0x1E, 0x00, 0x00, 0x3C, 0x00, 0x80, 0x7F, 0x00, 0x80, 0xFF, 0x00, 0x80, 0xFF, 0x00 };
const uint8_t g_0_35[] PROGMEM = { 0x00, 0x08, 0x00, 0x00, 0x3E, 0x00, 0x00, 0x7F, 0x00, 0x80, 0xE3, 0x00, 0x80, 0xE3, 0x00, 0x80, 0xE3, 0x00, 0x80, 0xF7, 0x00, 0x00, 0x7F, 0x00, 0x00, 0x3E, 0x00, 0x00, 0x00, 0x00 };
const uint8_t g_0_36[] PROGMEM = { 0x00, 0x00, 0x00, 0x80, 0xFF, 0x00, 0x80, 0xFF, 0x00, 0x80, 0x3B, 0x00, 0x80, 0x3B, 0x00, 0x80, 0x1F, 0x00, 0x00, 0x1F, 0x00, 0x00, 0x00, 0x00 };
const uint8_t g_0_37[] PROGMEM = { 0x00, 0x08, 0x00, 0x00, 0x7E, 0x00, 0x00, 0x7F, 0x00, 0x80, 0xE3, 0x00, 0x80, 0xE3, 0x00, 0x80, 0xE3, 0x00, 0x80, 0xF7, 0x00, 0x00, 0xFF, 0x00, 0x00, 0xFE, 0x00, 0x00, 0xC0, 0x00 };
const uint8_t g_0_38[] PROGMEM = { 0x00, 0x00, 0x00, 0x80, 0xFF, 0x00, 0x80, 0xFF, 0x00, 0x80, 0x3B, 0x00, 0x80, 0x7B, 0x00, 0x80, 0xFF, 0x00, 0x00, 0xFF, 0x00, 0x00, 0xC0, 0x00 };
const uint8_t g_0_39[] PROGMEM = { 0x00, 0x40, 0x00, 0x00, 0x6F, 0x00, 0x80, 0xCF, 0x00, 0x80, 0xDD, 0x00, 0x80, 0xFD, 0x00, 0x80, 0x7B, 0x00, 0x00, 0x30, 0x00 };
const uint8_t g_0_40[] PROGMEM = { 0x80, 0x03, 0x00, 0x80, 0x03, 0x00, 0x80, 0xFF, 0x00, 0x80, 0xFF, 0x00, 0x80, 0xFF, 0x00, 0x80, 0x03, 0x00, 0x80, 0x03, 0x00 };
const uint8_t g_0_41[] PROGMEM = { 0x00, 0x00, 0x00, 0x80, 0x7F, 0x00, 0x80, 0x7F, 0x00, 0x00, 0xE0, 0x00, 0x00, 0xE0, 0x00, 0x00, 0xE0, 0x00, 0x80, 0xFF, 0x00, 0x80, 0x7F, 0x00, 0x80, 0x1F, 0x00 };
const uint8_t g_0_42[] PROGMEM = { 0x80, 0x00, 0x00, 0x80, 0x0F, 0x00, 0x80, 0x7F, 0x00, 0x00, 0xFC, 0x00, 0x00, 0xF0, 0x00, 0x00, 0xFE, 0x00, 0x80, 0x3F, 0x00, 0x80, 0x07, 0x00, 0x80, 0x00, 0x00 };
const uint8_t g_0_43[] PROGMEM = { 0x80, 0x01, 0x00, 0x80, 0x0F, 0x00, 0x80, 0xFF, 0x00, 0x00, 0xFC, 0x00, 0x00, 0xFC, 0x00, 0x80, 0x7F, 0x00, 0x80, 0x07, 0x00, 0x80, 0x7F, 0x00, 0x00, 0xFC, 0x00, 0x00, 0xFC, 0x00, 0x80, 0xFF, 0x00, 0x80, 0x0F, 0x00, 0x80, 0x00, 0x00 };
const uint8_t g_0_44[] PROGMEM = { 0x00, 0x80, 0x00, 0x80, 0xC1, 0x00, 0x80, 0xF3, 0x00, 0x80, 0xFF, 0x00, 0x00, 0x3E, 0x00, 0x00, 0x7F, 0x00, 0x80, 0xF7, 0x00, 0x80, 0xE3, 0x00, 0x80, 0x80, 0x00, 0x00, 0x00, 0x00 };
const uint8_t g_0_45[] PROGMEM = { 0x80, 0x00, 0x00, 0x80, 0x03, 0x00, 0x80, 0x0F, 0x00, 0x00, 0xFF, 0x00, 0x00, 0xFC, 0x00, 0x00, 0xFF, 0x00, 0x80, 0x07, 0x00, 0x80, 0x01, 0x00, 0x00, 0x00, 0x00 };
const uint8_t g_0_46[] PROGMEM = { 0x80, 0xC3, 0x00, 0x80, 0xF3, 0x00, 0x80, 0xFB, 0x00, 0x80, 0xFF, 0x00, 0x80, 0xDF, 0x00, 0x80, 0xC7, 0x00, 0x80, 0xC3, 0x00, 0x00, 0x00, 0x00 };
const uint8_t g_0_47[] PROGMEM = { 0x80, 0xFF, 0x03, 0x80, 0xFF, 0x03, 0x80, 0xFF, 0x03, 0x80, 0x01, 0x03, 0x00, 0x00, 0x00 };
const uint8_t g_0_48[] PROGMEM = { 0x80, 0x00, 0x00, 0x80, 0x07, 0x00, 0x00, 0x3E, 0x00, 0x00, 0xF0, 0x00, 0x00, 0xC0, 0x01, 0x00, 0x00, 0x00 };
const uint8_t g_0_49[] PROGMEM = { 0x80, 0x01, 0x03, 0x80, 0x01, 0x03, 0x80, 0xFF, 0x03, 0x80, 0xFF, 0x03 };
const uint8_t g_0_50[] PROGMEM = { 0x00, 0x60, 0x00, 0x00, 0xEC, 0x00, 0x00, 0xEC, 0x00, 0x00, 0xFC, 0x00, 0x00, 0xFC, 0x00, 0x00, 0x00, 0x00 };
const uint8_t g_0_51[] PROGMEM = { 0x80, 0xFF, 0x00, 0x80, 0xFF, 0x00, 0x80, 0xFF, 0x00, 0x00, 0xCC, 0x00, 0x00, 0xFC, 0x00, 0x00, 0x78, 0x00, 0x00, 0x00, 0x00 };
const uint8_t g_0_52[] PROGMEM = { 0x00, 0x30, 0x00, 0x00, 0x78, 0x00, 0x00, 0xCC, 0x00, 0x00, 0xCC, 0x00, 0x00, 0xCC, 0x00, 0x00, 0x00, 0x00 };
const uint8_t g_0_53[] PROGMEM = { 0x00, 0x30, 0x00, 0x00, 0xF8, 0x00, 0x00, 0xDC, 0x00, 0x00, 0xD8, 0x00, 0x80, 0xFF, 0x00, 0x80, 0xFF, 0x00, 0x00, 0x00, 0x00 };
const uint8_t g_0_54[] PROGMEM = { 0x00, 0x30, 0x00, 0x00, 0xFC, 0x00, 0x00, 0xFC, 0x00, 0x00, 0xFC, 0x00, 0x00, 0xFC, 0x00, 0x00, 0x30, 0x00 };
const uint8_t g_0_55[] PROGMEM = { 0x00, 0x08, 0x00, 0x00, 0xFF, 0x00, 0x80, 0xFF, 0x00, 0x80, 0x09, 0x00, 0x80, 0x09, 0x00 };
const uint8_t g_0_56[] PROGMEM = { 0x00, 0x78, 0x00, 0x00, 0xFC, 0x06, 0x00, 0xFC, 0x06, 0x00, 0xCC, 0x06, 0x00, 0xFC, 0x07, 0x00, 0xFC, 0x03, 0x00, 0x00, 0x00 };
const uint8_t g_0_57[] PROGMEM = { 0x80, 0xFF, 0x00, 0x80, 0xFF, 0x00, 0x80, 0xFF, 0x00, 0x00, 0x18, 0x00, 0x00, 0xF8, 0x00, 0x00, 0xF8, 0x00, 0x00, 0x00, 0x00 };
const uint8_t g_0_58[] PROGMEM = { 0x00, 0x01, 0x00, 0x80, 0xFD, 0x00, 0x80, 0xFD, 0x00 };
const uint8_t g_0_59[] PROGMEM = { 0x00, 0x01, 0x00, 0x80, 0xFD, 0x07, 0x80, 0xFD, 0x07 };
const uint8_t g_0_60[] PROGMEM = { 0x80, 0xFF, 0x00, 0x80, 0xFF, 0x00, 0x80, 0xFF, 0x00, 0x00, 0x78, 0x00, 0x00, 0xF8, 0x00, 0x00, 0xC8, 0x00, 0x00, 0x00, 0x00 };
const uint8_t g_0_61[] PROGMEM = { 0x80, 0xFF, 0x00, 0x80, 0xFF, 0x00, 0x80, 0xFF, 0x00 };
const uint8_t g_0_62[] PROGMEM = { 0x00, 0xFC, 0x00, 0x00, 0xFC, 0x00, 0x00, 0xF8, 0x00, 0x00, 0x0C, 0x00, 0x00, 0xFC, 0x00, 0x00, 0xF8, 0x00, 0x00, 0x0C, 0x00, 0x00, 0xFC, 0x00, 0x00, 0xFC, 0x00, 0x00, 0xF0, 0x00 };
const uint8_t g_0_63[] PROGMEM = { 0x00, 0xFC, 0x00, 0x00, 0xFC, 0x00, 0x00, 0xF8, 0x00, 0x00, 0x0C, 0x00, 0x00, 0xFC, 0x00, 0x00, 0xFC, 0x00, 0x00, 0x00, 0x00 };
const uint8_t g_0_64[] PROGMEM = { 0x00, 0x30, 0x00, 0x00, 0x78, 0x00, 0x00, 0xFC, 0x00, 0x00, 0xCC, 0x00, 0x00, 0xFC, 0x00, 0x00, 0x78, 0x00 };
const uint8_t g_0_65[] PROGMEM = { 0x00, 0xFC, 0x07, 0x00, 0xFC, 0x07, 0x00, 0xF8, 0x07, 0x00, 0xCC, 0x00, 0x00, 0xFC, 0x00, 0x00, 0x78, 0x00, 0x00, 0x00, 0x00 };
const uint8_t g_0_66[] PROGMEM = { 0x00, 0x30, 0x00, 0x00, 0xFC, 0x00, 0x00, 0xFC, 0x00, 0x00, 0xCC, 0x00, 0x00, 0xFC, 0x07, 0x00, 0xFC, 0x07, 0x00, 0x00, 0x00 };
const uint8_t g_0_67[] PROGMEM = { 0x00, 0x00, 0x00, 0x00, 0xFC, 0x00, 0x00, 0xF8, 0x00, 0x00, 0x0C, 0x00, 0x00, 0x00, 0x00 };
const uint8_t g_0_68[] PROGMEM = { 0x00, 0x08, 0x00, 0x00, 0xFC, 0x00, 0x00, 0xFC, 0x00, 0x00, 0xFC, 0x00, 0x00, 0x64, 0x00 };
const uint8_t g_0_69[] PROGMEM = { 0x00, 0x08, 0x00, 0x00, 0xFE, 0x00, 0x00, 0xFE, 0x00, 0x00, 0xC8, 0x00, 0x00, 0xC8, 0x00 };
const uint8_t g_0_70[] PROGMEM = { 0x00, 0x3C, 0x00, 0x00, 0xFC, 0x00, 0x00, 0xFC, 0x00, 0x00, 0xC0, 0x00, 0x00, 0xFC, 0x00, 0x00, 0xFC, 0x00, 0x00, 0x00, 0x00 };
const uint8_t g_0_71[] PROGMEM = { 0x00, 0x04, 0x00, 0x00, 0x3C, 0x00, 0x00, 0xFC, 0x00, 0x00, 0xE0, 0x00, 0x00, 0xFC, 0x00, 0x00, 0x1C, 0x00, 0x00, 0x04, 0x00 };
const uint8_t g_0_72[] PROGMEM = { 0x00, 0x0C, 0x00, 0x00, 0x7C, 0x00, 0x00, 0xF8, 0x00, 0x00, 0xFC, 0x00, 0x00, 0x3C, 0x00, 0x00, 0xFC, 0x00, 0x00, 0xF0, 0x00, 0x00, 0xFC, 0x00, 0x00, 0x0C, 0x00, 0x00, 0x00, 0x00 };
const uint8_t g_0_73[] PROGMEM = { 0x00, 0x84, 0x00, 0x00, 0xCC, 0x00, 0x00, 0xFC, 0x00, 0x00, 0x78, 0x00, 0x00, 0xFC, 0x00, 0x00, 0xCC, 0x00, 0x00, 0x84, 0x00 };
const uint8_t g_0_74[] PROGMEM = { 0x00, 0x04, 0x00, 0x00, 0x3C, 0x04, 0x00, 0xFC, 0x07, 0x00, 0xF0, 0x03, 0x00, 0xFC, 0x00, 0x00, 0x1C, 0x00, 0x00, 0x00, 0x00 };
const uint8_t g_0_75[] PROGMEM = { 0x00, 0xCC, 0x00, 0x00, 0xEC, 0x00, 0x00, 0xFC, 0x00, 0x00, 0xFC, 0x00, 0x00, 0xDC, 0x00, 0x00, 0xCC, 0x00 };
const uint8_t g_0_76[] PROGMEM = { 0x00, 0x80, 0x00, 0x00, 0xF8, 0x00, 0x00, 0xFF, 0x00, 0x80, 0x3F, 0x00, 0x80, 0x37, 0x00, 0x80, 0x3F, 0x00, 0x00, 0xFE, 0x00, 0x00, 0xF0, 0x00, 0x00, 0x80, 0x00 };
const uint8_t g_0_77[] PROGMEM = { 0x00, 0x00, 0x00, 0x80, 0xFF, 0x00, 0x80, 0xFF, 0x00, 0x80, 0xCD, 0x00, 0x80, 0xDD, 0x00, 0x80, 0xFD, 0x00, 0x00, 0x78, 0x00, 0x00, 0x00, 0x00 };
const uint8_t g_0_78[] PROGMEM = { 0x00, 0x00, 0x00, 0x80, 0xFF, 0x00, 0x80, 0xFF, 0x00, 0x80, 0xC9, 0x00, 0x80, 0xDF, 0x00, 0x80, 0xFF, 0x00, 0x00, 0x77, 0x00, 0x00, 0x00, 0x00 };
const uint8_t g_0_79[] PROGMEM = { 0x00, 0x00, 0x00, 0x80, 0xFF, 0x00, 0x80, 0xFF, 0x00, 0x80, 0x03, 0x00, 0x80, 0x03, 0x00, 0x80, 0x03, 0x00 };
const uint8_t g_0_80[] PROGMEM = { 0x00, 0xC0, 0x03, 0x00, 0xE0, 0x03, 0x80, 0xFF, 0x03, 0x80, 0xFF, 0x00, 0x80, 0xC3, 0x00, 0x80, 0xC3, 0x00, 0x80, 0xFF, 0x00, 0x80, 0xFF, 0x00, 0x80, 0xFF, 0x03, 0x00, 0xC0, 0x03, 0x00, 0x00, 0x00 };
const uint8_t g_0_81[] PROGMEM = { 0x00, 0x00, 0x00, 0x80, 0xFF, 0x00, 0x80, 0xFF, 0x00, 0x80, 0xDD, 0x00, 0x80, 0xDD, 0x00, 0x80, 0xDD, 0x00 };
const uint8_t g_0_82[] PROGMEM = { 0x00, 0x00, 0x00, 0xB0, 0xFF, 0x00, 0xB0, 0xFF, 0x00, 0xB0, 0xDD, 0x00, 0xB0, 0xDD, 0x00, 0x80, 0xDD, 0x00 };
const uint8_t g_0_83[] PROGMEM = { 0x00, 0xC0, 0x00, 0x80, 0xE1, 0x00, 0x80, 0xFF, 0x00, 0x80, 0x3F, 0x00, 0x00, 0x1E, 0x00, 0x80, 0xFF, 0x00, 0x80, 0xFF, 0x00, 0x80, 0xFF, 0x00, 0x00, 0x1E, 0x00, 0x80, 0x7F, 0x00, 0x80, 0xFF, 0x00, 0x80, 0xE1, 0x00, 0x00, 0xC0, 0x00 };
const uint8_t g_0_84[] PROGMEM = { 0x00, 0x00, 0x00, 0x80, 0xE3, 0x00, 0x80, 0xDD, 0x00, 0x80, 0xFD, 0x00, 0x80, 0xFF, 0x00, 0x00, 0x77, 0x00, 0x00, 0x00, 0x00 };
const uint8_t g_0_85[] PROGMEM = { 0x00, 0x00, 0x00, 0x80, 0xFF, 0x00, 0x80, 0xFF, 0x00, 0x00, 0x78, 0x00, 0x00, 0x3C, 0x00, 0x00, 0x1E, 0x00, 0x80, 0xFF, 0x00, 0x80, 0xFF, 0x00, 0x80, 0xFF, 0x00 };
const uint8_t g_0_86[] PROGMEM = { 0x00, 0x00, 0x00, 0x00, 0xFF, 0x00, 0x20, 0xFF, 0x00, 0x60, 0x78, 0x00, 0x40, 0x3C, 0x00, 0x60, 0x1E, 0x00, 0x20, 0xFF, 0x00, 0x00, 0xFF, 0x00, 0x00, 0xFF, 0x00 };
const uint8_t g_0_87[] PROGMEM = { 0x00, 0x00, 0x00, 0x80, 0xFF, 0x00, 0x80, 0xFF, 0x00, 0x00, 0x1C, 0x00, 0x00, 0x1E, 0x00, 0x80, 0x7F, 0x00, 0x80, 0xF3, 0x00, 0x80, 0xE1, 0x00, 0x00, 0xC0, 0x00 };
const uint8_t g_0_88[] PROGMEM = { 0x00, 0xC0, 0x00, 0x00, 0xE0, 0x00, 0x80, 0xFF, 0x00, 0x80, 0x3F, 0x00, 0x80, 0x03, 0x00, 0x80, 0x03, 0x00, 0x80, 0xFF, 0x00, 0x80, 0xFF, 0x00, 0x00, 0x00, 0x00 };
const uint8_t g_0_89[] PROGMEM = { 0x00, 0x00, 0x00, 0x80, 0xFF, 0x00, 0x80, 0xFF, 0x00, 0x80, 0x0F, 0x00, 0x00, 0x7E, 0x00, 0x00, 0xF8, 0x00, 0x00, 0x7E, 0x00, 0x80, 0x0F, 0x00, 0x80, 0xFF, 0x00, 0x80, 0xFF, 0x00, 0x00, 0x00, 0x00 };
const uint8_t g_0_90[] PROGMEM = { 0x00, 0x00, 0x00, 0x80, 0xFF, 0x00, 0x80, 0xFF, 0x00, 0x00, 0x1C, 0x00, 0x00, 0x1C, 0x00, 0x00, 0x1C, 0x00, 0x80, 0xFF, 0x00, 0x80, 0xFF, 0x00, 0x80, 0xFF, 0x00 };
const uint8_t g_0_91[] PROGMEM = { 0x00, 0x08, 0x00, 0x00, 0x3E, 0x00, 0x00, 0x7F, 0x00, 0x80, 0xE3, 0x00, 0x80, 0xE3, 0x00, 0x80, 0xE3, 0x00, 0x80, 0xF7, 0x00, 0x00, 0x7F, 0x00, 0x00, 0x3E, 0x00, 0x00, 0x00, 0x00 };
const uint8_t g_0_92[] PROGMEM = { 0x00, 0x00, 0x00, 0x80, 0xFF, 0x00, 0x80, 0xFF, 0x00, 0x80, 0x03, 0x00, 0x80, 0x03, 0x00, 0x80, 0x03, 0x00, 0x80, 0xFF, 0x00, 0x80, 0xFF, 0x00, 0x80, 0xFF, 0x00 };
const uint8_t g_0_93[] PROGMEM = { 0x00, 0x00, 0x00, 0x80, 0xFF, 0x00, 0x80, 0xFF, 0x00, 0x80, 0x3B, 0x00, 0x80, 0x3B, 0x00, 0x80, 0x1F, 0x00, 0x00, 0x1F, 0x00, 0x00, 0x00, 0x00 };
const uint8_t g_0_94[] PROGMEM = { 0x00, 0x08, 0x00, 0x00, 0x3E, 0x00, 0x00, 0x7F, 0x00, 0x80, 0xE3, 0x00, 0x80, 0xE3, 0x00, 0x80, 0xE3, 0x00, 0x80, 0xE3, 0x00, 0x00, 0x63, 0x00, 0x00, 0x00, 0x00 };
const uint8_t g_0_95[] PROGMEM = { 0x80, 0x03, 0x00, 0x80, 0x03, 0x00, 0x80, 0xFF, 0x00, 0x80, 0xFF, 0x00, 0x80, 0xFF, 0x00, 0x80, 0x03, 0x00, 0x80, 0x03, 0x00 };
const uint8_t g_0_96[] PROGMEM = { 0x80, 0x00, 0x00, 0x80, 0x03, 0x00, 0x80, 0x8F, 0x00, 0x00, 0xFF, 0x00, 0x00, 0xFC, 0x00, 0x00, 0x7E, 0x00, 0x80, 0x1F, 0x00, 0x80, 0x07, 0x00, 0x80, 0x00, 0x00, 0x00, 0x00, 0x00 };
const uint8_t g_0_97[] PROGMEM = { 0x00, 0x1C, 0x00, 0x00, 0x3E, 0x00, 0x00, 0x7F, 0x00, 0x00, 0x63, 0x00, 0x80, 0xFF, 0x00, 0x80, 0xFF, 0x00, 0x80, 0xFF, 0x00, 0x00, 0x63, 0x00, 0x00, 0x7F, 0x00, 0x00, 0x3E, 0x00, 0x00, 0x1C, 0x00 };
const uint8_t g_0_98[] PROGMEM = { 0x00, 0x80, 0x00, 0x80, 0xC1, 0x00, 0x80, 0xF3, 0x00, 0x80, 0xFF, 0x00, 0x00, 0x3E, 0x00, 0x00, 0x7F, 0x00, 0x80, 0xF7, 0x00, 0x80, 0xE3, 0x00, 0x80, 0x80, 0x00, 0x00, 0x00, 0x00 };
const uint8_t g_0_99[] PROGMEM = { 0x00, 0x00, 0x00, 0x80, 0xFF, 0x00, 0x80, 0xFF, 0x00, 0x00, 0xC0, 0x00, 0x00, 0xC0, 0x00, 0x00, 0xC0, 0x00, 0x80, 0xFF, 0x00, 0x80, 0xFF, 0x00, 0x80, 0xFF, 0x03, 0x00, 0xC0, 0x03, 0x00, 0x00, 0x00 };
const uint8_t g_0_100[] PROGMEM = { 0x80, 0x07, 0x00, 0x80, 0x1F, 0x00, 0x80, 0x1F, 0x00, 0x00, 0x38, 0x00, 0x00, 0x18, 0x00, 0x80, 0xFF, 0x00, 0x80, 0xFF, 0x00, 0x00, 0x00, 0x00 };
const uint8_t g_0_101[] PROGMEM = { 0x00, 0x00, 0x00, 0x80, 0xFF, 0x00, 0x80, 0xFF, 0x00, 0x00, 0xC0, 0x00, 0x00, 0xC0, 0x00, 0x80, 0xFF, 0x00, 0x80, 0xFF, 0x00, 0x80, 0xFF, 0x00, 0x00, 0xC0, 0x00, 0x00, 0xC0, 0x00, 0x80, 0xFF, 0x00, 0x80, 0xFF, 0x00, 0x80, 0xFF, 0x00 };
const uint8_t g_0_102[] PROGMEM = { 0x00, 0x00, 0x00, 0x80, 0xFF, 0x00, 0x80, 0xFF, 0x00, 0x00, 0xC0, 0x00, 0x00, 0xC0, 0x00, 0x80, 0xFF, 0x00, 0x80, 0xFF, 0x00, 0x80, 0xFF, 0x00, 0x00, 0xC0, 0x00, 0x00, 0xC0, 0x00, 0x80, 0xFF, 0x00, 0x80, 0xFF, 0x00, 0x80, 0xFF, 0x03, 0x00, 0xC0, 0x03, 0x00, 0x00, 0x00 };
const uint8_t g_0_103[] PROGMEM = { 0x80, 0x03, 0x00, 0x80, 0x03, 0x00, 0x80, 0xFF, 0x00, 0x80, 0xFF, 0x00, 0x80, 0xFF, 0x00, 0x00, 0xCE, 0x00, 0x00, 0xFC, 0x00, 0x00, 0x7C, 0x00, 0x00, 0x30, 0x00 };
const uint8_t g_0_104[] PROGMEM = { 0x00, 0x00, 0x00, 0x80, 0xFF, 0x00, 0x80, 0xFF, 0x00, 0x00, 0xCE, 0x00, 0x00, 0xEE, 0x00, 0x00, 0xFC, 0x00, 0x00, 0x7C, 0x00, 0x00, 0x00, 0x00, 0x80, 0xFF, 0x00, 0x80, 0xFF, 0x00, 0x80, 0xFF, 0x00 };
const uint8_t g_0_105[] PROGMEM = { 0x00, 0x00, 0x00, 0x80, 0xFF, 0x00, 0x80, 0xFF, 0x00, 0x00, 0xCE, 0x00, 0x00, 0xEE, 0x00, 0x00, 0xFC, 0x00, 0x00, 0x7C, 0x00, 0x00, 0x00, 0x00 };
const uint8_t g_0_106[] PROGMEM = { 0x00, 0x00, 0x00, 0x00, 0x63, 0x00, 0x80, 0xE3, 0x00, 0x80, 0xEF, 0x00, 0x80, 0xEF, 0x00, 0x80, 0xEF, 0x00, 0x00, 0x7F, 0x00, 0x00, 0x3E, 0x00, 0x00, 0x00, 0x00 };
const uint8_t g_0_107[] PROGMEM = { 0x00, 0x00, 0x00, 0x80, 0xFF, 0x00, 0x80, 0xFF, 0x00, 0x00, 0x1C, 0x00, 0x00, 0x1C, 0x00, 0x00, 0x7F, 0x00, 0x80, 0xFF, 0x00, 0x80, 0xE3, 0x00, 0x80, 0xE3, 0x00, 0x80, 0xE3, 0x00, 0x00, 0x7F, 0x00, 0x00, 0x7F, 0x00, 0x00, 0x1C, 0x00 };
const uint8_t g_0_108[] PROGMEM = { 0x00, 0xC0, 0x00, 0x00, 0xFF, 0x00, 0x80, 0xFF, 0x00, 0x80, 0x7B, 0x00, 0x80, 0x1B, 0x00, 0x80, 0xFF, 0x00, 0x80, 0xFF, 0x00, 0x00, 0x00, 0x00 };
const uint8_t g_0_109[] PROGMEM = { 0x00, 0x60, 0x00, 0x00, 0xEC, 0x00, 0x00, 0xEC, 0x00, 0x00, 0xFC, 0x00, 0x00, 0xFC, 0x00, 0x00, 0x00, 0x00 };
const uint8_t g_0_110[] PROGMEM = { 0x00, 0x38, 0x00, 0x00, 0xFE, 0x00, 0x00, 0xDA, 0x00, 0x00, 0xDB, 0x00, 0x00, 0xFB, 0x00, 0x00, 0x73, 0x00, 0x00, 0x00, 0x00 };
const uint8_t g_0_111[] PROGMEM = { 0x00, 0xFC, 0x00, 0x00, 0xFC, 0x00, 0x00, 0xFC, 0x00, 0x00, 0xFC, 0x00, 0x00, 0xFC, 0x00, 0x00, 0x40, 0x00 };
const uint8_t g_0_112[] PROGMEM = { 0x00, 0xFC, 0x00, 0x00, 0xFC, 0x00, 0x00, 0xFC, 0x00, 0x00, 0x0C, 0x00, 0x00, 0x0C, 0x00 };
const uint8_t g_0_113[] PROGMEM = { 0x00, 0xC0, 0x01, 0x00, 0xFC, 0x01, 0x00, 0xFC, 0x00, 0x00, 0xCC, 0x00, 0x00, 0xFC, 0x00, 0x00, 0xFC, 0x01, 0x00, 0xC0, 0x01, 0x00, 0x00, 0x00 };
const uint8_t g_0_114[] PROGMEM = { 0x00, 0x30, 0x00, 0x00, 0xFC, 0x00, 0x00, 0xFC, 0x00, 0x00, 0xFC, 0x00, 0x00, 0xFC, 0x00, 0x00, 0x30, 0x00 };
const uint8_t g_0_115[] PROGMEM = { 0x00, 0x30, 0x00, 0x80, 0xFD, 0x00, 0x80, 0xFD, 0x00, 0x80, 0xFD, 0x00, 0x80, 0xFD, 0x00, 0x00, 0x30, 0x00 };
const uint8_t g_0_116[] PROGMEM = { 0x00, 0xC4, 0x00, 0x00, 0xEC, 0x00, 0x00, 0x7C, 0x00, 0x00, 0x30, 0x00, 0x00, 0xFC, 0x00, 0x00, 0xFC, 0x00, 0x00, 0x78, 0x00, 0x00, 0xFC, 0x00, 0x00, 0xCC, 0x00, 0x00, 0x00, 0x00 };
const uint8_t g_0_117[] PROGMEM = { 0x00, 0x00, 0x00, 0x00, 0xCC, 0x00, 0x00, 0xFC, 0x00, 0x00, 0xFC, 0x00, 0x00, 0x68, 0x00 };
const uint8_t g_0_118[] PROGMEM = { 0x00, 0xFC, 0x00, 0x00, 0xFC, 0x00, 0x00, 0xFC, 0x00, 0x00, 0x38, 0x00, 0x00, 0xFC, 0x00, 0x00, 0xFC, 0x00 };
const uint8_t g_0_119[] PROGMEM = { 0x00, 0xFC, 0x00, 0x80, 0xFD, 0x00, 0x00, 0xFD, 0x00, 0x00, 0x39, 0x00, 0x80, 0xFD, 0x00, 0x00, 0xFC, 0x00 };
const uint8_t g_0_120[] PROGMEM = { 0x00, 0xFC, 0x00, 0x00, 0xFC, 0x00, 0x00, 0xFC, 0x00, 0x00, 0x78, 0x00, 0x00, 0xFC, 0x00, 0x00, 0xC4, 0x00, 0x00, 0x00, 0x00 };
const uint8_t g_0_121[] PROGMEM = { 0x00, 0xC0, 0x00, 0x00, 0xFC, 0x00, 0x00, 0x7C, 0x00, 0x00, 0x0C, 0x00, 0x00, 0xFC, 0x00, 0x00, 0xFC, 0x00, 0x00, 0x00, 0x00 };
const uint8_t g_0_122[] PROGMEM = { 0x00, 0xC0, 0x00, 0x00, 0xFC, 0x00, 0x00, 0xFC, 0x00, 0x00, 0x78, 0x00, 0x00, 0x78, 0x00, 0x00, 0x1C, 0x00, 0x00, 0xFC, 0x00, 0x00, 0xF0, 0x00 };
const uint8_t g_0_123[] PROGMEM = { 0x00, 0xFC, 0x00, 0x00, 0xFC, 0x00, 0x00, 0xFC, 0x00, 0x00, 0x30, 0x00, 0x00, 0xFC, 0x00, 0x00, 0xFC, 0x00, 0x00, 0x00, 0x00 };
const uint8_t g_0_124[] PROGMEM = { 0x00, 0x30, 0x00, 0x00, 0x78, 0x00, 0x00, 0xFC, 0x00, 0x00, 0xCC, 0x00, 0x00, 0xFC, 0x00, 0x00, 0x78, 0x00 };
const uint8_t g_0_125[] PROGMEM = { 0x00, 0xFC, 0x00, 0x00, 0xFC, 0x00, 0x00, 0xFC, 0x00, 0x00, 0x0C, 0x00, 0x00, 0xFC, 0x00, 0x00, 0xFC, 0x00, 0x00, 0x00, 0x00 };
const uint8_t g_0_126[] PROGMEM = { 0x00, 0xFC, 0x07, 0x00, 0xFC, 0x07, 0x00, 0xF8, 0x07, 0x00, 0xCC, 0x00, 0x00, 0xFC, 0x00, 0x00, 0x78, 0x00, 0x00, 0x00, 0x00 };
const uint8_t g_0_127[] PROGMEM = { 0x00, 0x30, 0x00, 0x00, 0x78, 0x00, 0x00, 0xCC, 0x00, 0x00, 0xCC, 0x00, 0x00, 0xCC, 0x00, 0x00, 0x00, 0x00 };
const uint8_t g_0_128[] PROGMEM = { 0x00, 0x0C, 0x00, 0x00, 0x0C, 0x00, 0x00, 0xFC, 0x00, 0x00, 0xFC, 0x00, 0x00, 0x0C, 0x00, 0x00, 0x00, 0x00 };
const uint8_t g_0_129[] PROGMEM = { 0x00, 0x04, 0x00, 0x00, 0x3C, 0x04, 0x00, 0xFC, 0x07, 0x00, 0xF0, 0x03, 0x00, 0xFC, 0x00, 0x00, 0x1C, 0x00, 0x00, 0x00, 0x00 };
const uint8_t g_0_130[] PROGMEM = { 0x00, 0x30, 0x00, 0x00, 0xF8, 0x00, 0x00, 0xDC, 0x00, 0x80, 0xFF, 0x07, 0x80, 0xFF, 0x07, 0x00, 0xCC, 0x00, 0x00, 0xF8, 0x00, 0x00, 0x78, 0x00, 0x00, 0x00, 0x00 };
const uint8_t g_0_131[] PROGMEM = { 0x00, 0x84, 0x00, 0x00, 0xCC, 0x00, 0x00, 0xFC, 0x00, 0x00, 0x78, 0x00, 0x00, 0xFC, 0x00, 0x00, 0xCC, 0x00, 0x00, 0x84, 0x00 };
const uint8_t g_0_132[] PROGMEM = { 0x00, 0xFC, 0x00, 0x00, 0xFC, 0x00, 0x00, 0xFC, 0x00, 0x00, 0xC0, 0x00, 0x00, 0xFC, 0x00, 0x00, 0xFC, 0x01, 0x00, 0xC0, 0x01 };
const uint8_t g_0_133[] PROGMEM = { 0x00, 0x1C, 0x00, 0x00, 0x3C, 0x00, 0x00, 0x7C, 0x00, 0x00, 0x30, 0x00, 0x00, 0xFC, 0x00, 0x00, 0xFC, 0x00 };
const uint8_t g_0_134[] PROGMEM = { 0x00, 0xFC, 0x00, 0x00, 0xFC, 0x00, 0x00, 0xFC, 0x00, 0x00, 0xC0, 0x00, 0x00, 0xFC, 0x00, 0x00, 0xFC, 0x00, 0x00, 0xC0, 0x00, 0x00, 0xFC, 0x00, 0x00, 0xFC, 0x00 };
const uint8_t g_0_135[] PROGMEM = { 0x00, 0xFC, 0x00, 0x00, 0xFC, 0x00, 0x00, 0xFC, 0x00, 0x00, 0xC0, 0x00, 0x00, 0xFC, 0x00, 0x00, 0xFC, 0x00, 0x00, 0xC0, 0x00, 0x00, 0xFC, 0x00, 0x00, 0xFC, 0x01, 0x00, 0xC0, 0x01 };
const uint8_t g_0_136[] PROGMEM = { 0x00, 0x0C, 0x00, 0x00, 0x0C, 0x00, 0x00, 0xFC, 0x00, 0x00, 0xFC, 0x00, 0x00, 0xD0, 0x00, 0x00, 0xF0, 0x00, 0x00, 0x70, 0x00 };
const uint8_t g_0_137[] PROGMEM = { 0x00, 0xFC, 0x00, 0x00, 0xFC, 0x00, 0x00, 0xFC, 0x00, 0x00, 0xF0, 0x00, 0x00, 0xF0, 0x00, 0x00, 0x60, 0x00, 0x00, 0xFC, 0x00, 0x00, 0xFC, 0x00, 0x00, 0x00, 0x00 };
const uint8_t g_0_138[] PROGMEM = { 0x00, 0xFC, 0x00, 0x00, 0xFC, 0x00, 0x00, 0xFC, 0x00, 0x00, 0xF0, 0x00, 0x00, 0xF0, 0x00, 0x00, 0x60, 0x00 };
const uint8_t g_0_139[] PROGMEM = { 0x00, 0x48, 0x00, 0x00, 0xCC, 0x00, 0x00, 0xFC, 0x00, 0x00, 0xFC, 0x00, 0x00, 0x78, 0x00, 0x00, 0x00, 0x00 };
const uint8_t g_0_140[] PROGMEM = { 0x00, 0xFC, 0x00, 0x00, 0xFC, 0x00, 0x00, 0xFC, 0x00, 0x00, 0x78, 0x00, 0x00, 0xFC, 0x00, 0x00, 0xCC, 0x00, 0x00, 0xFC, 0x00, 0x00, 0x78, 0x00, 0x00, 0x00, 0x00 };
const uint8_t g_0_141[] PROGMEM = { 0x00, 0xD0, 0x00, 0x00, 0xFC, 0x00, 0x00, 0x7C, 0x00, 0x00, 0x2C, 0x00, 0x00, 0xFC, 0x00, 0x00, 0xFC, 0x00 };

const uint8_t g_1_0[] PROGMEM = { 0x00, 0x00, 0x00, 0x00, 0x00, 0x00, 0x00, 0x00, 0x00 };
const uint8_t g_1_1[] PROGMEM = { 0x00, 0x00, 0x00, 0x80, 0x01, 0x00, 0x80, 0xD1, 0x00, 0x80, 0xDD, 0x00, 0x80, 0x0F, 0x00, 0x00, 0x07, 0x00, 0x00, 0x00, 0x00 };
const uint8_t g_1_2[] PROGMEM = { 0x00, 0x00, 0x00, 0x80, 0x5F, 0x00, 0x80, 0x5F, 0x00, 0x00, 0x00, 0x00 };
const uint8_t g_1_3[] PROGMEM = { 0x00, 0x02, 0x00, 0x80, 0x01, 0x00, 0x00, 0x00, 0x00, 0x80, 0x03, 0x00, 0x00, 0x00, 0x00 };
const uint8_t g_1_4[] PROGMEM = { 0x00, 0x02, 0x00, 0x80, 0x01, 0x00, 0x00, 0x00, 0x00 };
const uint8_t g_1_5[] PROGMEM = { 0x00, 0x00, 0x02, 0x00, 0xC0, 0x03, 0x00, 0x40, 0x00 };
const uint8_t g_1_6[] PROGMEM = { 0x00, 0x30, 0x00, 0x00, 0x30, 0x00, 0x00, 0x30, 0x00, 0x00, 0x30, 0x00, 0x00, 0x00, 0x00 };
const uint8_t g_1_7[] PROGMEM = { 0x00, 0x00, 0x02, 0x00, 0x00, 0x02, 0x00, 0x00, 0x02, 0x00, 0x00, 0x02, 0x00, 0x00, 0x02, 0x00, 0x00, 0x02, 0x00, 0x00, 0x02, 0x00, 0x00, 0x00, 0x00, 0x00, 0x00, 0x00, 0x00, 0x00 };
const uint8_t g_1_8[] PROGMEM = { 0x00, 0x00, 0x00, 0x00, 0xC0, 0x00, 0x00, 0x00, 0x00 };
const uint8_t g_1_9[] PROGMEM = { 0x00, 0x00, 0x01, 0x00, 0xE0, 0x01, 0x00, 0x38, 0x00, 0x00, 0x0E, 0x00, 0x80, 0x03, 0x00, 0x00, 0x00, 0x00 };
const uint8_t g_1_10[] PROGMEM = { 0x00, 0x00, 0x00, 0x00, 0x7F, 0x00, 0x80, 0xFF, 0x00, 0x80, 0xC1, 0x00, 0x80, 0xC1, 0x00, 0x00, 0x7F, 0x00, 0x00, 0x3E, 0x00 };
const uint8_t g_1_11[] PROGMEM = { 0x00, 0x02, 0x00, 0x00, 0xC3, 0x00, 0x00, 0xC3, 0x00, 0x80, 0xFF, 0x00, 0x80, 0xFF, 0x00, 0x00, 0xC0, 0x00, 0x00, 0xC0, 0x00 };
const uint8_t g_1_12[] PROGMEM = { 0x00, 0x00, 0x00, 0x00, 0xC3, 0x00, 0x80, 0xE1, 0x00, 0x80, 0xF1, 0x00, 0x80, 0xDF, 0x00, 0x00, 0xCF, 0x00, 0x00, 0xC2, 0x00 };
const uint8_t g_1_13[] PROGMEM = { 0x00, 0x00, 0x00, 0x80, 0x41, 0x00, 0x80, 0xCD, 0x00, 0x80, 0xCF, 0x00, 0x80, 0xFF, 0x00, 0x80, 0x79, 0x00, 0x00, 0x00, 0x00 };
const uint8_t g_1_14[] PROGMEM = { 0x00, 0x20, 0x00, 0x00, 0x38, 0x00, 0x00, 0x2C, 0x00, 0x00, 0x26, 0x00, 0x80, 0xFF, 0x00, 0x80, 0xFF, 0x00, 0x00, 0x20, 0x00, 0x00, 0x00, 0x00 };
const uint8_t g_1_15[] PROGMEM = { 0x00, 0x00, 0x00, 0x00, 0x6F, 0x00, 0x80, 0xCF, 0x00, 0x80, 0xCD, 0x00, 0x80, 0xFD, 0x00, 0x80, 0x79, 0x00, 0x00, 0x00, 0x00 };
const uint8_t g_1_16[] PROGMEM = { 0x00, 0x00, 0x00, 0x00, 0x7E, 0x00, 0x00, 0xFF, 0x00, 0x80, 0xC5, 0x00, 0x80, 0xCD, 0x00, 0x80, 0xFD, 0x00, 0x00, 0x78, 0x00 };
const uint8_t g_1_17[] PROGMEM = { 0x80, 0x01, 0x00, 0x80, 0x41, 0x00, 0x80, 0x71, 0x00, 0x80, 0x7D, 0x00, 0x80, 0x0F, 0x00, 0x80, 0x03, 0x00, 0x80, 0x00, 0x00 };
const uint8_t g_1_18[] PROGMEM = { 0x00, 0x00, 0x00, 0x00, 0x77, 0x00, 0x80, 0xFF, 0x00, 0x80, 0xC9, 0x00, 0x80, 0xCD, 0x00, 0x80, 0xFF, 0x00, 0x00, 0x72, 0x00 };
const uint8_t g_1_19[] PROGMEM = { 0x00, 0x00, 0x00, 0x00, 0x0F, 0x00, 0x80, 0xDF, 0x00, 0x80, 0xD1, 0x00, 0x80, 0xF9, 0x00, 0x00, 0x7F, 0x00, 0x00, 0x1E, 0x00 };
const uint8_t g_1_20[] PROGMEM = { 0x00, 0x00, 0x00, 0x00, 0x7E, 0x00, 0x00, 0xC3, 0x00, 0x80, 0xBD, 0x01, 0x80, 0x7E, 0x01, 0x80, 0x66, 0x01, 0x80, 0x66, 0x00, 0x80, 0x7E, 0x00, 0x80, 0x43, 0x00, 0x00, 0x23, 0x00, 0x00, 0x1E, 0x00 };
const uint8_t g_1_21[] PROGMEM = { 0x00, 0x80, 0x00, 0x00, 0xF0, 0x00, 0x00, 0x7E, 0x00, 0x80, 0x3F, 0x00, 0x80, 0x37, 0x00, 0x00, 0x3F, 0x00, 0x00, 0xF8, 0x00, 0x00, 0xC0, 0x00, 0x00, 0x00, 0x00 };
const uint8_t g_1_22[] PROGMEM = { 0x00, 0x00, 0x00, 0x80, 0xFF, 0x00, 0x80, 0xFF, 0x00, 0x80, 0xC9, 0x00, 0x80, 0xCF, 0x00, 0x80, 0xFF, 0x00, 0x00, 0x70, 0x00 };
const uint8_t g_1_23[] PROGMEM = { 0x00, 0x00, 0x00, 0x00, 0x3E, 0x00, 0x00, 0x7F, 0x00, 0x80, 0xC1, 0x00, 0x80, 0xC1, 0x00, 0x80, 0xC1, 0x00, 0x80, 0xE3, 0x00, 0x00, 0x63, 0x00, 0x00, 0x00, 0x00 };
const uint8_t g_1_24[] PROGMEM = { 0x00, 0x00, 0x00, 0x80, 0xFF, 0x00, 0x80, 0xFF, 0x00, 0x80, 0xC1, 0x00, 0x80, 0xC1, 0x00, 0x80, 0xE3, 0x00, 0x00, 0x7F, 0x00, 0x00, 0x3E, 0x00, 0x00, 0x00, 0x00 };
const uint8_t g_1_25[] PROGMEM = { 0x00, 0x00, 0x00, 0x80, 0xFF, 0x00, 0x80, 0xFF, 0x00, 0x80, 0xCD, 0x00, 0x80, 0xCD, 0x00, 0x80, 0xC1, 0x00 };
const uint8_t g_1_26[] PROGMEM = { 0x00, 0x00, 0x00, 0x80, 0xFF, 0x00, 0x80, 0xFF, 0x00, 0x80, 0x19, 0x00, 0x80, 0x19, 0x00, 0x80, 0x01, 0x00 };
const uint8_t g_1_27[] PROGMEM = { 0x00, 0x00, 0x00, 0x00, 0x3E, 0x00, 0x00, 0x7F, 0x00, 0x80, 0xC1, 0x00, 0x80, 0xC1, 0x00, 0x80, 0xC9, 0x00, 0x80, 0xFB, 0x00, 0x00, 0x7B, 0x00, 0x00, 0x38, 0x00 };
const uint8_t g_1_28[] PROGMEM = { 0x00, 0x00, 0x00, 0x80, 0xFF, 0x00, 0x80, 0xFF, 0x00, 0x00, 0x0C, 0x00, 0x00, 0x0C, 0x00, 0x00, 0x0C, 0x00, 0x80, 0xFF, 0x00, 0x80, 0xFF, 0x00, 0x00, 0x00, 0x00 };
const uint8_t g_1_29[] PROGMEM = { 0x00, 0x00, 0x00, 0x80, 0xFF, 0x00, 0x80, 0xFF, 0x00 };
const uint8_t g_1_30[] PROGMEM = { 0x00, 0x40, 0x00, 0x00, 0x40, 0x00, 0x00, 0xC0, 0x00, 0x80, 0x7F, 0x00, 0x80, 0x7F, 0x00, 0x00, 0x00, 0x00 };
const uint8_t g_1_31[] PROGMEM = { 0x00, 0x00, 0x00, 0x80, 0xFF, 0x00, 0x80, 0xFF, 0x00, 0x00, 0x0C, 0x00, 0x00, 0x3E, 0x00, 0x80, 0x77, 0x00, 0x80, 0xE1, 0x00, 0x80, 0xC0, 0x00, 0x00, 0x00, 0x00 };
const uint8_t g_1_32[] PROGMEM = { 0x00, 0x00, 0x00, 0x80, 0xFF, 0x00, 0x80, 0xFF, 0x00, 0x00, 0xC0, 0x00, 0x00, 0xC0, 0x00, 0x00, 0xC0, 0x00, 0x00, 0x00, 0x00 };
const uint8_t g_1_33[] PROGMEM = { 0x00, 0x00, 0x00, 0x80, 0xFF, 0x00, 0x80, 0xFF, 0x00, 0x00, 0x1F, 0x00, 0x00, 0x7C, 0x00, 0x00, 0xF0, 0x00, 0x00, 0x7C, 0x00, 0x80, 0x0F, 0x00, 0x80, 0xFF, 0x00, 0x80, 0xFF, 0x00, 0x00, 0x00, 0x00 };
const uint8_t g_1_34[] PROGMEM = { 0x00, 0x00, 0x00, 0x80, 0xFF, 0x00, 0x00, 0xFF, 0x00, 0x00, 0x0E, 0x00, 0x00, 0x1C, 0x00, 0x00, 0x38, 0x00, 0x80, 0x7F, 0x00, 0x80, 0xFF, 0x00, 0x00, 0x00, 0x00 };
const uint8_t g_1_35[] PROGMEM = { 0x00, 0x00, 0x00, 0x00, 0x3E, 0x00, 0x00, 0x7F, 0x00, 0x80, 0xC1, 0x00, 0x80, 0xC1, 0x00, 0x80, 0xC1, 0x00, 0x80, 0xE3, 0x00, 0x00, 0x7F, 0x00, 0x00, 0x3E, 0x00, 0x00, 0x00, 0x00 };
const uint8_t g_1_36[] PROGMEM = { 0x00, 0x00, 0x00, 0x80, 0xFF, 0x00, 0x80, 0xFF, 0x00, 0x80, 0x19, 0x00, 0x80, 0x19, 0x00, 0x80, 0x1F, 0x00, 0x00, 0x06, 0x00 };
const uint8_t g_1_37[] PROGMEM = { 0x00, 0x00, 0x00, 0x00, 0x3E, 0x00, 0x00, 0x7F, 0x00, 0x80, 0xC1, 0x00, 0x80, 0xC1, 0x00, 0x80, 0xE1, 0x00, 0x80, 0xE3, 0x00, 0x00, 0xFF, 0x00, 0x00, 0xBE, 0x01, 0x00, 0x80, 0x01 };
const uint8_t g_1_38[] PROGMEM = { 0x00, 0x00, 0x00, 0x80, 0xFF, 0x00, 0x80, 0xFF, 0x00, 0x80, 0x19, 0x00, 0x80, 0x79, 0x00, 0x80, 0xEF, 0x00, 0x00, 0xC6, 0x00, 0x00, 0x00, 0x00 };
const uint8_t g_1_39[] PROGMEM = { 0x00, 0x40, 0x00, 0x00, 0xEF, 0x00, 0x80, 0xCF, 0x00, 0x80, 0xCD, 0x00, 0x80, 0xD9, 0x00, 0x00, 0x79, 0x00, 0x00, 0x00, 0x00 };
const uint8_t g_1_40[] PROGMEM = { 0x80, 0x01, 0x00, 0x80, 0x01, 0x00, 0x80, 0xFF, 0x00, 0x80, 0xFF, 0x00, 0x80, 0xFF, 0x00, 0x80, 0x01, 0x00, 0x80, 0x01, 0x00 };
const uint8_t g_1_41[] PROGMEM = { 0x00, 0x00, 0x00, 0x80, 0x7F, 0x00, 0x80, 0x7F, 0x00, 0x00, 0xC0, 0x00, 0x00, 0xC0, 0x00, 0x00, 0xC0, 0x00, 0x80, 0xFF, 0x00, 0x80, 0x7F, 0x00, 0x00, 0x00, 0x00 };
const uint8_t g_1_42[] PROGMEM = { 0x80, 0x00, 0x00, 0x80, 0x07, 0x00, 0x00, 0x3F, 0x00, 0x00, 0xF8, 0x00, 0x00, 0xF0, 0x00, 0x00, 0x7E, 0x00, 0x80, 0x0F, 0x00, 0x80, 0x01, 0x00, 0x00, 0x00, 0x00 };
const uint8_t g_1_43[] PROGMEM = { 0x80, 0x00, 0x00, 0x80, 0x0F, 0x00, 0x00, 0x7F, 0x00, 0x00, 0xF0, 0x00, 0x00, 0xFC, 0x00, 0x80, 0x1F, 0x00, 0x80, 0x07, 0x00, 0x00, 0x7F, 0x00, 0x00, 0xF0, 0x00, 0x00, 0xFC, 0x00, 0x80, 0x1F, 0x00, 0x80, 0x03, 0x00, 0x00, 0x00, 0x00 };
const uint8_t g_1_44[] PROGMEM = { 0x00, 0x80, 0x00, 0x80, 0xC1, 0x00, 0x80, 0xF3, 0x00, 0x00, 0x7F, 0x00, 0x00, 0x1E, 0x00, 0x00, 0x7F, 0x00, 0x80, 0xE3, 0x00, 0x80, 0xC1, 0x00, 0x00, 0x00, 0x00 };
const uint8_t g_1_45[] PROGMEM = { 0x80, 0x00, 0x00, 0x80, 0x03, 0x00, 0x80, 0x0F, 0x00, 0x00, 0xFC, 0x00, 0x00, 0xFC, 0x00, 0x80, 0x0F, 0x00, 0x80, 0x03, 0x00, 0x80, 0x00, 0x00 };
const uint8_t g_1_46[] PROGMEM = { 0x80, 0xC1, 0x00, 0x80, 0xE1, 0x00, 0x80, 0xF9, 0x00, 0x80, 0xFD, 0x00, 0x80, 0xCF, 0x00, 0x80, 0xC3, 0x00, 0x80, 0xC1, 0x00, 0x00, 0x00, 0x00 };
const uint8_t g_1_47[] PROGMEM = { 0x80, 0xFF, 0x03, 0x80, 0xFF, 0x03, 0x80, 0x00, 0x02, 0x80, 0x00, 0x02 };
const uint8_t g_1_48[] PROGMEM = { 0x80, 0x00, 0x00, 0x80, 0x07, 0x00, 0x00, 0x1C, 0x00, 0x00, 0x70, 0x00, 0x00, 0xC0, 0x01, 0x00, 0x00, 0x00 };
const uint8_t g_1_49[] PROGMEM = { 0x80, 0x00, 0x02, 0x80, 0x00, 0x02, 0x80, 0xFF, 0x03, 0x80, 0xFF, 0x03 };
const uint8_t g_1_50[] PROGMEM = { 0x00, 0x60, 0x00, 0x00, 0xFC, 0x00, 0x00, 0x94, 0x00, 0x00, 0x5C, 0x00, 0x00, 0xFC, 0x00, 0x00, 0x00, 0x00 };
const uint8_t g_1_51[] PROGMEM = { 0x00, 0x00, 0x00, 0xC0, 0x7F, 0x00, 0x00, 0x66, 0x00, 0x00, 0x66, 0x00, 0x00, 0x7E, 0x00, 0x00, 0x3C, 0x00, 0x00, 0x00, 0x00 };
const uint8_t g_1_52[] PROGMEM = { 0x00, 0x30, 0x00, 0x00, 0x78, 0x00, 0x00, 0xCC, 0x00, 0x00, 0xCC, 0x00, 0x00, 0xCC, 0x00, 0x00, 0x00, 0x00 };
const uint8_t g_1_53[] PROGMEM = { 0x00, 0x18, 0x00, 0x00, 0x7E, 0x00, 0x00, 0x66, 0x00, 0x00, 0x46, 0x00, 0xC0, 0x7F, 0x00, 0xC0, 0x7F, 0x00, 0x00, 0x00, 0x00 };
const uint8_t g_1_54[] PROGMEM = { 0x00, 0x30, 0x00, 0x00, 0xF8, 0x00, 0x00, 0xEC, 0x00, 0x00, 0xA4, 0x00, 0x00, 0xFC, 0x00, 0x00, 0x38, 0x00 };
const uint8_t g_1_55[] PROGMEM = { 0x00, 0x04, 0x00, 0x80, 0xFF, 0x00, 0xC0, 0xFF, 0x00, 0x40, 0x04, 0x00, 0x40, 0x00, 0x00 };
const uint8_t g_1_56[] PROGMEM = { 0x00, 0x30, 0x00, 0x00, 0xFC, 0x06, 0x00, 0xCC, 0x04, 0x00, 0xCC, 0x04, 0x00, 0xFC, 0x07, 0x00, 0xFC, 0x03, 0x00, 0x00, 0x00 };
const uint8_t g_1_57[] PROGMEM = { 0x00, 0x00, 0x00, 0xC0, 0x7F, 0x00, 0x00, 0x06, 0x00, 0x00, 0x06, 0x00, 0x00, 0x7E, 0x00, 0x00, 0x7C, 0x00, 0x00, 0x00, 0x00 };
const uint8_t g_1_58[] PROGMEM = { 0x00, 0x00, 0x00, 0x80, 0xFD, 0x00, 0x00, 0x00, 0x00 };
const uint8_t g_1_59[] PROGMEM = { 0x00, 0x00, 0x00, 0x80, 0xFD, 0x03, 0x00, 0x00, 0x00 };
const uint8_t g_1_60[] PROGMEM = { 0x00, 0x00, 0x00, 0xC0, 0xFF, 0x00, 0x00, 0x30, 0x00, 0x00, 0x78, 0x00, 0x00, 0xEC, 0x00, 0x00, 0xC4, 0x00, 0x00, 0x00, 0x00 };
const uint8_t g_1_61[] PROGMEM = { 0x00, 0x00, 0x00, 0x80, 0xFF, 0x00, 0x00, 0x00, 0x00 };
const uint8_t g_1_62[] PROGMEM = { 0x00, 0x00, 0x00, 0x00, 0xFC, 0x00, 0x00, 0x08, 0x00, 0x00, 0x0C, 0x00, 0x00, 0xFC, 0x00, 0x00, 0xF8, 0x00, 0x00, 0x0C, 0x00, 0x00, 0xFC, 0x00, 0x00, 0xFC, 0x00, 0x00, 0x00, 0x00 };
const uint8_t g_1_63[] PROGMEM = { 0x00, 0x00, 0x00, 0x00, 0xFC, 0x00, 0x00, 0x08, 0x00, 0x00, 0x0C, 0x00, 0x00, 0xFC, 0x00, 0x00, 0xF8, 0x00, 0x00, 0x00, 0x00 };
const uint8_t g_1_64[] PROGMEM = { 0x00, 0x30, 0x00, 0x00, 0x78, 0x00, 0x00, 0xCC, 0x00, 0x00, 0xCC, 0x00, 0x00, 0xFC, 0x00, 0x00, 0x78, 0x00, 0x00, 0x00, 0x00 };
const uint8_t g_1_65[] PROGMEM = { 0x00, 0x00, 0x00, 0x00, 0xFC, 0x07, 0x00, 0xCC, 0x00, 0x00, 0xCC, 0x00, 0x00, 0xFC, 0x00, 0x00, 0x78, 0x00, 0x00, 0x00, 0x00 };
const uint8_t g_1_66[] PROGMEM = { 0x00, 0x30, 0x00, 0x00, 0xFC, 0x00, 0x00, 0xCC, 0x00, 0x00, 0xCC, 0x00, 0x00, 0xFC, 0x07, 0x00, 0xFC, 0x07, 0x00, 0x00, 0x00 };
const uint8_t g_1_67[] PROGMEM = { 0x00, 0x00, 0x00, 0x00, 0xFC, 0x00, 0x00, 0x0C, 0x00, 0x00, 0x0C, 0x00 };
const uint8_t g_1_68[] PROGMEM = { 0x00, 0x00, 0x00, 0x00, 0xDC, 0x00, 0x00, 0xB4, 0x00, 0x00, 0xFC, 0x00, 0x00, 0x60, 0x00 };
const uint8_t g_1_69[] PROGMEM = { 0x00, 0x04, 0x00, 0x00, 0x7F, 0x00, 0x00, 0xFF, 0x00, 0x00, 0x84, 0x00, 0x00, 0x00, 0x00 };
const uint8_t g_1_70[] PROGMEM = { 0x00, 0x00, 0x00, 0x00, 0xFC, 0x00, 0x00, 0xC0, 0x00, 0x00, 0xC0, 0x00, 0x00, 0xFC, 0x00, 0x00, 0xFC, 0x00 };
const uint8_t g_1_71[] PROGMEM = { 0x00, 0x04, 0x00, 0x00, 0x3C, 0x00, 0x00, 0xF0, 0x00, 0x00, 0xE0, 0x00, 0x00, 0x7C, 0x00, 0x00, 0x0C, 0x00, 0x00, 0x00, 0x00 };
const uint8_t g_1_72[] PROGMEM = { 0x00, 0x04, 0x00, 0x00, 0x7C, 0x00, 0x00, 0xE0, 0x00, 0x00, 0xF8, 0x00, 0x00, 0x1C, 0x00, 0x00, 0xF8, 0x00, 0x00, 0xF0, 0x00, 0x00, 0x3C, 0x00, 0x00, 0x04, 0x00 };
const uint8_t g_1_73[] PROGMEM = { 0x00, 0x80, 0x00, 0x00, 0xCC, 0x00, 0x00, 0xFC, 0x00, 0x00, 0x78, 0x00, 0x00, 0xFC, 0x00, 0x00, 0x84, 0x00, 0x00, 0x00, 0x00 };
const uint8_t g_1_74[] PROGMEM = { 0x00, 0x04, 0x00, 0x00, 0x1C, 0x02, 0x00, 0xF8, 0x03, 0x00, 0xF0, 0x01, 0x00, 0x3C, 0x00, 0x00, 0x0C, 0x00, 0x00, 0x00, 0x00 };
const uint8_t g_1_75[] PROGMEM = { 0x00, 0x8C, 0x00, 0x00, 0xEC, 0x00, 0x00, 0xFC, 0x00, 0x00, 0xFC, 0x00, 0x00, 0xCC, 0x00, 0x00, 0xC0, 0x00 };
const uint8_t g_1_76[] PROGMEM = { 0x00, 0x80, 0x00, 0x00, 0xF0, 0x00, 0x00, 0x7E, 0x00, 0x80, 0x3F, 0x00, 0x80, 0x37, 0x00, 0x00, 0x3F, 0x00, 0x00, 0xF8, 0x00, 0x00, 0xC0, 0x00, 0x00, 0x00, 0x00 };
const uint8_t g_1_77[] PROGMEM = { 0x00, 0x00, 0x00, 0x80, 0xFF, 0x00, 0x80, 0xFF, 0x00, 0x80, 0xCD, 0x00, 0x80, 0xCD, 0x00, 0x80, 0xF9, 0x00, 0x00, 0x70, 0x00 };
const uint8_t g_1_78[] PROGMEM = { 0x00, 0x00, 0x00, 0x80, 0xFF, 0x00, 0x80, 0xFF, 0x00, 0x80, 0xC9, 0x00, 0x80, 0xCF, 0x00, 0x80, 0xFF, 0x00, 0x00, 0x70, 0x00 };
const uint8_t g_1_79[] PROGMEM = { 0x00, 0x00, 0x00, 0x80, 0xFF, 0x00, 0x80, 0xFF, 0x00, 0x80, 0x01, 0x00, 0x80, 0x01, 0x00, 0x80, 0x01, 0x00 };
const uint8_t g_1_80[] PROGMEM = { 0x00, 0xC0, 0x03, 0x00, 0xC0, 0x03, 0x80, 0xFF, 0x00, 0x80, 0xFF, 0x00, 0x80, 0xC1, 0x00, 0x80, 0xC1, 0x00, 0x80, 0xFF, 0x00, 0x80, 0xFF, 0x00, 0x00, 0xC0, 0x03, 0x00, 0xC0, 0x03 };
const uint8_t g_1_81[] PROGMEM = { 0x00, 0x00, 0x00, 0x80, 0xFF, 0x00, 0x80, 0xFF, 0x00, 0x80, 0xCD, 0x00, 0x80, 0xCD, 0x00, 0x80, 0xC1, 0x00 };
const uint8_t g_1_82[] PROGMEM = { 0x00, 0x00, 0x00, 0xB0, 0xFF, 0x00, 0xA0, 0xFF, 0x00, 0xA0, 0xCD, 0x00, 0xB0, 0xCD, 0x00, 0x80, 0xC1, 0x00 };
const uint8_t g_1_83[] PROGMEM = { 0x00, 0xC0, 0x00, 0x80, 0xE1, 0x00, 0x80, 0x77, 0x00, 0x00, 0x3F, 0x00, 0x00, 0x0C, 0x00, 0x80, 0xFF, 0x00, 0x80, 0xFF, 0x00, 0x00, 0x0C, 0x00, 0x00, 0x3E, 0x00, 0x80, 0x7F, 0x00, 0x80, 0xE1, 0x00, 0x00, 0xC0, 0x00, 0x00, 0x00, 0x00 };
const uint8_t g_1_84[] PROGMEM = { 0x00, 0x00, 0x00, 0x80, 0xC1, 0x00, 0x80, 0xCD, 0x00, 0x80, 0xCD, 0x00, 0x80, 0xFF, 0x00, 0x00, 0x77, 0x00, 0x00, 0x00, 0x00 };
const uint8_t g_1_85[] PROGMEM = { 0x00, 0x00, 0x00, 0x80, 0xFF, 0x00, 0x80, 0xFF, 0x00, 0x00, 0x38, 0x00, 0x00, 0x1C, 0x00, 0x00, 0x0E, 0x00, 0x80, 0xFF, 0x00, 0x80, 0xFF, 0x00, 0x00, 0x00, 0x00 };
const uint8_t g_1_86[] PROGMEM = { 0x00, 0x00, 0x00, 0x80, 0xFF, 0x00, 0x80, 0xFF, 0x00, 0x20, 0x38, 0x00, 0x20, 0x1C, 0x00, 0x30, 0x0E, 0x00, 0x80, 0xFF, 0x00, 0x80, 0xFF, 0x00, 0x00, 0x00, 0x00 };
const uint8_t g_1_87[] PROGMEM = { 0x00, 0x00, 0x00, 0x80, 0xFF, 0x00, 0x80, 0xFF, 0x00, 0x00, 0x0C, 0x00, 0x00, 0x3E, 0x00, 0x80, 0x77, 0x00, 0x80, 0xE1, 0x00, 0x80, 0xC0, 0x00, 0x00, 0x00, 0x00 };
const uint8_t g_1_88[] PROGMEM = { 0x00, 0xC0, 0x00, 0x00, 0xC0, 0x00, 0x80, 0x7F, 0x00, 0x80, 0x1F, 0x00, 0x80, 0x01, 0x00, 0x80, 0x01, 0x00, 0x80, 0xFF, 0x00, 0x80, 0xFF, 0x00, 0x00, 0x00, 0x00 };
const uint8_t g_1_89[] PROGMEM = { 0x00, 0x00, 0x00, 0x80, 0xFF, 0x00, 0x80, 0xFF, 0x00, 0x00, 0x1F, 0x00, 0x00, 0x7C, 0x00, 0x00, 0xF0, 0x00, 0x00, 0x7C, 0x00, 0x80, 0x0F, 0x00, 0x80, 0xFF, 0x00, 0x80, 0xFF, 0x00, 0x00, 0x00, 0x00 };
const uint8_t g_1_90[] PROGMEM = { 0x00, 0x00, 0x00, 0x80, 0xFF, 0x00, 0x80, 0xFF, 0x00, 0x00, 0x0C, 0x00, 0x00, 0x0C, 0x00, 0x00, 0x0C, 0x00, 0x80, 0xFF, 0x00, 0x80, 0xFF, 0x00, 0x00, 0x00, 0x00 };
const uint8_t g_1_91[] PROGMEM = { 0x00, 0x00, 0x00, 0x00, 0x3E, 0x00, 0x00, 0x7F, 0x00, 0x80, 0xC1, 0x00, 0x80, 0xC1, 0x00, 0x80, 0xC1, 0x00, 0x80, 0xE3, 0x00, 0x00, 0x7F, 0x00, 0x00, 0x3E, 0x00, 0x00, 0x00, 0x00 };
const uint8_t g_1_92[] PROGMEM = { 0x00, 0x00, 0x00, 0x80, 0xFF, 0x00, 0x80, 0xFF, 0x00, 0x80, 0x01, 0x00, 0x80, 0x01, 0x00, 0x80, 0x01, 0x00, 0x80, 0xFF, 0x00, 0x80, 0xFF, 0x00, 0x00, 0x00, 0x00 };
const uint8_t g_1_93[] PROGMEM = { 0x00, 0x00, 0x00, 0x80, 0xFF, 0x00, 0x80, 0xFF, 0x00, 0x80, 0x19, 0x00, 0x80, 0x19, 0x00, 0x80, 0x1F, 0x00, 0x00, 0x06, 0x00 };
const uint8_t g_1_94[] PROGMEM = { 0x00, 0x00, 0x00, 0x00, 0x3E, 0x00, 0x00, 0x7F, 0x00, 0x80, 0xC1, 0x00, 0x80, 0xC1, 0x00, 0x80, 0xC1, 0x00, 0x80, 0xE3, 0x00, 0x00, 0x63, 0x00, 0x00, 0x00, 0x00 };
const uint8_t g_1_95[] PROGMEM = { 0x80, 0x01, 0x00, 0x80, 0x01, 0x00, 0x80, 0xFF, 0x00, 0x80, 0xFF, 0x00, 0x80, 0xFF, 0x00, 0x80, 0x01, 0x00, 0x80, 0x01, 0x00 };
const uint8_t g_1_96[] PROGMEM = { 0x80, 0x00, 0x00, 0x80, 0x03, 0x00, 0x80, 0x8F, 0x00, 0x00, 0xFE, 0x00, 0x00, 0xF8, 0x00, 0x00, 0x3E, 0x00, 0x80, 0x0F, 0x00, 0x80, 0x01, 0x00, 0x00, 0x00, 0x00 };
const uint8_t g_1_97[] PROGMEM = { 0x00, 0x08, 0x00, 0x00, 0x3E, 0x00, 0x00, 0x77, 0x00, 0x00, 0x63, 0x00, 0x80, 0xFF, 0x00, 0x80, 0xFF, 0x00, 0x00, 0x63, 0x00, 0x00, 0x63, 0x00, 0x00, 0x7F, 0x00, 0x00, 0x3E, 0x00, 0x00, 0x00, 0x00 };
const uint8_t g_1_98[] PROGMEM = { 0x00, 0x80, 0x00, 0x80, 0xC1, 0x00, 0x80, 0xF3, 0x00, 0x00, 0x7F, 0x00, 0x00, 0x1E, 0x00, 0x00, 0x7F, 0x00, 0x80, 0xE3, 0x00, 0x80, 0xC1, 0x00, 0x00, 0x00, 0x00 };
const uint8_t g_1_99[] PROGMEM = { 0x00, 0x00, 0x00, 0x80, 0xFF, 0x00, 0x80, 0xFF, 0x00, 0x00, 0xC0, 0x00, 0x00, 0xC0, 0x00, 0x00, 0xC0, 0x00, 0x80, 0xFF, 0x00, 0x80, 0xFF, 0x00, 0x00, 0xC0, 0x03, 0x00, 0xC0, 0x03 };
const uint8_t g_1_100[] PROGMEM = { 0x80, 0x07, 0x00, 0x80, 0x1F, 0x00, 0x00, 0x18, 0x00, 0x00, 0x18, 0x00, 0x00, 0x18, 0x00, 0x80, 0xFF, 0x00, 0x80, 0xFF, 0x00 };
const uint8_t g_1_101[] PROGMEM = { 0x00, 0x00, 0x00, 0x80, 0xFF, 0x00, 0x80, 0xFF, 0x00, 0x00, 0xC0, 0x00, 0x00, 0xC0, 0x00, 0x80, 0xFF, 0x00, 0x80, 0xFF, 0x00, 0x00, 0xC0, 0x00, 0x00, 0xC0, 0x00, 0x00, 0xC0, 0x00, 0x80, 0xFF, 0x00, 0x80, 0xFF, 0x00 };
const uint8_t g_1_102[] PROGMEM = { 0x00, 0x00, 0x00, 0x80, 0xFF, 0x00, 0x80, 0xFF, 0x00, 0x00, 0xC0, 0x00, 0x00, 0xC0, 0x00, 0x80, 0xFF, 0x00, 0x80, 0xFF, 0x00, 0x00, 0xC0, 0x00, 0x00, 0xC0, 0x00, 0x00, 0xC0, 0x00, 0x80, 0xFF, 0x00, 0x80, 0xFF, 0x03, 0x00, 0xC0, 0x03, 0x00, 0x00, 0x00 };
const uint8_t g_1_103[] PROGMEM = { 0x80, 0x01, 0x00, 0x80, 0x01, 0x00, 0x80, 0xFF, 0x00, 0x80, 0xFF, 0x00, 0x00, 0xCC, 0x00, 0x00, 0xCC, 0x00, 0x00, 0xFC, 0x00, 0x00, 0x78, 0x00, 0x00, 0x00, 0x00 };
const uint8_t g_1_104[] PROGMEM = { 0x00, 0x00, 0x00, 0x80, 0xFF, 0x00, 0x80, 0xFF, 0x00, 0x00, 0xCC, 0x00, 0x00, 0xCC, 0x00, 0x00, 0xF8, 0x00, 0x00, 0x70, 0x00, 0x00, 0x00, 0x00, 0x80, 0xFF, 0x00, 0x80, 0xFF, 0x00 };
const uint8_t g_1_105[] PROGMEM = { 0x00, 0x00, 0x00, 0x80, 0xFF, 0x00, 0x80, 0xFF, 0x00, 0x00, 0xCC, 0x00, 0x00, 0xCC, 0x00, 0x00, 0xF8, 0x00, 0x00, 0x70, 0x00 };
const uint8_t g_1_106[] PROGMEM = { 0x00, 0x00, 0x00, 0x00, 0x63, 0x00, 0x80, 0xE1, 0x00, 0x80, 0xCD, 0x00, 0x80, 0xCD, 0x00, 0x80, 0xED, 0x00, 0x00, 0x7F, 0x00, 0x00, 0x3E, 0x00, 0x00, 0x00, 0x00 };
const uint8_t g_1_107[] PROGMEM = { 0x00, 0x00, 0x00, 0x80, 0xFF, 0x00, 0x80, 0xFF, 0x00, 0x00, 0x0C, 0x00, 0x00, 0x3E, 0x00, 0x00, 0x7F, 0x00, 0x80, 0xE3, 0x00, 0x80, 0xC1, 0x00, 0x80, 0xC1, 0x00, 0x80, 0xC1, 0x00, 0x00, 0x77, 0x00, 0x00, 0x3F, 0x00, 0x00, 0x0C, 0x00 };
const uint8_t g_1_108[] PROGMEM = { 0x00, 0xC0, 0x00, 0x00, 0xCF, 0x00, 0x80, 0xFF, 0x00, 0x80, 0x39, 0x00, 0x80, 0x19, 0x00, 0x80, 0xFF, 0x00, 0x80, 0xFF, 0x00 };
const uint8_t g_1_109[] PROGMEM = { 0x00, 0x60, 0x00, 0x00, 0xFC, 0x00, 0x00, 0x94, 0x00, 0x00, 0x5C, 0x00, 0x00, 0xFC, 0x00, 0x00, 0x00, 0x00 };
const uint8_t g_1_110[] PROGMEM = { 0x00, 0x1C, 0x00, 0x00, 0x3F, 0x00, 0x80, 0x65, 0x00, 0x80, 0x45, 0x00, 0x80, 0x7C, 0x00, 0x80, 0x38, 0x00, 0x00, 0x00, 0x00 };
const uint8_t g_1_111[] PROGMEM = { 0x00, 0x00, 0x00, 0x00, 0xFC, 0x00, 0x00, 0x94, 0x00, 0x00, 0x94, 0x00, 0x00, 0xFC, 0x00, 0x00, 0x00, 0x00 };
const uint8_t g_1_112[] PROGMEM = { 0x00, 0x00, 0x00, 0x00, 0xFC, 0x00, 0x00, 0x0C, 0x00, 0x00, 0x0C, 0x00, 0x00, 0x00, 0x00 };
const uint8_t g_1_113[] PROGMEM = { 0x00, 0xC0, 0x01, 0x00, 0xFC, 0x01, 0x00, 0xFC, 0x00, 0x00, 0xCC, 0x00, 0x00, 0xFC, 0x00, 0x00, 0xFC, 0x01, 0x00, 0xC0, 0x01 };
const uint8_t g_1_114[] PROGMEM = { 0x00, 0x30, 0x00, 0x00, 0x78, 0x00, 0x00, 0xEC, 0x00, 0x00, 0xA4, 0x00, 0x00, 0xFC, 0x00, 0x00, 0x38, 0x00 };
const uint8_t g_1_115[] PROGMEM = { 0x00, 0x30, 0x00, 0x80, 0x79, 0x00, 0x80, 0xED, 0x00, 0x00, 0xA4, 0x00, 0x80, 0xFD, 0x00, 0x00, 0x38, 0x00 };
const uint8_t g_1_116[] PROGMEM = { 0x00, 0xC0, 0x00, 0x00, 0xEC, 0x00, 0x00, 0x78, 0x00, 0x00, 0x30, 0x00, 0x00, 0xFC, 0x00, 0x00, 0x30, 0x00, 0x00, 0x78, 0x00, 0x00, 0xEC, 0x00, 0x00, 0xC4, 0x00 };
const uint8_t g_1_117[] PROGMEM = { 0x00, 0x00, 0x00, 0x00, 0xCC, 0x00, 0x00, 0x94, 0x00, 0x00, 0xFC, 0x00, 0x00, 0x68, 0x00 };
const uint8_t g_1_118[] PROGMEM = { 0x00, 0x00, 0x00, 0x00, 0xFC, 0x00, 0x00, 0x60, 0x00, 0x00, 0x38, 0x00, 0x00, 0xFC, 0x00, 0x00, 0xFC, 0x00 };
const uint8_t g_1_119[] PROGMEM = { 0x00, 0x00, 0x00, 0x80, 0xFC, 0x00, 0x00, 0x61, 0x00, 0x00, 0x39, 0x00, 0x80, 0xFD, 0x00, 0x00, 0xFC, 0x00 };
const uint8_t g_1_120[] PROGMEM = { 0x00, 0x00, 0x00, 0x00, 0xFC, 0x00, 0x00, 0x30, 0x00, 0x00, 0x78, 0x00, 0x00, 0xEC, 0x00, 0x00, 0xC4, 0x00, 0x00, 0x00, 0x00 };
const uint8_t g_1_121[] PROGMEM = { 0x00, 0xC0, 0x00, 0x00, 0xFC, 0x00, 0x00, 0x7C, 0x00, 0x00, 0x0C, 0x00, 0x00, 0xFC, 0x00, 0x00, 0xFC, 0x00 };
const uint8_t g_1_122[] PROGMEM = { 0x00, 0x80, 0x00, 0x00, 0xFC, 0x00, 0x00, 0x1C, 0x00, 0x00, 0x30, 0x00, 0x00, 0x70, 0x00, 0x00, 0x1C, 0x00, 0x00, 0xFC, 0x00, 0x00, 0x80, 0x00 };
const uint8_t g_1_123[] PROGMEM = { 0x00, 0x00, 0x00, 0x00, 0xFC, 0x00, 0x00, 0x30, 0x00, 0x00, 0x30, 0x00, 0x00, 0xFC, 0x00, 0x00, 0xFC, 0x00 };
const uint8_t g_1_124[] PROGMEM = { 0x00, 0x30, 0x00, 0x00, 0x78, 0x00, 0x00, 0xCC, 0x00, 0x00, 0xCC, 0x00, 0x00, 0xFC, 0x00, 0x00, 0x78, 0x00, 0x00, 0x00, 0x00 };
const uint8_t g_1_125[] PROGMEM = { 0x00, 0x00, 0x00, 0x00, 0xFC, 0x00, 0x00, 0x0C, 0x00, 0x00, 0x0C, 0x00, 0x00, 0xFC, 0x00, 0x00, 0xFC, 0x00 };
const uint8_t g_1_126[] PROGMEM = { 0x00, 0x00, 0x00, 0x00, 0xFC, 0x07, 0x00, 0xCC, 0x00, 0x00, 0xCC, 0x00, 0x00, 0xFC, 0x00, 0x00, 0x78, 0x00, 0x00, 0x00, 0x00 };
const uint8_t g_1_127[] PROGMEM = { 0x00, 0x30, 0x00, 0x00, 0x78, 0x00, 0x00, 0xCC, 0x00, 0x00, 0xCC, 0x00, 0x00, 0xCC, 0x00, 0x00, 0x00, 0x00 };
const uint8_t g_1_128[] PROGMEM = { 0x00, 0x0C, 0x00, 0x00, 0x0C, 0x00, 0x00, 0xFC, 0x00, 0x00, 0xFC, 0x00, 0x00, 0x0C, 0x00, 0x00, 0x00, 0x00 };
const uint8_t g_1_129[] PROGMEM = { 0x00, 0x04, 0x00, 0x00, 0x1C, 0x02, 0x00, 0xF8, 0x03, 0x00, 0xF0, 0x01, 0x00, 0x3C, 0x00, 0x00, 0x0C, 0x00, 0x00, 0x00, 0x00 };
const uint8_t g_1_130[] PROGMEM = { 0x00, 0x18, 0x00, 0x00, 0x7E, 0x00, 0x00, 0x66, 0x00, 0xC0, 0xFF, 0x03, 0xC0, 0xFF, 0x03, 0x00, 0x66, 0x00, 0x00, 0x7E, 0x00, 0x00, 0x18, 0x00 };
const uint8_t g_1_131[] PROGMEM = { 0x00, 0x80, 0x00, 0x00, 0xCC, 0x00, 0x00, 0xFC, 0x00, 0x00, 0x78, 0x00, 0x00, 0xFC, 0x00, 0x00, 0x84, 0x00, 0x00, 0x00, 0x00 };
const uint8_t g_1_132[] PROGMEM = { 0x00, 0x00, 0x00, 0x00, 0xFC, 0x00, 0x00, 0xC0, 0x00, 0x00, 0xC0, 0x00, 0x00, 0xFC, 0x00, 0x00, 0xFC, 0x01, 0x00, 0xC0, 0x01 };
const uint8_t g_1_133[] PROGMEM = { 0x00, 0x1C, 0x00, 0x00, 0x3C, 0x00, 0x00, 0x30, 0x00, 0x00, 0x30, 0x00, 0x00, 0xFC, 0x00, 0x00, 0x00, 0x00 };
const uint8_t g_1_134[] PROGMEM = { 0x00, 0x00, 0x00, 0x00, 0xFC, 0x00, 0x00, 0xC0, 0x00, 0x00, 0xC0, 0x00, 0x00, 0xFC, 0x00, 0x00, 0xC0, 0x00, 0x00, 0xC0, 0x00, 0x00, 0xFC, 0x00, 0x00, 0x00, 0x00 };
const uint8_t g_1_135[] PROGMEM = { 0x00, 0x00, 0x00, 0x00, 0xFC, 0x00, 0x00, 0xC0, 0x00, 0x00, 0xC0, 0x00, 0x00, 0xFC, 0x00, 0x00, 0xC0, 0x00, 0x00, 0xC0, 0x00, 0x00, 0xFC, 0x00, 0x00, 0xC0, 0x01, 0x00, 0x00, 0x00 };
const uint8_t g_1_136[] PROGMEM = { 0x00, 0x0C, 0x00, 0x00, 0x0C, 0x00, 0x00, 0xFC, 0x00, 0x00, 0xFC, 0x00, 0x00, 0x90, 0x00, 0x00, 0xF0, 0x00, 0x00, 0x60, 0x00 };
const uint8_t g_1_137[] PROGMEM = { 0x00, 0x00, 0x00, 0x00, 0xFC, 0x00, 0x00, 0x90, 0x00, 0x00, 0xD0, 0x00, 0x00, 0xF0, 0x00, 0x00, 0x00, 0x00, 0x00, 0xFC, 0x00, 0x00, 0xFC, 0x00 };
const uint8_t g_1_138[] PROGMEM = { 0x00, 0x00, 0x00, 0x00, 0xFC, 0x00, 0x00, 0x90, 0x00, 0x00, 0xD0, 0x00, 0x00, 0xF0, 0x00, 0x00, 0x00, 0x00 };
const uint8_t g_1_139[] PROGMEM = { 0x00, 0x40, 0x00, 0x00, 0xCC, 0x00, 0x00, 0x94, 0x00, 0x00, 0xDC, 0x00, 0x00, 0x78, 0x00, 0x00, 0x00, 0x00 };
const uint8_t g_1_140[] PROGMEM = { 0x00, 0x00, 0x00, 0x00, 0xFC, 0x00, 0x00, 0x30, 0x00, 0x00, 0x78, 0x00, 0x00, 0xFC, 0x00, 0x00, 0xCC, 0x00, 0x00, 0xCC, 0x00, 0x00, 0x78, 0x00, 0x00, 0x00, 0x00 };
const uint8_t g_1_141[] PROGMEM = { 0x00, 0x80, 0x00, 0x00, 0xFC, 0x00, 0x00, 0x6C, 0x00, 0x00, 0x24, 0x00, 0x00, 0xFC, 0x00, 0x00, 0x00, 0x00 };

const uint8_t g_2_0[] PROGMEM = { 0x00, 0x00, 0x00, 0x00, 0x00, 0x00, 0x00, 0x00, 0x00 };
const uint8_t g_2_1[] PROGMEM = { 0x00, 0x00, 0x00, 0x00, 0x00, 0x00, 0x00, 0x81, 0x00, 0x80, 0xB0, 0x00, 0x80, 0x08, 0x00, 0x80, 0x04, 0x00, 0x00, 0x03, 0x00 };
const uint8_t g_2_2[] PROGMEM = { 0x00, 0x00, 0x00, 0x00, 0xB8, 0x00, 0x80, 0x07, 0x00, 0x00, 0x00, 0x00 };
const uint8_t g_2_3[] PROGMEM = { 0x00, 0x00, 0x00, 0x00, 0x02, 0x00, 0x80, 0x01, 0x00, 0x00, 0x03, 0x00, 0x80, 0x00, 0x00 };
const uint8_t g_2_4[] PROGMEM = { 0x00, 0x00, 0x00, 0x00, 0x02, 0x00, 0x80, 0x01, 0x00, 0x00, 0x00, 0x00 };
const uint8_t g_2_5[] PROGMEM = { 0x00, 0x40, 0x00, 0x00, 0x00, 0x00, 0x00, 0x00, 0x00, 0x00, 0x00, 0x00 };
const uint8_t g_2_6[] PROGMEM = { 0x00, 0x00, 0x00, 0x00, 0x20, 0x00, 0x00, 0x20, 0x00, 0x00, 0x20, 0x00, 0x00, 0x00, 0x00 };
const uint8_t g_2_7[] PROGMEM = { 0x00, 0x00, 0x02, 0x00, 0x00, 0x02, 0x00, 0x00, 0x02, 0x00, 0x00, 0x02, 0x00, 0x00, 0x02, 0x00, 0x00, 0x02, 0x00, 0x00, 0x02, 0x00, 0x00, 0x00, 0x00, 0x00, 0x00 };
const uint8_t g_2_8[] PROGMEM = { 0x00, 0x00, 0x00, 0x00, 0x40, 0x00, 0x00, 0x00, 0x00 };
const uint8_t g_2_9[] PROGMEM = { 0x00, 0xC0, 0x00, 0x00, 0x20, 0x00, 0x00, 0x18, 0x00, 0x00, 0x04, 0x00, 0x00, 0x03, 0x00, 0x80, 0x00, 0x00, 0x00, 0x00, 0x00, 0x00, 0x00, 0x00, 0x00, 0x00, 0x00 };
const uint8_t g_2_10[] PROGMEM = { 0x00, 0x00, 0x00, 0x00, 0x7C, 0x00, 0x00, 0x83, 0x00, 0x80, 0x80, 0x00, 0x80, 0x80, 0x00, 0x80, 0x60, 0x00, 0x00, 0x1F, 0x00, 0x00, 0x00, 0x00 };
const uint8_t g_2_11[] PROGMEM = { 0x00, 0x00, 0x00, 0x00, 0x40, 0x00, 0x80, 0x40, 0x00, 0x80, 0x7C, 0x00, 0xC0, 0x43, 0x00, 0x00, 0x40, 0x00, 0x00, 0x00, 0x00 };
const uint8_t g_2_12[] PROGMEM = { 0x00, 0x00, 0x00, 0x00, 0xC0, 0x00, 0x00, 0xC1, 0x00, 0x80, 0xA0, 0x00, 0x80, 0x90, 0x00, 0x80, 0x8C, 0x00, 0x00, 0x07, 0x00 };
const uint8_t g_2_13[] PROGMEM = { 0x00, 0x00, 0x00, 0x00, 0xC0, 0x00, 0x80, 0x88, 0x00, 0x80, 0x84, 0x00, 0x80, 0x86, 0x00, 0x80, 0x79, 0x00, 0x80, 0x00, 0x00, 0x00, 0x00, 0x00 };
const uint8_t g_2_14[] PROGMEM = { 0x00, 0x00, 0x00, 0x00, 0x18, 0x00, 0x00, 0x14, 0x00, 0x00, 0x12, 0x00, 0x80, 0x71, 0x00, 0xC0, 0x1F, 0x00, 0x40, 0x10, 0x00, 0x00, 0x00, 0x00 };
const uint8_t g_2_15[] PROGMEM = { 0x00, 0x00, 0x00, 0x00, 0xC8, 0x00, 0x00, 0x87, 0x00, 0x80, 0x84, 0x00, 0x80, 0x84, 0x00, 0x80, 0x78, 0x00, 0x80, 0x00, 0x00, 0x00, 0x00, 0x00 };
const uint8_t g_2_16[] PROGMEM = { 0x00, 0x00, 0x00, 0x00, 0x3C, 0x00, 0x00, 0x47, 0x00, 0x80, 0x42, 0x00, 0xC0, 0x42, 0x00, 0x40, 0x24, 0x00, 0x00, 0x18, 0x00 };
const uint8_t g_2_17[] PROGMEM = { 0x00, 0x00, 0x00, 0x00, 0x00, 0x00, 0x80, 0xC0, 0x00, 0x80, 0x30, 0x00, 0x80, 0x08, 0x00, 0x80, 0x06, 0x00, 0x80, 0x01, 0x00, 0x00, 0x00, 0x00 };
const uint8_t g_2_18[] PROGMEM = { 0x00, 0x00, 0x00, 0x00, 0x70, 0x00, 0x00, 0x8F, 0x00, 0x80, 0x88, 0x00, 0x80, 0x88, 0x00, 0x80, 0x7C, 0x00, 0x00, 0x03, 0x00 };
const uint8_t g_2_19[] PROGMEM = { 0x00, 0x00, 0x00, 0x00, 0x06, 0x00, 0x00, 0x89, 0x00, 0x80, 0x90, 0x00, 0x80, 0x50, 0x00, 0x80, 0x38, 0x00, 0x00, 0x0F, 0x00, 0x00, 0x00, 0x00 };
const uint8_t g_2_20[] PROGMEM = { 0x00, 0x00, 0x00, 0x00, 0xF8, 0x00, 0x00, 0x04, 0x01, 0x00, 0xF2, 0x02, 0x00, 0x8A, 0x02, 0x00, 0x85, 0x00, 0x00, 0x85, 0x00, 0x00, 0xF9, 0x00, 0x00, 0x85, 0x00, 0x00, 0x66, 0x00, 0x00, 0x18, 0x00 };
const uint8_t g_2_21[] PROGMEM = { 0x00, 0x00, 0x00, 0x00, 0xE0, 0x00, 0x00, 0x10, 0x00, 0x00, 0x1C, 0x00, 0x00, 0x13, 0x00, 0x80, 0x17, 0x00, 0x00, 0xF8, 0x00, 0x00, 0x00, 0x00 };
const uint8_t g_2_22[] PROGMEM = { 0x00, 0x00, 0x00, 0x00, 0xF0, 0x00, 0x80, 0x8F, 0x00, 0x80, 0x88, 0x00, 0x80, 0x88, 0x00, 0x80, 0x77, 0x00, 0x00, 0x00, 0x00 };
const uint8_t g_2_23[] PROGMEM = { 0x00, 0x00, 0x00, 0x00, 0x18, 0x00, 0x00, 0x66, 0x00, 0x00, 0xC1, 0x00, 0x80, 0x80, 0x00, 0x80, 0x80, 0x00, 0x80, 0x80, 0x00, 0x80, 0x40, 0x00, 0x00, 0x41, 0x00, 0x00, 0x00, 0x00 };
const uint8_t g_2_24[] PROGMEM = { 0x00, 0x00, 0x00, 0x00, 0xF0, 0x00, 0x80, 0x8F, 0x00, 0x80, 0x80, 0x00, 0x80, 0x80, 0x00, 0x80, 0x80, 0x00, 0x80, 0x41, 0x00, 0x00, 0x3F, 0x00, 0x00, 0x00, 0x00 };
const uint8_t g_2_25[] PROGMEM = { 0x00, 0x00, 0x00, 0x00, 0xF0, 0x00, 0x80, 0x8F, 0x00, 0x80, 0x88, 0x00, 0x80, 0x88, 0x00, 0x80, 0x00, 0x00, 0x00, 0x00, 0x00 };
const uint8_t g_2_26[] PROGMEM = { 0x00, 0x00, 0x00, 0x00, 0xF0, 0x00, 0x80, 0x0F, 0x00, 0x80, 0x08, 0x00, 0x80, 0x08, 0x00, 0x80, 0x00, 0x00, 0x00, 0x00, 0x00 };
const uint8_t g_2_27[] PROGMEM = { 0x00, 0x00, 0x00, 0x00, 0x1C, 0x00, 0x00, 0x62, 0x00, 0x00, 0xC1, 0x00, 0x80, 0x80, 0x00, 0x80, 0x88, 0x00, 0x80, 0x88, 0x00, 0x80, 0x48, 0x00, 0x00, 0x79, 0x00, 0x00, 0x00, 0x00 };
const uint8_t g_2_28[] PROGMEM = { 0x00, 0x00, 0x00, 0x00, 0xF0, 0x00, 0x80, 0x0F, 0x00, 0x00, 0x08, 0x00, 0x00, 0x08, 0x00, 0x00, 0x08, 0x00, 0x00, 0x08, 0x00, 0x00, 0xF8, 0x00, 0x80, 0x0F, 0x00, 0x00, 0x00, 0x00 };
const uint8_t g_2_29[] PROGMEM = { 0x00, 0x00, 0x00, 0x00, 0xF8, 0x00, 0x80, 0x07, 0x00, 0x00, 0x00, 0x00 };
const uint8_t g_2_30[] PROGMEM = { 0x00, 0x80, 0x00, 0x00, 0x80, 0x00, 0x00, 0x80, 0x00, 0x00, 0xC0, 0x00, 0x00, 0x3F, 0x00, 0x80, 0x00, 0x00 };
const uint8_t g_2_31[] PROGMEM = { 0x00, 0x00, 0x00, 0x00, 0xF0, 0x00, 0x80, 0x0F, 0x00, 0x00, 0x08, 0x00, 0x00, 0x34, 0x00, 0x00, 0x62, 0x00, 0x00, 0x81, 0x00, 0x80, 0x00, 0x00, 0x00, 0x00, 0x00 };
const uint8_t g_2_32[] PROGMEM = { 0x00, 0x00, 0x00, 0x00, 0xF0, 0x00, 0x80, 0x8F, 0x00, 0x00, 0x80, 0x00, 0x00, 0x80, 0x00, 0x00, 0x00, 0x00 };
const uint8_t g_2_33[] PROGMEM = { 0x00, 0x00, 0x00, 0x00, 0xF0, 0x00, 0x80, 0x0F, 0x00, 0x00, 0x0F, 0x00, 0x00, 0x78, 0x00, 0x00, 0xC0, 0x00, 0x00, 0x30, 0x00, 0x00, 0x08, 0x00, 0x00, 0x06, 0x00, 0x80, 0xFF, 0x00, 0x00, 0x00, 0x00 };
const uint8_t g_2_34[] PROGMEM = { 0x00, 0x00, 0x00, 0x00, 0xF8, 0x00, 0x80, 0x07, 0x00, 0x00, 0x03, 0x00, 0x00, 0x0E, 0x00, 0x00, 0x18, 0x00, 0x00, 0x60, 0x00, 0x00, 0xF0, 0x00, 0x80, 0x0F, 0x00, 0x00, 0x00, 0x00 };
const uint8_t g_2_35[] PROGMEM = { 0x00, 0x00, 0x00, 0x00, 0x18, 0x00, 0x00, 0x66, 0x00, 0x00, 0xC1, 0x00, 0x80, 0x80, 0x00, 0x80, 0x80, 0x00, 0x80, 0x80, 0x00, 0x80, 0x40, 0x00, 0x00, 0x61, 0x00, 0x00, 0x1E, 0x00, 0x00, 0x00, 0x00 };
const uint8_t g_2_36[] PROGMEM = { 0x00, 0x00, 0x00, 0x00, 0xF0, 0x00, 0x80, 0x1F, 0x00, 0x80, 0x10, 0x00, 0x80, 0x10, 0x00, 0x80, 0x09, 0x00, 0x00, 0x07, 0x00 };
const uint8_t g_2_37[] PROGMEM = { 0x00, 0x00, 0x00, 0x00, 0x18, 0x00, 0x00, 0x76, 0x00, 0x00, 0x41, 0x00, 0x80, 0x80, 0x00, 0x80, 0x90, 0x00, 0x80, 0xB0, 0x00, 0x80, 0xE0, 0x00, 0x00, 0x61, 0x03, 0x00, 0x1E, 0x02, 0x00, 0x00, 0x00 };
const uint8_t g_2_38[] PROGMEM = { 0x00, 0x00, 0x00, 0x00, 0xF0, 0x00, 0x80, 0x1F, 0x00, 0x80, 0x10, 0x00, 0x80, 0x70, 0x00, 0x80, 0x88, 0x00, 0x00, 0x87, 0x00 };
const uint8_t g_2_39[] PROGMEM = { 0x00, 0x00, 0x00, 0x00, 0xC0, 0x00, 0x00, 0x87, 0x00, 0x80, 0x88, 0x00, 0x80, 0x88, 0x00, 0x80, 0x58, 0x00, 0x00, 0x31, 0x00, 0x00, 0x00, 0x00 };
const uint8_t g_2_40[] PROGMEM = { 0x00, 0x00, 0x00, 0x00, 0x00, 0x00, 0x80, 0x00, 0x00, 0x80, 0xE0, 0x00, 0x80, 0x1F, 0x00, 0x80, 0x00, 0x00, 0x80, 0x00, 0x00, 0x80, 0x00, 0x00, 0x00, 0x00, 0x00 };
const uint8_t g_2_41[] PROGMEM = { 0x00, 0x00, 0x00, 0x00, 0x38, 0x00, 0x80, 0x47, 0x00, 0x00, 0x80, 0x00, 0x00, 0x80, 0x00, 0x00, 0x80, 0x00, 0x00, 0x40, 0x00, 0x00, 0x70, 0x00, 0x80, 0x0F, 0x00, 0x00, 0x00, 0x00 };
const uint8_t g_2_42[] PROGMEM = { 0x00, 0x00, 0x00, 0x00, 0x00, 0x00, 0x80, 0x07, 0x00, 0x00, 0xF8, 0x00, 0x00, 0x60, 0x00, 0x00, 0x18, 0x00, 0x00, 0x04, 0x00, 0x00, 0x03, 0x00, 0x80, 0x00, 0x00 };
const uint8_t g_2_43[] PROGMEM = { 0x00, 0x00, 0x00, 0x00, 0x00, 0x00, 0x80, 0x1F, 0x00, 0x00, 0xE0, 0x00, 0x00, 0x30, 0x00, 0x00, 0x0C, 0x00, 0x00, 0x03, 0x00, 0x00, 0x3F, 0x00, 0x00, 0xC0, 0x00, 0x00, 0x30, 0x00, 0x00, 0x0C, 0x00, 0x00, 0x03, 0x00, 0x80, 0x00, 0x00 };
const uint8_t g_2_44[] PROGMEM = { 0x00, 0x00, 0x00, 0x00, 0xC0, 0x00, 0x80, 0x61, 0x00, 0x00, 0x13, 0x00, 0x00, 0x0C, 0x00, 0x00, 0x34, 0x00, 0x00, 0xC3, 0x00, 0x80, 0x01, 0x00, 0x00, 0x00, 0x00 };
const uint8_t g_2_45[] PROGMEM = { 0x00, 0x00, 0x00, 0x00, 0x00, 0x00, 0x80, 0x03, 0x00, 0x00, 0xFC, 0x00, 0x00, 0x18, 0x00, 0x00, 0x06, 0x00, 0x00, 0x03, 0x00, 0x80, 0x00, 0x00, 0x00, 0x00, 0x00 };
const uint8_t g_2_46[] PROGMEM = { 0x00, 0x80, 0x00, 0x00, 0xC0, 0x00, 0x80, 0xA0, 0x00, 0x80, 0x90, 0x00, 0x80, 0x8C, 0x00, 0x80, 0x82, 0x00, 0x80, 0x81, 0x00, 0x80, 0x00, 0x00 };
const uint8_t g_2_47[] PROGMEM = { 0x00, 0x00, 0x02, 0x00, 0xFC, 0x03, 0x80, 0x03, 0x02, 0x80, 0x00, 0x00, 0x80, 0x00, 0x00 };
const uint8_t g_2_48[] PROGMEM = { 0x00, 0x00, 0x00, 0x00, 0x00, 0x00, 0x80, 0x03, 0x00, 0x00, 0x1C, 0x00, 0x00, 0xE0, 0x00, 0x00, 0x00, 0x01 };
const uint8_t g_2_49[] PROGMEM = { 0x00, 0x00, 0x02, 0x00, 0x00, 0x02, 0x80, 0xF0, 0x03, 0x80, 0x0F, 0x00, 0x00, 0x00, 0x00 };
const uint8_t g_2_50[] PROGMEM = { 0x00, 0x00, 0x00, 0x00, 0x3C, 0x00, 0x00, 0x42, 0x00, 0x00, 0x42, 0x00, 0x00, 0x42, 0x00, 0x00, 0x7C, 0x00, 0x00, 0x42, 0x00 };
const uint8_t g_2_51[] PROGMEM = { 0x00, 0x00, 0x00, 0x00, 0x7C, 0x00, 0xC0, 0x8B, 0x00, 0x00, 0x84, 0x00, 0x00, 0x84, 0x00, 0x00, 0x6C, 0x00, 0x00, 0x10, 0x00 };
const uint8_t g_2_52[] PROGMEM = { 0x00, 0x00, 0x00, 0x00, 0x78, 0x00, 0x00, 0x84, 0x00, 0x00, 0x84, 0x00, 0x00, 0x84, 0x00, 0x00, 0x4C, 0x00, 0x00, 0x00, 0x00 };
const uint8_t g_2_53[] PROGMEM = { 0x00, 0x00, 0x00, 0x00, 0x78, 0x00, 0x00, 0x84, 0x00, 0x00, 0x84, 0x00, 0x00, 0x84, 0x00, 0x00, 0xF8, 0x00, 0xC0, 0x07, 0x00, 0x00, 0x00, 0x00 };
const uint8_t g_2_54[] PROGMEM = { 0x00, 0x00, 0x00, 0x00, 0x3C, 0x00, 0x00, 0x56, 0x00, 0x00, 0x52, 0x00, 0x00, 0x52, 0x00, 0x00, 0x2E, 0x00, 0x00, 0x00, 0x00 };
const uint8_t g_2_55[] PROGMEM = { 0x00, 0xE4, 0x03, 0x80, 0x1F, 0x00, 0x40, 0x04, 0x00, 0x40, 0x04, 0x00, 0x00, 0x00, 0x00, 0x00, 0x00, 0x00, 0x00, 0x00, 0x00, 0x00, 0x00, 0x00 };
const uint8_t g_2_56[] PROGMEM = { 0x00, 0x00, 0x00, 0x00, 0x38, 0x02, 0x00, 0x44, 0x02, 0x00, 0x44, 0x02, 0x00, 0x44, 0x01, 0x00, 0xFC, 0x00, 0x00, 0x04, 0x00 };
const uint8_t g_2_57[] PROGMEM = { 0x00, 0x00, 0x00, 0x00, 0xFC, 0x00, 0xC0, 0x0B, 0x00, 0x00, 0x04, 0x00, 0x00, 0x04, 0x00, 0x00, 0xFC, 0x00, 0x00, 0x00, 0x00 };
const uint8_t g_2_58[] PROGMEM = { 0x00, 0x00, 0x00, 0x00, 0x7C, 0x00, 0x80, 0x00, 0x00 };
const uint8_t g_2_59[] PROGMEM = { 0x00, 0x00, 0x03, 0x00, 0xFC, 0x00, 0x80, 0x00, 0x00 };
const uint8_t g_2_60[] PROGMEM = { 0x00, 0x00, 0x00, 0x00, 0xF8, 0x00, 0xC0, 0x27, 0x00, 0x00, 0x70, 0x00, 0x00, 0x8C, 0x00, 0x00, 0x80, 0x00 };
const uint8_t g_2_61[] PROGMEM = { 0x00, 0x00, 0x00, 0x00, 0xFC, 0x00, 0xC0, 0x03, 0x00, 0x00, 0x00, 0x00 };
const uint8_t g_2_62[] PROGMEM = { 0x00, 0x00, 0x00, 0x00, 0x78, 0x00, 0x00, 0x04, 0x00, 0x00, 0x04, 0x00, 0x00, 0x64, 0x00, 0x00, 0x1C, 0x00, 0x00, 0x04, 0x00, 0x00, 0x04, 0x00, 0x00, 0x7C, 0x00, 0x00, 0x00, 0x00 };
const uint8_t g_2_63[] PROGMEM = { 0x00, 0x00, 0x00, 0x00, 0x7C, 0x00, 0x00, 0x08, 0x00, 0x00, 0x04, 0x00, 0x00, 0x04, 0x00, 0x00, 0x7C, 0x00, 0x00, 0x00, 0x00 };
const uint8_t g_2_64[] PROGMEM = { 0x00, 0x00, 0x00, 0x00, 0x78, 0x00, 0x00, 0x8C, 0x00, 0x00, 0x84, 0x00, 0x00, 0x84, 0x00, 0x00, 0x4C, 0x00, 0x00, 0x30, 0x00 };
const uint8_t g_2_65[] PROGMEM = { 0x00, 0x00, 0x03, 0x00, 0xF8, 0x00, 0x00, 0x44, 0x00, 0x00, 0x44, 0x00, 0x00, 0x44, 0x00, 0x00, 0x34, 0x00, 0x00, 0x08, 0x00 };
const uint8_t g_2_66[] PROGMEM = { 0x00, 0x00, 0x00, 0x00, 0x38, 0x00, 0x00, 0x44, 0x00, 0x00, 0x44, 0x00, 0x00, 0x44, 0x00, 0x00, 0xFC, 0x01, 0x00, 0x04, 0x00 };
const uint8_t g_2_67[] PROGMEM = { 0x00, 0x00, 0x00, 0x00, 0x78, 0x00, 0x00, 0x04, 0x00, 0x00, 0x04, 0x00, 0x00, 0x00, 0x00 };
const uint8_t g_2_68[] PROGMEM = { 0x00, 0x00, 0x00, 0x00, 0x4C, 0x00, 0x00, 0x4A, 0x00, 0x00, 0x52, 0x00, 0x00, 0x36, 0x00, 0x00, 0x00, 0x00 };
const uint8_t g_2_69[] PROGMEM = { 0x00, 0x00, 0x00, 0x00, 0x34, 0x00, 0x00, 0x4F, 0x00, 0x00, 0x44, 0x00, 0x00, 0x00, 0x00 };
const uint8_t g_2_70[] PROGMEM = { 0x00, 0x00, 0x00, 0x00, 0xF8, 0x00, 0x00, 0x80, 0x00, 0x00, 0x80, 0x00, 0x00, 0x40, 0x00, 0x00, 0xF8, 0x00, 0x00, 0x00, 0x00 };
const uint8_t g_2_71[] PROGMEM = { 0x00, 0x00, 0x00, 0x00, 0x0C, 0x00, 0x00, 0xF0, 0x00, 0x00, 0xC0, 0x00, 0x00, 0x30, 0x00, 0x00, 0x08, 0x00, 0x00, 0x00, 0x00 };
const uint8_t g_2_72[] PROGMEM = { 0x00, 0x00, 0x00, 0x00, 0x3C, 0x00, 0x00, 0xC0, 0x00, 0x00, 0x30, 0x00, 0x00, 0x08, 0x00, 0x00, 0xF8, 0x00, 0x00, 0x60, 0x00, 0x00, 0x18, 0x00, 0x00, 0x04, 0x00 };
const uint8_t g_2_73[] PROGMEM = { 0x00, 0x00, 0x00, 0x00, 0x40, 0x00, 0x00, 0x2C, 0x00, 0x00, 0x10, 0x00, 0x00, 0x68, 0x00, 0x00, 0x04, 0x00, 0x00, 0x00, 0x00 };
const uint8_t g_2_74[] PROGMEM = { 0x00, 0x00, 0x00, 0x00, 0x0C, 0x03, 0x00, 0xF0, 0x00, 0x00, 0x60, 0x00, 0x00, 0x18, 0x00, 0x00, 0x04, 0x00, 0x00, 0x00, 0x00 };
const uint8_t g_2_75[] PROGMEM = { 0x00, 0x40, 0x00, 0x00, 0x60, 0x00, 0x00, 0x74, 0x00, 0x00, 0x5C, 0x00, 0x00, 0x4C, 0x00, 0x00, 0x04, 0x00, 0x00, 0x00, 0x00 };
const uint8_t g_2_76[] PROGMEM = { 0x00, 0x00, 0x00, 0x00, 0xE0, 0x00, 0x00, 0x10, 0x00, 0x00, 0x1C, 0x00, 0x00, 0x13, 0x00, 0x80, 0x17, 0x00, 0x00, 0xF8, 0x00, 0x00, 0x00, 0x00 };
const uint8_t g_2_77[] PROGMEM = { 0x00, 0x00, 0x00, 0x00, 0xF0, 0x00, 0x80, 0x8F, 0x00, 0x80, 0x88, 0x00, 0x80, 0x88, 0x00, 0x80, 0x78, 0x00, 0x80, 0x00, 0x00 };
const uint8_t g_2_78[] PROGMEM = { 0x00, 0x00, 0x00, 0x00, 0xF0, 0x00, 0x80, 0x8F, 0x00, 0x80, 0x88, 0x00, 0x80, 0x88, 0x00, 0x80, 0x77, 0x00, 0x00, 0x00, 0x00 };
const uint8_t g_2_79[] PROGMEM = { 0x00, 0x00, 0x00, 0x00, 0xF8, 0x00, 0x80, 0x07, 0x00, 0x80, 0x00, 0x00, 0x80, 0x00, 0x00, 0x80, 0x00, 0x00, 0x00, 0x00, 0x00 };
const uint8_t g_2_80[] PROGMEM = { 0x00, 0x80, 0x03, 0x00, 0x80, 0x00, 0x00, 0xE0, 0x00, 0x00, 0x9C, 0x00, 0x80, 0x83, 0x00, 0x80, 0x80, 0x00, 0x80, 0x80, 0x00, 0x80, 0xF0, 0x00, 0x80, 0x8F, 0x03, 0x00, 0x00, 0x00 };
const uint8_t g_2_81[] PROGMEM = { 0x00, 0x00, 0x00, 0x00, 0xF0, 0x00, 0x80, 0x8F, 0x00, 0x80, 0x88, 0x00, 0x80, 0x88, 0x00, 0x80, 0x00, 0x00, 0x00, 0x00, 0x00 };
const uint8_t g_2_82[] PROGMEM = { 0x00, 0x00, 0x00, 0x00, 0x78, 0x00, 0x80, 0x4F, 0x00, 0xA0, 0x48, 0x00, 0x80, 0x48, 0x00, 0xA0, 0x00, 0x00, 0x00, 0x00, 0x00 };
const uint8_t g_2_83[] PROGMEM = { 0x00, 0x80, 0x00, 0x00, 0x80, 0x00, 0x80, 0x40, 0x00, 0x00, 0x33, 0x00, 0x00, 0x0C, 0x00, 0x00, 0xE8, 0x00, 0x80, 0x1F, 0x00, 0x00, 0x08, 0x00, 0x00, 0x3C, 0x00, 0x00, 0xC2, 0x00, 0x80, 0x81, 0x00, 0x80, 0x00, 0x00 };
const uint8_t g_2_84[] PROGMEM = { 0x00, 0x00, 0x00, 0x00, 0xC0, 0x00, 0x00, 0x81, 0x00, 0x80, 0x88, 0x00, 0x80, 0x88, 0x00, 0x80, 0x5C, 0x00, 0x00, 0x23, 0x00 };
const uint8_t g_2_85[] PROGMEM = { 0x00, 0x00, 0x00, 0x00, 0xF8, 0x00, 0x80, 0x47, 0x00, 0x00, 0x20, 0x00, 0x00, 0x18, 0x00, 0x00, 0x04, 0x00, 0x00, 0x02, 0x00, 0x00, 0xFD, 0x00, 0x80, 0x03, 0x00 };
const uint8_t g_2_86[] PROGMEM = { 0x00, 0x00, 0x00, 0x00, 0xF8, 0x00, 0x80, 0x47, 0x00, 0x00, 0x20, 0x00, 0x30, 0x18, 0x00, 0x20, 0x04, 0x00, 0x20, 0x02, 0x00, 0x00, 0xFD, 0x00, 0x80, 0x03, 0x00 };
const uint8_t g_2_87[] PROGMEM = { 0x00, 0x00, 0x00, 0x00, 0xF0, 0x00, 0x80, 0x0F, 0x00, 0x00, 0x08, 0x00, 0x00, 0x34, 0x00, 0x00, 0x62, 0x00, 0x00, 0x81, 0x00, 0x80, 0x00, 0x00, 0x00, 0x00, 0x00 };
const uint8_t g_2_88[] PROGMEM = { 0x00, 0x80, 0x00, 0x00, 0x80, 0x00, 0x00, 0x60, 0x00, 0x00, 0x1E, 0x00, 0x80, 0x01, 0x00, 0x80, 0x00, 0x00, 0x80, 0x00, 0x00, 0x80, 0xF8, 0x00, 0x80, 0x07, 0x00, 0x00, 0x00, 0x00 };
const uint8_t g_2_89[] PROGMEM = { 0x00, 0x00, 0x00, 0x00, 0xF0, 0x00, 0x80, 0x0F, 0x00, 0x00, 0x0F, 0x00, 0x00, 0x78, 0x00, 0x00, 0xC0, 0x00, 0x00, 0x30, 0x00, 0x00, 0x08, 0x00, 0x00, 0x06, 0x00, 0x80, 0xFF, 0x00, 0x00, 0x00, 0x00 };
const uint8_t g_2_90[] PROGMEM = { 0x00, 0x00, 0x00, 0x00, 0xF0, 0x00, 0x80, 0x0F, 0x00, 0x00, 0x08, 0x00, 0x00, 0x08, 0x00, 0x00, 0x08, 0x00, 0x00, 0x08, 0x00, 0x00, 0xF8, 0x00, 0x80, 0x0F, 0x00, 0x00, 0x00, 0x00 };
const uint8_t g_2_91[] PROGMEM = { 0x00, 0x00, 0x00, 0x00, 0x18, 0x00, 0x00, 0x66, 0x00, 0x00, 0xC1, 0x00, 0x80, 0x80, 0x00, 0x80, 0x80, 0x00, 0x80, 0x80, 0x00, 0x80, 0x40, 0x00, 0x00, 0x61, 0x00, 0x00, 0x1E, 0x00, 0x00, 0x00, 0x00 };
const uint8_t g_2_92[] PROGMEM = { 0x00, 0x00, 0x00, 0x00, 0xF8, 0x00, 0x80, 0x07, 0x00, 0x80, 0x00, 0x00, 0x80, 0x00, 0x00, 0x80, 0x00, 0x00, 0x80, 0x00, 0x00, 0x80, 0xF0, 0x00, 0x80, 0x0F, 0x00, 0x00, 0x00, 0x00 };
const uint8_t g_2_93[] PROGMEM = { 0x00, 0x00, 0x00, 0x00, 0xF0, 0x00, 0x80, 0x1F, 0x00, 0x80, 0x10, 0x00, 0x80, 0x10, 0x00, 0x80, 0x09, 0x00, 0x00, 0x07, 0x00 };
const uint8_t g_2_94[] PROGMEM = { 0x00, 0x00, 0x00, 0x00, 0x18, 0x00, 0x00, 0x66, 0x00, 0x00, 0xC1, 0x00, 0x80, 0x80, 0x00, 0x80, 0x80, 0x00, 0x80, 0x80, 0x00, 0x80, 0x40, 0x00, 0x00, 0x41, 0x00, 0x00, 0x00, 0x00 };
const uint8_t g_2_95[] PROGMEM = { 0x00, 0x00, 0x00, 0x00, 0x00, 0x00, 0x80, 0x00, 0x00, 0x80, 0xE0, 0x00, 0x80, 0x1F, 0x00, 0x80, 0x00, 0x00, 0x80, 0x00, 0x00, 0x80, 0x00, 0x00, 0x00, 0x00, 0x00 };
const uint8_t g_2_96[] PROGMEM = { 0x00, 0x00, 0x00, 0x00, 0x00, 0x00, 0x80, 0x03, 0x00, 0x00, 0xDC, 0x00, 0x00, 0x30, 0x00, 0x00, 0x18, 0x00, 0x00, 0x06, 0x00, 0x80, 0x01, 0x00, 0x80, 0x00, 0x00 };
const uint8_t g_2_97[] PROGMEM = { 0x00, 0x00, 0x00, 0x00, 0x1C, 0x00, 0x00, 0x22, 0x00, 0x00, 0x41, 0x00, 0x00, 0xC1, 0x00, 0x00, 0x7F, 0x00, 0x80, 0x41, 0x00, 0x00, 0x41, 0x00, 0x00, 0x32, 0x00, 0x00, 0x0C, 0x00 };
const uint8_t g_2_98[] PROGMEM = { 0x00, 0x00, 0x00, 0x00, 0xC0, 0x00, 0x80, 0x61, 0x00, 0x00, 0x13, 0x00, 0x00, 0x0C, 0x00, 0x00, 0x34, 0x00, 0x00, 0xC3, 0x00, 0x80, 0x01, 0x00, 0x00, 0x00, 0x00 };
const uint8_t g_2_99[] PROGMEM = { 0x00, 0x00, 0x00, 0x00, 0xF0, 0x00, 0x80, 0x8F, 0x00, 0x00, 0x80, 0x00, 0x00, 0x80, 0x00, 0x00, 0x80, 0x00, 0x00, 0x80, 0x00, 0x00, 0xF0, 0x00, 0x80, 0x8F, 0x03, 0x00, 0x00, 0x00 };
const uint8_t g_2_100[] PROGMEM = { 0x00, 0x00, 0x00, 0x00, 0x0E, 0x00, 0x80, 0x19, 0x00, 0x00, 0x10, 0x00, 0x00, 0x10, 0x00, 0x00, 0xD0, 0x00, 0x80, 0x3F, 0x00, 0x00, 0x00, 0x00 };
const uint8_t g_2_101[] PROGMEM = { 0x00, 0x00, 0x00, 0x00, 0xF0, 0x00, 0x80, 0x8F, 0x00, 0x00, 0x80, 0x00, 0x00, 0x80, 0x00, 0x00, 0x80, 0x00, 0x00, 0xFF, 0x00, 0x80, 0x80, 0x00, 0x00, 0x80, 0x00, 0x00, 0x80, 0x00, 0x00, 0xF0, 0x00, 0x80, 0x0F, 0x00, 0x00, 0x00, 0x00 };
const uint8_t g_2_102[] PROGMEM = { 0x00, 0x00, 0x00, 0x00, 0xF8, 0x00, 0x80, 0x87, 0x00, 0x00, 0x80, 0x00, 0x00, 0x80, 0x00, 0x00, 0x80, 0x00, 0x00, 0xFF, 0x00, 0x80, 0x80, 0x00, 0x00, 0x80, 0x00, 0x00, 0x80, 0x00, 0x00, 0xF0, 0x00, 0x80, 0x8F, 0x03, 0x00, 0x00, 0x00 };
const uint8_t g_2_103[] PROGMEM = { 0x00, 0x00, 0x00, 0x00, 0x00, 0x00, 0x80, 0x00, 0x00, 0x80, 0xC0, 0x00, 0x80, 0xBF, 0x00, 0x00, 0x88, 0x00, 0x00, 0x88, 0x00, 0x00, 0x58, 0x00, 0x00, 0x20, 0x00 };
const uint8_t g_2_104[] PROGMEM = { 0x00, 0x00, 0x00, 0x00, 0xF0, 0x00, 0x80, 0x8F, 0x00, 0x00, 0x88, 0x00, 0x00, 0x88, 0x00, 0x00, 0x78, 0x00, 0x00, 0x00, 0x00, 0x00, 0xF0, 0x00, 0x80, 0x0F, 0x00, 0x00, 0x00, 0x00 };
const uint8_t g_2_105[] PROGMEM = { 0x00, 0x00, 0x00, 0x00, 0xF0, 0x00, 0x80, 0x8F, 0x00, 0x00, 0x88, 0x00, 0x00, 0x88, 0x00, 0x00, 0x78, 0x00, 0x00, 0x00, 0x00 };
const uint8_t g_2_106[] PROGMEM = { 0x00, 0x00, 0x00, 0x00, 0x40, 0x00, 0x00, 0xC1, 0x00, 0x80, 0x80, 0x00, 0x80, 0x88, 0x00, 0x80, 0x88, 0x00, 0x80, 0x48, 0x00, 0x00, 0x49, 0x00, 0x00, 0x3E, 0x00, 0x00, 0x00, 0x00 };
const uint8_t g_2_107[] PROGMEM = { 0x00, 0x00, 0x00, 0x00, 0xF0, 0x00, 0x80, 0x0F, 0x00, 0x00, 0x08, 0x00, 0x00, 0x1C, 0x00, 0x00, 0x66, 0x00, 0x00, 0x81, 0x00, 0x80, 0x80, 0x00, 0x80, 0x80, 0x00, 0x80, 0x80, 0x00, 0x80, 0x40, 0x00, 0x00, 0x63, 0x00, 0x00, 0x1E, 0x00 };
const uint8_t g_2_108[] PROGMEM = { 0x00, 0x00, 0x00, 0x00, 0x80, 0x00, 0x00, 0x4F, 0x00, 0x80, 0x31, 0x00, 0x80, 0x10, 0x00, 0x80, 0xD0, 0x00, 0x80, 0x3F, 0x00, 0x00, 0x00, 0x00 };
const uint8_t g_2_109[] PROGMEM = { 0x00, 0x00, 0x00, 0x00, 0x78, 0x00, 0x00, 0x84, 0x00, 0x00, 0x84, 0x00, 0x00, 0x84, 0x00, 0x00, 0xF8, 0x00, 0x00, 0x84, 0x00 };
const uint8_t g_2_110[] PROGMEM = { 0x00, 0x00, 0x00, 0x00, 0x7C, 0x00, 0x00, 0x8A, 0x00, 0x00, 0x89, 0x00, 0x00, 0x89, 0x00, 0x00, 0x69, 0x00, 0x80, 0x10, 0x00, 0x00, 0x00, 0x00 };
const uint8_t g_2_111[] PROGMEM = { 0x00, 0x00, 0x00, 0x00, 0x78, 0x00, 0x00, 0x94, 0x00, 0x00, 0x94, 0x00, 0x00, 0x94, 0x00, 0x00, 0x68, 0x00 };
const uint8_t g_2_112[] PROGMEM = { 0x00, 0x00, 0x00, 0x00, 0xE8, 0x00, 0x00, 0x94, 0x00, 0x00, 0x94, 0x00, 0x00, 0x5C, 0x00, 0x00, 0x00, 0x00 };
const uint8_t g_2_113[] PROGMEM = { 0x00, 0x00, 0x00, 0x00, 0x38, 0x00, 0x00, 0x44, 0x00, 0x80, 0x44, 0x00, 0x80, 0x44, 0x00, 0x80, 0x35, 0x00, 0x00, 0x0E, 0x00 };
const uint8_t g_2_114[] PROGMEM = { 0x00, 0x00, 0x00, 0x00, 0x3C, 0x00, 0x00, 0x56, 0x00, 0x00, 0x52, 0x00, 0x00, 0x52, 0x00, 0x00, 0x2E, 0x00, 0x00, 0x00, 0x00 };
const uint8_t g_2_115[] PROGMEM = { 0x00, 0x00, 0x00, 0x00, 0x38, 0x00, 0x00, 0x54, 0x00, 0x80, 0x52, 0x00, 0x00, 0x52, 0x00, 0x00, 0x2E, 0x00, 0x80, 0x00, 0x00 };
const uint8_t g_2_116[] PROGMEM = { 0x00, 0x80, 0x00, 0x00, 0xC0, 0x00, 0x00, 0x2C, 0x00, 0x00, 0x10, 0x00, 0x00, 0xFC, 0x00, 0x00, 0x10, 0x00, 0x00, 0x78, 0x00, 0x00, 0x84, 0x00, 0x00, 0x00, 0x00 };
const uint8_t g_2_117[] PROGMEM = { 0x00, 0x00, 0x00, 0x00, 0x44, 0x00, 0x00, 0x44, 0x00, 0x00, 0x5C, 0x00, 0x00, 0x3C, 0x00 };
const uint8_t g_2_118[] PROGMEM = { 0x00, 0x00, 0x00, 0x00, 0xFC, 0x00, 0x00, 0x80, 0x00, 0x00, 0x80, 0x00, 0x00, 0x40, 0x00, 0x00, 0xFC, 0x00, 0x00, 0x00, 0x00 };
const uint8_t g_2_119[] PROGMEM = { 0x00, 0x00, 0x00, 0x00, 0xFC, 0x00, 0x00, 0x80, 0x00, 0x00, 0x81, 0x00, 0x00, 0x41, 0x00, 0x00, 0xFD, 0x00, 0x00, 0x00, 0x00 };
const uint8_t g_2_120[] PROGMEM = { 0x00, 0x00, 0x00, 0x00, 0xFC, 0x00, 0x00, 0x10, 0x00, 0x00, 0x68, 0x00, 0x00, 0x8C, 0x00, 0x00, 0x04, 0x00, 0x00, 0x00, 0x00 };
const uint8_t g_2_121[] PROGMEM = { 0x00, 0x40, 0x00, 0x00, 0x60, 0x00, 0x00, 0x1C, 0x00, 0x00, 0x04, 0x00, 0x00, 0x44, 0x00, 0x00, 0x3C, 0x00, 0x00, 0x00, 0x00 };
const uint8_t g_2_122[] PROGMEM = { 0x00, 0x00, 0x00, 0x00, 0xF0, 0x00, 0x00, 0x08, 0x00, 0x00, 0x30, 0x00, 0x00, 0x20, 0x00, 0x00, 0x10, 0x00, 0x00, 0xF8, 0x00, 0x00, 0x00, 0x00 };
const uint8_t g_2_123[] PROGMEM = { 0x00, 0x00, 0x00, 0x00, 0xFC, 0x00, 0x00, 0x10, 0x00, 0x00, 0x10, 0x00, 0x00, 0x10, 0x00, 0x00, 0xFC, 0x00, 0x00, 0x00, 0x00 };
const uint8_t g_2_124[] PROGMEM = { 0x00, 0x00, 0x00, 0x00, 0x78, 0x00, 0x00, 0x8C, 0x00, 0x00, 0x84, 0x00, 0x00, 0x84, 0x00, 0x00, 0x4C, 0x00, 0x00, 0x30, 0x00 };
const uint8_t g_2_125[] PROGMEM = { 0x00, 0x00, 0x00, 0x00, 0xFC, 0x00, 0x00, 0x08, 0x00, 0x00, 0x04, 0x00, 0x00, 0x04, 0x00, 0x00, 0xFC, 0x00, 0x00, 0x00, 0x00 };
const uint8_t g_2_126[] PROGMEM = { 0x00, 0x00, 0x03, 0x00, 0xF8, 0x00, 0x00, 0x44, 0x00, 0x00, 0x44, 0x00, 0x00, 0x44, 0x00, 0x00, 0x34, 0x00, 0x00, 0x08, 0x00 };
const uint8_t g_2_127[] PROGMEM = { 0x00, 0x00, 0x00, 0x00, 0x78, 0x00, 0x00, 0x84, 0x00, 0x00, 0x84, 0x00, 0x00, 0x84, 0x00, 0x00, 0x4C, 0x00, 0x00, 0x00, 0x00 };
const uint8_t g_2_128[] PROGMEM = { 0x00, 0x00, 0x00, 0x00, 0xFC, 0x00, 0x00, 0x08, 0x00, 0x00, 0x04, 0x00, 0x00, 0xE4, 0x00, 0x00, 0x18, 0x00, 0x00, 0x04, 0x00, 0x00, 0x04, 0x00, 0x00, 0xFC, 0x00, 0x00, 0x00, 0x00 };
const uint8_t g_2_129[] PROGMEM = { 0x00, 0x00, 0x00, 0x00, 0x0C, 0x02, 0x00, 0xF0, 0x01, 0x00, 0x60, 0x00, 0x00, 0x18, 0x00, 0x00, 0x04, 0x00, 0x00, 0x00, 0x00 };
const uint8_t g_2_130[] PROGMEM = { 0x00, 0x00, 0x00, 0x00, 0x78, 0x00, 0x00, 0x8C, 0x00, 0x00, 0xC4, 0x07, 0x00, 0xBF, 0x00, 0xC0, 0x84, 0x00, 0x00, 0x6C, 0x00, 0x00, 0x10, 0x00 };
const uint8_t g_2_131[] PROGMEM = { 0x00, 0x00, 0x00, 0x00, 0x40, 0x00, 0x00, 0x2C, 0x00, 0x00, 0x10, 0x00, 0x00, 0x68, 0x00, 0x00, 0x04, 0x00, 0x00, 0x00, 0x00 };
const uint8_t g_2_132[] PROGMEM = { 0x00, 0x00, 0x00, 0x00, 0xFC, 0x00, 0x00, 0x80, 0x00, 0x00, 0x80, 0x00, 0x00, 0x40, 0x00, 0x00, 0xFC, 0x01, 0x00, 0x80, 0x00 };
const uint8_t g_2_133[] PROGMEM = { 0x00, 0x00, 0x00, 0x00, 0x1C, 0x00, 0x00, 0x10, 0x00, 0x00, 0x10, 0x00, 0x00, 0x7C, 0x00, 0x00, 0x00, 0x00 };
const uint8_t g_2_134[] PROGMEM = { 0x00, 0x00, 0x00, 0x00, 0xFC, 0x00, 0x00, 0x80, 0x00, 0x00, 0x80, 0x00, 0x00, 0x60, 0x00, 0x00, 0x9C, 0x00, 0x00, 0x80, 0x00, 0x00, 0x40, 0x00, 0x00, 0xFC, 0x00, 0x00, 0x00, 0x00 };
const uint8_t g_2_135[] PROGMEM = { 0x00, 0x00, 0x00, 0x00, 0xFC, 0x00, 0x00, 0x80, 0x00, 0x00, 0x80, 0x00, 0x00, 0x60, 0x00, 0x00, 0x9C, 0x00, 0x00, 0x80, 0x00, 0x00, 0x40, 0x00, 0x00, 0xFC, 0x01, 0x00, 0x80, 0x00 };
const uint8_t g_2_136[] PROGMEM = { 0x00, 0x00, 0x00, 0x00, 0x04, 0x00, 0x00, 0x64, 0x00, 0x00, 0x9C, 0x00, 0x00, 0x90, 0x00, 0x00, 0x90, 0x00, 0x00, 0x60, 0x00 };
const uint8_t g_2_137[] PROGMEM = { 0x00, 0x00, 0x00, 0x00, 0xFC, 0x00, 0x00, 0x90, 0x00, 0x00, 0x90, 0x00, 0x00, 0xF0, 0x00, 0x00, 0x00, 0x00, 0x00, 0xF0, 0x00, 0x00, 0x0C, 0x00 };
const uint8_t g_2_138[] PROGMEM = { 0x00, 0x00, 0x00, 0x00, 0xFC, 0x00, 0x00, 0x90, 0x00, 0x00, 0x90, 0x00, 0x00, 0xF0, 0x00, 0x00, 0x00, 0x00 };
const uint8_t g_2_139[] PROGMEM = { 0x00, 0x00, 0x00, 0x00, 0x48, 0x00, 0x00, 0x84, 0x00, 0x00, 0x94, 0x00, 0x00, 0xD4, 0x00, 0x00, 0x78, 0x00, 0x00, 0x00, 0x00 };
const uint8_t g_2_140[] PROGMEM = { 0x00, 0x00, 0x00, 0x00, 0xFC, 0x00, 0x00, 0x10, 0x00, 0x00, 0x78, 0x00, 0x00, 0x8C, 0x00, 0x00, 0x84, 0x00, 0x00, 0x84, 0x00, 0x00, 0x44, 0x00, 0x00, 0x38, 0x00 };
const uint8_t g_2_141[] PROGMEM = { 0x00, 0x80, 0x00, 0x00, 0x98, 0x00, 0x00, 0x64, 0x00, 0x00, 0x24, 0x00, 0x00, 0xE4, 0x00, 0x00, 0x1C, 0x00 };

const uint8_t g_3_0[] PROGMEM = { 0x00, 0x00, 0x00, 0x00, 0x00, 0x00, 0x00, 0x00, 0x00 };
const uint8_t g_3_1[] PROGMEM = { 0x00, 0x01, 0x00, 0x80, 0x01, 0x00, 0x80, 0xB0, 0x00, 0x80, 0x88, 0x00, 0x80, 0x04, 0x00, 0x00, 0x03, 0x00 };
const uint8_t g_3_2[] PROGMEM = { 0x80, 0x9F, 0x00, 0x80, 0x81, 0x00 };
const uint8_t g_3_3[] PROGMEM = { 0x00, 0x03, 0x00, 0x80, 0x00, 0x00, 0x80, 0x03, 0x00, 0x00, 0x00, 0x00 };
const uint8_t g_3_4[] PROGMEM = { 0x00, 0x03, 0x00, 0x80, 0x00, 0x00 };
const uint8_t g_3_5[] PROGMEM = { 0x00, 0x00, 0x03, 0x00, 0x80, 0x00, 0x00, 0x00, 0x00 };
const uint8_t g_3_6[] PROGMEM = { 0x00, 0x20, 0x00, 0x00, 0x20, 0x00, 0x00, 0x20, 0x00, 0x00, 0x20, 0x00 };
const uint8_t g_3_7[] PROGMEM = { 0x00, 0x00, 0x02, 0x00, 0x00, 0x02, 0x00, 0x00, 0x02, 0x00, 0x00, 0x02, 0x00, 0x00, 0x02, 0x00, 0x00, 0x02, 0x00, 0x00, 0x02, 0x00, 0x00, 0x00, 0x00, 0x00, 0x00, 0x00, 0x00, 0x00 };
const uint8_t g_3_8[] PROGMEM = { 0x00, 0x00, 0x00, 0x00, 0x80, 0x00 };
const uint8_t g_3_9[] PROGMEM = { 0x00, 0x00, 0x01, 0x00, 0xC0, 0x00, 0x00, 0x30, 0x00, 0x00, 0x0C, 0x00, 0x00, 0x03, 0x00, 0x80, 0x00, 0x00 };
const uint8_t g_3_10[] PROGMEM = { 0x00, 0x00, 0x00, 0x00, 0x7F, 0x00, 0x80, 0x80, 0x00, 0x80, 0x80, 0x00, 0x80, 0x80, 0x00, 0x00, 0x7F, 0x00, 0x00, 0x00, 0x00 };
const uint8_t g_3_11[] PROGMEM = { 0x00, 0x80, 0x00, 0x00, 0x81, 0x00, 0x80, 0x80, 0x00, 0x80, 0xFF, 0x00, 0x00, 0x80, 0x00, 0x00, 0x80, 0x00 };
const uint8_t g_3_12[] PROGMEM = { 0x00, 0x81, 0x00, 0x00, 0xC1, 0x00, 0x80, 0xA0, 0x00, 0x80, 0x90, 0x00, 0x80, 0x89, 0x00, 0x00, 0x87, 0x00 };
const uint8_t g_3_13[] PROGMEM = { 0x00, 0x40, 0x00, 0x80, 0x80, 0x00, 0x80, 0x84, 0x00, 0x80, 0x87, 0x00, 0x80, 0xCD, 0x00, 0x00, 0x78, 0x00 };
const uint8_t g_3_14[] PROGMEM = { 0x00, 0x20, 0x00, 0x00, 0x38, 0x00, 0x00, 0x24, 0x00, 0x00, 0x23, 0x00, 0x80, 0xFF, 0x00, 0x00, 0x20, 0x00, 0x00, 0x20, 0x00 };
const uint8_t g_3_15[] PROGMEM = { 0x00, 0x40, 0x00, 0x00, 0x87, 0x00, 0x80, 0x84, 0x00, 0x80, 0x84, 0x00, 0x80, 0xCC, 0x00, 0x80, 0x78, 0x00 };
const uint8_t g_3_16[] PROGMEM = { 0x00, 0x38, 0x00, 0x00, 0x4E, 0x00, 0x00, 0x85, 0x00, 0x80, 0x84, 0x00, 0x80, 0x84, 0x00, 0x00, 0x78, 0x00, 0x00, 0x00, 0x00 };
const uint8_t g_3_17[] PROGMEM = { 0x80, 0x00, 0x00, 0x80, 0x00, 0x00, 0x80, 0xE0, 0x00, 0x80, 0x18, 0x00, 0x80, 0x06, 0x00, 0x80, 0x01, 0x00, 0x00, 0x00, 0x00 };
const uint8_t g_3_18[] PROGMEM = { 0x00, 0x20, 0x00, 0x00, 0xD7, 0x00, 0x80, 0x88, 0x00, 0x80, 0x88, 0x00, 0x80, 0x95, 0x00, 0x00, 0x73, 0x00 };
const uint8_t g_3_19[] PROGMEM = { 0x00, 0x06, 0x00, 0x00, 0x09, 0x00, 0x80, 0x90, 0x00, 0x80, 0x50, 0x00, 0x80, 0x50, 0x00, 0x00, 0x3F, 0x00, 0x00, 0x00, 0x00 };
const uint8_t g_3_20[] PROGMEM = { 0x00, 0x30, 0x00, 0x00, 0xCC, 0x00, 0x00, 0x32, 0x01, 0x00, 0xCD, 0x02, 0x00, 0x85, 0x02, 0x00, 0x85, 0x02, 0x00, 0x7D, 0x00, 0x00, 0x8D, 0x00, 0x00, 0xC2, 0x00, 0x00, 0x3C, 0x00 };
const uint8_t g_3_21[] PROGMEM = { 0x00, 0x80, 0x00, 0x00, 0x60, 0x00, 0x00, 0x1C, 0x00, 0x80, 0x13, 0x00, 0x00, 0x17, 0x00, 0x00, 0x18, 0x00, 0x00, 0xE0, 0x00, 0x00, 0x00, 0x00 };
const uint8_t g_3_22[] PROGMEM = { 0x00, 0x00, 0x00, 0x80, 0xFF, 0x00, 0x80, 0x88, 0x00, 0x80, 0x88, 0x00, 0x80, 0x97, 0x00, 0x00, 0x70, 0x00 };
const uint8_t g_3_23[] PROGMEM = { 0x00, 0x00, 0x00, 0x00, 0x3E, 0x00, 0x00, 0x41, 0x00, 0x80, 0x80, 0x00, 0x80, 0x80, 0x00, 0x80, 0x80, 0x00, 0x80, 0x80, 0x00, 0x00, 0x41, 0x00, 0x00, 0x00, 0x00 };
const uint8_t g_3_24[] PROGMEM = { 0x00, 0x00, 0x00, 0x80, 0xFF, 0x00, 0x80, 0x80, 0x00, 0x80, 0x80, 0x00, 0x80, 0x80, 0x00, 0x00, 0x41, 0x00, 0x00, 0x63, 0x00, 0x00, 0x1C, 0x00 };
const uint8_t g_3_25[] PROGMEM = { 0x00, 0x00, 0x00, 0x80, 0xFF, 0x00, 0x80, 0x88, 0x00, 0x80, 0x88, 0x00, 0x80, 0x88, 0x00, 0x00, 0x00, 0x00 };
const uint8_t g_3_26[] PROGMEM = { 0x00, 0x00, 0x00, 0x80, 0xFF, 0x00, 0x80, 0x08, 0x00, 0x80, 0x08, 0x00, 0x80, 0x08, 0x00, 0x00, 0x00, 0x00 };
const uint8_t g_3_27[] PROGMEM = { 0x00, 0x00, 0x00, 0x00, 0x3E, 0x00, 0x00, 0x41, 0x00, 0x80, 0x80, 0x00, 0x80, 0x80, 0x00, 0x80, 0x88, 0x00, 0x80, 0x88, 0x00, 0x00, 0x49, 0x00, 0x00, 0x38, 0x00 };
const uint8_t g_3_28[] PROGMEM = { 0x00, 0x00, 0x00, 0x80, 0xFF, 0x00, 0x00, 0x08, 0x00, 0x00, 0x08, 0x00, 0x00, 0x08, 0x00, 0x00, 0x08, 0x00, 0x00, 0x08, 0x00, 0x80, 0xFF, 0x00 };
const uint8_t g_3_29[] PROGMEM = { 0x00, 0x00, 0x00, 0x80, 0xFF, 0x00 };
const uint8_t g_3_30[] PROGMEM = { 0x00, 0x80, 0x00, 0x00, 0x80, 0x00, 0x00, 0x80, 0x00, 0x80, 0x7F, 0x00, 0x00, 0x00, 0x00 };
const uint8_t g_3_31[] PROGMEM = { 0x00, 0x00, 0x00, 0x80, 0xFF, 0x00, 0x00, 0x08, 0x00, 0x00, 0x1C, 0x00, 0x00, 0x32, 0x00, 0x80, 0x41, 0x00, 0x80, 0x80, 0x00, 0x00, 0x00, 0x00 };
const uint8_t g_3_32[] PROGMEM = { 0x00, 0x00, 0x00, 0x80, 0xFF, 0x00, 0x00, 0x80, 0x00, 0x00, 0x80, 0x00, 0x00, 0x80, 0x00, 0x00, 0x00, 0x00 };
const uint8_t g_3_33[] PROGMEM = { 0x00, 0x00, 0x00, 0x80, 0xFF, 0x00, 0x00, 0x06, 0x00, 0x00, 0x18, 0x00, 0x00, 0x60, 0x00, 0x00, 0xE0, 0x00, 0x00, 0x18, 0x00, 0x00, 0x06, 0x00, 0x80, 0x7F, 0x00, 0x00, 0x80, 0x00 };
const uint8_t g_3_34[] PROGMEM = { 0x00, 0x00, 0x00, 0x80, 0xFF, 0x00, 0x00, 0x03, 0x00, 0x00, 0x06, 0x00, 0x00, 0x18, 0x00, 0x00, 0x30, 0x00, 0x00, 0x40, 0x00, 0x80, 0xFF, 0x00 };
const uint8_t g_3_35[] PROGMEM = { 0x00, 0x00, 0x00, 0x00, 0x3E, 0x00, 0x00, 0x41, 0x00, 0x80, 0x80, 0x00, 0x80, 0x80, 0x00, 0x80, 0x80, 0x00, 0x80, 0x80, 0x00, 0x00, 0x41, 0x00, 0x00, 0x3E, 0x00, 0x00, 0x00, 0x00 };
const uint8_t g_3_36[] PROGMEM = { 0x00, 0x00, 0x00, 0x80, 0xFF, 0x00, 0x80, 0x10, 0x00, 0x80, 0x10, 0x00, 0x80, 0x19, 0x00, 0x00, 0x0F, 0x00 };
const uint8_t g_3_37[] PROGMEM = { 0x00, 0x00, 0x00, 0x00, 0x3E, 0x00, 0x00, 0x41, 0x00, 0x80, 0x80, 0x00, 0x80, 0x80, 0x00, 0x80, 0x90, 0x00, 0x80, 0xA0, 0x00, 0x00, 0xC1, 0x00, 0x00, 0x3E, 0x01, 0x00, 0x00, 0x01, 0x00, 0x00, 0x00 };
const uint8_t g_3_38[] PROGMEM = { 0x00, 0x00, 0x00, 0x80, 0xFF, 0x00, 0x80, 0x10, 0x00, 0x80, 0x30, 0x00, 0x80, 0x78, 0x00, 0x00, 0x8F, 0x00, 0x00, 0x80, 0x00 };
const uint8_t g_3_39[] PROGMEM = { 0x00, 0x40, 0x00, 0x00, 0xC7, 0x00, 0x80, 0x88, 0x00, 0x80, 0x88, 0x00, 0x80, 0x88, 0x00, 0x00, 0x71, 0x00, 0x00, 0x00, 0x00 };
const uint8_t g_3_40[] PROGMEM = { 0x80, 0x00, 0x00, 0x80, 0x00, 0x00, 0x80, 0x00, 0x00, 0x80, 0xFF, 0x00, 0x80, 0x00, 0x00, 0x80, 0x00, 0x00, 0x80, 0x00, 0x00 };
const uint8_t g_3_41[] PROGMEM = { 0x00, 0x00, 0x00, 0x80, 0x7F, 0x00, 0x00, 0xC0, 0x00, 0x00, 0x80, 0x00, 0x00, 0x80, 0x00, 0x00, 0x80, 0x00, 0x00, 0x40, 0x00, 0x80, 0x3F, 0x00 };
const uint8_t g_3_42[] PROGMEM = { 0x80, 0x00, 0x00, 0x00, 0x03, 0x00, 0x00, 0x1C, 0x00, 0x00, 0xE0, 0x00, 0x00, 0x70, 0x00, 0x00, 0x0C, 0x00, 0x80, 0x03, 0x00, 0x00, 0x00, 0x00 };
const uint8_t g_3_43[] PROGMEM = { 0x80, 0x00, 0x00, 0x00, 0x07, 0x00, 0x00, 0x38, 0x00, 0x00, 0xE0, 0x00, 0x00, 0x1C, 0x00, 0x80, 0x03, 0x00, 0x00, 0x0E, 0x00, 0x00, 0x30, 0x00, 0x00, 0xE0, 0x00, 0x00, 0x1C, 0x00, 0x80, 0x03, 0x00, 0x00, 0x00, 0x00 };
const uint8_t g_3_44[] PROGMEM = { 0x00, 0x00, 0x00, 0x80, 0xC1, 0x00, 0x00, 0x22, 0x00, 0x00, 0x1C, 0x00, 0x00, 0x14, 0x00, 0x00, 0x63, 0x00, 0x80, 0xC0, 0x00, 0x00, 0x00, 0x00 };
const uint8_t g_3_45[] PROGMEM = { 0x80, 0x00, 0x00, 0x00, 0x03, 0x00, 0x00, 0x0C, 0x00, 0x00, 0xF0, 0x00, 0x00, 0x0C, 0x00, 0x80, 0x03, 0x00, 0x80, 0x00, 0x00 };
const uint8_t g_3_46[] PROGMEM = { 0x80, 0x80, 0x00, 0x80, 0xC0, 0x00, 0x80, 0xB0, 0x00, 0x80, 0x88, 0x00, 0x80, 0x86, 0x00, 0x80, 0x81, 0x00, 0x80, 0x80, 0x00 };
const uint8_t g_3_47[] PROGMEM = { 0x00, 0x00, 0x00, 0x80, 0xFF, 0x03, 0x80, 0x00, 0x02, 0x00, 0x00, 0x00 };
const uint8_t g_3_48[] PROGMEM = { 0x80, 0x00, 0x00, 0x00, 0x03, 0x00, 0x00, 0x0C, 0x00, 0x00, 0x30, 0x00, 0x00, 0xC0, 0x00, 0x00, 0x00, 0x01 };
const uint8_t g_3_49[] PROGMEM = { 0x80, 0x00, 0x02, 0x80, 0x00, 0x02, 0x80, 0xFF, 0x03 };
const uint8_t g_3_50[] PROGMEM = { 0x00, 0x00, 0x00, 0x00, 0xE4, 0x00, 0x00, 0x94, 0x00, 0x00, 0x94, 0x00, 0x00, 0xF8, 0x00 };
const uint8_t g_3_51[] PROGMEM = { 0x00, 0x00, 0x00, 0x80, 0xFF, 0x00, 0x00, 0x84, 0x00, 0x00, 0x84, 0x00, 0x00, 0x84, 0x00, 0x00, 0x78, 0x00, 0x00, 0x00, 0x00 };
const uint8_t g_3_52[] PROGMEM = { 0x00, 0x00, 0x00, 0x00, 0x78, 0x00, 0x00, 0x84, 0x00, 0x00, 0x84, 0x00, 0x00, 0x84, 0x00, 0x00, 0x00, 0x00 };
const uint8_t g_3_53[] PROGMEM = { 0x00, 0x00, 0x00, 0x00, 0x78, 0x00, 0x00, 0x84, 0x00, 0x00, 0x84, 0x00, 0x00, 0x84, 0x00, 0x80, 0xFF, 0x00 };
const uint8_t g_3_54[] PROGMEM = { 0x00, 0x00, 0x00, 0x00, 0x78, 0x00, 0x00, 0x94, 0x00, 0x00, 0x94, 0x00, 0x00, 0x94, 0x00, 0x00, 0x58, 0x00, 0x00, 0x00, 0x00 };
const uint8_t g_3_55[] PROGMEM = { 0x00, 0x04, 0x00, 0x80, 0xFF, 0x00, 0x40, 0x04, 0x00, 0x40, 0x04, 0x00, 0x00, 0x00, 0x00 };
const uint8_t g_3_56[] PROGMEM = { 0x00, 0x00, 0x00, 0x00, 0x78, 0x06, 0x00, 0x84, 0x04, 0x00, 0x84, 0x04, 0x00, 0x84, 0x04, 0x00, 0xFC, 0x03 };
const uint8_t g_3_57[] PROGMEM = { 0x00, 0x00, 0x00, 0x80, 0xFF, 0x00, 0x00, 0x04, 0x00, 0x00, 0x04, 0x00, 0x00, 0x04, 0x00, 0x00, 0xF8, 0x00 };
const uint8_t g_3_58[] PROGMEM = { 0x00, 0x00, 0x00, 0x00, 0xF9, 0x00 };
const uint8_t g_3_59[] PROGMEM = { 0x00, 0x00, 0x00, 0x00, 0xF9, 0x07 };
const uint8_t g_3_60[] PROGMEM = { 0x00, 0x00, 0x00, 0x80, 0xFF, 0x00, 0x00, 0x30, 0x00, 0x00, 0x48, 0x00, 0x00, 0x88, 0x00, 0x00, 0x00, 0x00 };
const uint8_t g_3_61[] PROGMEM = { 0x00, 0x00, 0x00, 0x80, 0xFF, 0x00 };
const uint8_t g_3_62[] PROGMEM = { 0x00, 0x00, 0x00, 0x00, 0xFC, 0x00, 0x00, 0x04, 0x00, 0x00, 0x04, 0x00, 0x00, 0xFC, 0x00, 0x00, 0x08, 0x00, 0x00, 0x04, 0x00, 0x00, 0x04, 0x00, 0x00, 0xF8, 0x00 };
const uint8_t g_3_63[] PROGMEM = { 0x00, 0x00, 0x00, 0x00, 0xFC, 0x00, 0x00, 0x04, 0x00, 0x00, 0x04, 0x00, 0x00, 0x04, 0x00, 0x00, 0xF8, 0x00 };
const uint8_t g_3_64[] PROGMEM = { 0x00, 0x00, 0x00, 0x00, 0x78, 0x00, 0x00, 0x84, 0x00, 0x00, 0x84, 0x00, 0x00, 0x84, 0x00, 0x00, 0x78, 0x00, 0x00, 0x00, 0x00 };
const uint8_t g_3_65[] PROGMEM = { 0x00, 0x00, 0x00, 0x00, 0xFC, 0x07, 0x00, 0x84, 0x00, 0x00, 0x84, 0x00, 0x00, 0x84, 0x00, 0x00, 0x78, 0x00, 0x00, 0x00, 0x00 };
const uint8_t g_3_66[] PROGMEM = { 0x00, 0x00, 0x00, 0x00, 0x78, 0x00, 0x00, 0x84, 0x00, 0x00, 0x84, 0x00, 0x00, 0x84, 0x00, 0x00, 0xFC, 0x07 };
const uint8_t g_3_67[] PROGMEM = { 0x00, 0x00, 0x00, 0x00, 0xFC, 0x00, 0x00, 0x04, 0x00, 0x00, 0x04, 0x00 };
const uint8_t g_3_68[] PROGMEM = { 0x00, 0x08, 0x00, 0x00, 0x94, 0x00, 0x00, 0x94, 0x00, 0x00, 0xA4, 0x00, 0x00, 0x40, 0x00 };
const uint8_t g_3_69[] PROGMEM = { 0x00, 0x04, 0x00, 0x00, 0x7F, 0x00, 0x00, 0x84, 0x00, 0x00, 0x84, 0x00 };
const uint8_t g_3_70[] PROGMEM = { 0x00, 0x00, 0x00, 0x00, 0xFC, 0x00, 0x00, 0x80, 0x00, 0x00, 0x80, 0x00, 0x00, 0x40, 0x00, 0x00, 0xFC, 0x00 };
const uint8_t g_3_71[] PROGMEM = { 0x00, 0x04, 0x00, 0x00, 0x38, 0x00, 0x00, 0xC0, 0x00, 0x00, 0x60, 0x00, 0x00, 0x1C, 0x00, 0x00, 0x00, 0x00 };
const uint8_t g_3_72[] PROGMEM = { 0x00, 0x0C, 0x00, 0x00, 0x30, 0x00, 0x00, 0xE0, 0x00, 0x00, 0x18, 0x00, 0x00, 0x1C, 0x00, 0x00, 0xE0, 0x00, 0x00, 0x70, 0x00, 0x00, 0x0C, 0x00 };
const uint8_t g_3_73[] PROGMEM = { 0x00, 0x00, 0x00, 0x00, 0xCC, 0x00, 0x00, 0x30, 0x00, 0x00, 0x78, 0x00, 0x00, 0xC4, 0x00, 0x00, 0x00, 0x00 };
const uint8_t g_3_74[] PROGMEM = { 0x00, 0x04, 0x00, 0x00, 0x38, 0x04, 0x00, 0xC0, 0x03, 0x00, 0x60, 0x00, 0x00, 0x1C, 0x00, 0x00, 0x00, 0x00 };
const uint8_t g_3_75[] PROGMEM = { 0x00, 0x84, 0x00, 0x00, 0xC4, 0x00, 0x00, 0xB4, 0x00, 0x00, 0x9C, 0x00, 0x00, 0x84, 0x00, 0x00, 0x00, 0x00 };
const uint8_t g_3_76[] PROGMEM = { 0x00, 0x80, 0x00, 0x00, 0x60, 0x00, 0x00, 0x1C, 0x00, 0x80, 0x13, 0x00, 0x00, 0x17, 0x00, 0x00, 0x18, 0x00, 0x00, 0xE0, 0x00, 0x00, 0x00, 0x00 };
const uint8_t g_3_77[] PROGMEM = { 0x00, 0x00, 0x00, 0x80, 0xFF, 0x00, 0x80, 0x88, 0x00, 0x80, 0x88, 0x00, 0x80, 0x88, 0x00, 0x00, 0x70, 0x00 };
const uint8_t g_3_78[] PROGMEM = { 0x00, 0x00, 0x00, 0x80, 0xFF, 0x00, 0x80, 0x88, 0x00, 0x80, 0x88, 0x00, 0x80, 0x97, 0x00, 0x00, 0x70, 0x00 };
const uint8_t g_3_79[] PROGMEM = { 0x00, 0x00, 0x00, 0x80, 0xFF, 0x00, 0x80, 0x00, 0x00, 0x80, 0x00, 0x00, 0x80, 0x00, 0x00, 0x00, 0x00, 0x00 };
const uint8_t g_3_80[] PROGMEM = { 0x00, 0x80, 0x03, 0x00, 0xC0, 0x00, 0x00, 0xBC, 0x00, 0x80, 0x83, 0x00, 0x80, 0x80, 0x00, 0x80, 0x80, 0x00, 0x80, 0x80, 0x00, 0x80, 0xFF, 0x00, 0x00, 0x80, 0x03 };
const uint8_t g_3_81[] PROGMEM = { 0x00, 0x00, 0x00, 0x80, 0xFF, 0x00, 0x80, 0x88, 0x00, 0x80, 0x88, 0x00, 0x80, 0x88, 0x00, 0x00, 0x00, 0x00 };
const uint8_t g_3_82[] PROGMEM = { 0x00, 0x00, 0x00, 0xA0, 0xFF, 0x00, 0x80, 0x88, 0x00, 0xA0, 0x88, 0x00, 0xA0, 0x88, 0x00, 0x00, 0x00, 0x00 };
const uint8_t g_3_83[] PROGMEM = { 0x00, 0x80, 0x00, 0x80, 0xC1, 0x00, 0x00, 0x63, 0x00, 0x00, 0x1C, 0x00, 0x00, 0x08, 0x00, 0x80, 0xFF, 0x00, 0x00, 0x08, 0x00, 0x00, 0x1C, 0x00, 0x00, 0x63, 0x00, 0x80, 0x80, 0x00, 0x00, 0x80, 0x00 };
const uint8_t g_3_84[] PROGMEM = { 0x00, 0x00, 0x00, 0x80, 0x81, 0x00, 0x80, 0x88, 0x00, 0x80, 0x88, 0x00, 0x80, 0x8C, 0x00, 0x00, 0x77, 0x00, 0x00, 0x00, 0x00 };
const uint8_t g_3_85[] PROGMEM = { 0x00, 0x00, 0x00, 0x80, 0xFF, 0x00, 0x00, 0x60, 0x00, 0x00, 0x10, 0x00, 0x00, 0x0C, 0x00, 0x00, 0x02, 0x00, 0x80, 0x01, 0x00, 0x80, 0xFF, 0x00 };
const uint8_t g_3_86[] PROGMEM = { 0x00, 0x00, 0x00, 0x80, 0xFF, 0x00, 0x20, 0x60, 0x00, 0x40, 0x30, 0x00, 0x40, 0x0C, 0x00, 0x60, 0x06, 0x00, 0x00, 0x01, 0x00, 0x80, 0xFF, 0x00 };
const uint8_t g_3_87[] PROGMEM = { 0x00, 0x00, 0x00, 0x80, 0xFF, 0x00, 0x00, 0x08, 0x00, 0x00, 0x1C, 0x00, 0x00, 0x32, 0x00, 0x80, 0x41, 0x00, 0x80, 0x80, 0x00, 0x00, 0x00, 0x00 };
const uint8_t g_3_88[] PROGMEM = { 0x00, 0x80, 0x00, 0x00, 0xC0, 0x00, 0x80, 0x7F, 0x00, 0x80, 0x00, 0x00, 0x80, 0x00, 0x00, 0x80, 0x00, 0x00, 0x80, 0x00, 0x00, 0x80, 0xFF, 0x00 };
const uint8_t g_3_89[] PROGMEM = { 0x00, 0x00, 0x00, 0x80, 0xFF, 0x00, 0x00, 0x06, 0x00, 0x00, 0x18, 0x00, 0x00, 0x60, 0x00, 0x00, 0xE0, 0x00, 0x00, 0x18, 0x00, 0x00, 0x06, 0x00, 0x80, 0x7F, 0x00, 0x00, 0x80, 0x00 };
const uint8_t g_3_90[] PROGMEM = { 0x00, 0x00, 0x00, 0x80, 0xFF, 0x00, 0x00, 0x08, 0x00, 0x00, 0x08, 0x00, 0x00, 0x08, 0x00, 0x00, 0x08, 0x00, 0x00, 0x08, 0x00, 0x80, 0xFF, 0x00 };
const uint8_t g_3_91[] PROGMEM = { 0x00, 0x00, 0x00, 0x00, 0x3E, 0x00, 0x00, 0x41, 0x00, 0x80, 0x80, 0x00, 0x80, 0x80, 0x00, 0x80, 0x80, 0x00, 0x80, 0x80, 0x00, 0x00, 0x41, 0x00, 0x00, 0x3E, 0x00, 0x00, 0x00, 0x00 };
const uint8_t g_3_92[] PROGMEM = { 0x00, 0x00, 0x00, 0x80, 0xFF, 0x00, 0x80, 0x00, 0x00, 0x80, 0x00, 0x00, 0x80, 0x00, 0x00, 0x80, 0x00, 0x00, 0x80, 0x00, 0x00, 0x80, 0xFF, 0x00 };
const uint8_t g_3_93[] PROGMEM = { 0x00, 0x00, 0x00, 0x80, 0xFF, 0x00, 0x80, 0x10, 0x00, 0x80, 0x10, 0x00, 0x80, 0x19, 0x00, 0x00, 0x0F, 0x00 };
const uint8_t g_3_94[] PROGMEM = { 0x00, 0x00, 0x00, 0x00, 0x3E, 0x00, 0x00, 0x41, 0x00, 0x80, 0x80, 0x00, 0x80, 0x80, 0x00, 0x80, 0x80, 0x00, 0x80, 0x80, 0x00, 0x00, 0x41, 0x00, 0x00, 0x00, 0x00 };
const uint8_t g_3_95[] PROGMEM = { 0x80, 0x00, 0x00, 0x80, 0x00, 0x00, 0x80, 0x00, 0x00, 0x80, 0xFF, 0x00, 0x80, 0x00, 0x00, 0x80, 0x00, 0x00, 0x80, 0x00, 0x00 };
const uint8_t g_3_96[] PROGMEM = { 0x80, 0x00, 0x00, 0x00, 0x03, 0x00, 0x00, 0x0C, 0x00, 0x00, 0xF0, 0x00, 0x00, 0x38, 0x00, 0x00, 0x06, 0x00, 0x80, 0x01, 0x00, 0x00, 0x00, 0x00 };
const uint8_t g_3_97[] PROGMEM = { 0x00, 0x00, 0x00, 0x00, 0x3E, 0x00, 0x00, 0x42, 0x00, 0x00, 0x41, 0x00, 0x80, 0xFF, 0x00, 0x00, 0x41, 0x00, 0x00, 0x41, 0x00, 0x00, 0x22, 0x00, 0x00, 0x1C, 0x00 };
const uint8_t g_3_98[] PROGMEM = { 0x00, 0x00, 0x00, 0x80, 0xC1, 0x00, 0x00, 0x22, 0x00, 0x00, 0x1C, 0x00, 0x00, 0x14, 0x00, 0x00, 0x63, 0x00, 0x80, 0xC0, 0x00, 0x00, 0x00, 0x00 };
const uint8_t g_3_99[] PROGMEM = { 0x00, 0x00, 0x00, 0x80, 0xFF, 0x00, 0x00, 0x80, 0x00, 0x00, 0x80, 0x00, 0x00, 0x80, 0x00, 0x00, 0x80, 0x00, 0x00, 0x80, 0x00, 0x80, 0xFF, 0x00, 0x00, 0x80, 0x03, 0x00, 0x00, 0x00 };
const uint8_t g_3_100[] PROGMEM = { 0x80, 0x07, 0x00, 0x00, 0x18, 0x00, 0x00, 0x10, 0x00, 0x00, 0x10, 0x00, 0x00, 0x10, 0x00, 0x80, 0xFF, 0x00, 0x00, 0x00, 0x00 };
const uint8_t g_3_101[] PROGMEM = { 0x00, 0x00, 0x00, 0x80, 0xFF, 0x00, 0x00, 0x80, 0x00, 0x00, 0x80, 0x00, 0x00, 0x80, 0x00, 0x80, 0xFF, 0x00, 0x00, 0x80, 0x00, 0x00, 0x80, 0x00, 0x00, 0x80, 0x00, 0x00, 0x80, 0x00, 0x80, 0xFF, 0x00 };
const uint8_t g_3_102[] PROGMEM = { 0x00, 0x00, 0x00, 0x80, 0xFF, 0x00, 0x00, 0x80, 0x00, 0x00, 0x80, 0x00, 0x00, 0x80, 0x00, 0x80, 0xFF, 0x00, 0x00, 0x80, 0x00, 0x00, 0x80, 0x00, 0x00, 0x80, 0x00, 0x00, 0x80, 0x00, 0x80, 0xFF, 0x00, 0x00, 0x80, 0x03 };
const uint8_t g_3_103[] PROGMEM = { 0x80, 0x00, 0x00, 0x80, 0x00, 0x00, 0x80, 0x00, 0x00, 0x80, 0xFF, 0x00, 0x00, 0x88, 0x00, 0x00, 0x88, 0x00, 0x00, 0x88, 0x00, 0x00, 0x70, 0x00 };
const uint8_t g_3_104[] PROGMEM = { 0x00, 0x00, 0x00, 0x80, 0xFF, 0x00, 0x00, 0x88, 0x00, 0x00, 0x88, 0x00, 0x00, 0x88, 0x00, 0x00, 0x70, 0x00, 0x00, 0x00, 0x00, 0x80, 0xFF, 0x00 };
const uint8_t g_3_105[] PROGMEM = { 0x00, 0x00, 0x00, 0x80, 0xFF, 0x00, 0x00, 0x88, 0x00, 0x00, 0x88, 0x00, 0x00, 0x88, 0x00, 0x00, 0x70, 0x00 };
const uint8_t g_3_106[] PROGMEM = { 0x00, 0x00, 0x00, 0x00, 0x41, 0x00, 0x80, 0x80, 0x00, 0x80, 0x88, 0x00, 0x80, 0x88, 0x00, 0x80, 0x88, 0x00, 0x00, 0x49, 0x00, 0x00, 0x3E, 0x00, 0x00, 0x00, 0x00 };
const uint8_t g_3_107[] PROGMEM = { 0x00, 0x00, 0x00, 0x80, 0xFF, 0x00, 0x00, 0x08, 0x00, 0x00, 0x08, 0x00, 0x00, 0x3E, 0x00, 0x00, 0x41, 0x00, 0x80, 0x80, 0x00, 0x80, 0x80, 0x00, 0x80, 0x80, 0x00, 0x80, 0x80, 0x00, 0x00, 0x41, 0x00, 0x00, 0x3E, 0x00, 0x00, 0x00, 0x00 };
const uint8_t g_3_108[] PROGMEM = { 0x00, 0x80, 0x00, 0x00, 0x8F, 0x00, 0x80, 0x59, 0x00, 0x80, 0x30, 0x00, 0x80, 0x10, 0x00, 0x80, 0xFF, 0x00, 0x00, 0x00, 0x00 };
const uint8_t g_3_109[] PROGMEM = { 0x00, 0x00, 0x00, 0x00, 0xE4, 0x00, 0x00, 0x94, 0x00, 0x00, 0x94, 0x00, 0x00, 0xF8, 0x00 };
const uint8_t g_3_110[] PROGMEM = { 0x00, 0x00, 0x00, 0x00, 0x7F, 0x00, 0x00, 0x85, 0x00, 0x80, 0x84, 0x00, 0x80, 0x84, 0x00, 0x80, 0x78, 0x00 };
const uint8_t g_3_111[] PROGMEM = { 0x00, 0x00, 0x00, 0x00, 0xFC, 0x00, 0x00, 0x94, 0x00, 0x00, 0x94, 0x00, 0x00, 0xE8, 0x00 };
const uint8_t g_3_112[] PROGMEM = { 0x00, 0x00, 0x00, 0x00, 0xFC, 0x00, 0x00, 0x04, 0x00, 0x00, 0x04, 0x00, 0x00, 0x00, 0x00 };
const uint8_t g_3_113[] PROGMEM = { 0x00, 0x80, 0x03, 0x00, 0xE0, 0x00, 0x00, 0x9C, 0x00, 0x00, 0x84, 0x00, 0x00, 0x84, 0x00, 0x00, 0xFC, 0x03, 0x00, 0x00, 0x00 };
const uint8_t g_3_114[] PROGMEM = { 0x00, 0x00, 0x00, 0x00, 0x78, 0x00, 0x00, 0x94, 0x00, 0x00, 0x94, 0x00, 0x00, 0x94, 0x00, 0x00, 0x58, 0x00, 0x00, 0x00, 0x00 };
const uint8_t g_3_115[] PROGMEM = { 0x00, 0x00, 0x00, 0x00, 0x78, 0x00, 0x80, 0x95, 0x00, 0x00, 0x94, 0x00, 0x80, 0x95, 0x00, 0x00, 0x58, 0x00, 0x00, 0x00, 0x00 };
const uint8_t g_3_116[] PROGMEM = { 0x00, 0x80, 0x00, 0x00, 0xCC, 0x00, 0x00, 0x38, 0x00, 0x00, 0x10, 0x00, 0x00, 0xFC, 0x00, 0x00, 0x10, 0x00, 0x00, 0x68, 0x00, 0x00, 0x84, 0x00, 0x00, 0x00, 0x00 };
const uint8_t g_3_117[] PROGMEM = { 0x00, 0x00, 0x00, 0x00, 0x84, 0x00, 0x00, 0x94, 0x00, 0x00, 0xFC, 0x00, 0x00, 0x00, 0x00 };
const uint8_t g_3_118[] PROGMEM = { 0x00, 0x00, 0x00, 0x00, 0xFC, 0x00, 0x00, 0x60, 0x00, 0x00, 0x10, 0x00, 0x00, 0x0C, 0x00, 0x00, 0xFC, 0x00 };
const uint8_t g_3_119[] PROGMEM = { 0x00, 0x00, 0x00, 0x00, 0xF9, 0x00, 0x00, 0x42, 0x00, 0x00, 0x32, 0x00, 0x00, 0x0B, 0x00, 0x00, 0xF8, 0x00 };
const uint8_t g_3_120[] PROGMEM = { 0x00, 0x00, 0x00, 0x00, 0xFC, 0x00, 0x00, 0x30, 0x00, 0x00, 0x68, 0x00, 0x00, 0x84, 0x00, 0x00, 0x00, 0x00 };
const uint8_t g_3_121[] PROGMEM = { 0x00, 0x80, 0x00, 0x00, 0xF8, 0x00, 0x00, 0x04, 0x00, 0x00, 0x04, 0x00, 0x00, 0xFC, 0x00, 0x00, 0x00, 0x00 };
const uint8_t g_3_122[] PROGMEM = { 0x00, 0x00, 0x00, 0x00, 0xFC, 0x00, 0x00, 0x18, 0x00, 0x00, 0x20, 0x00, 0x00, 0x30, 0x00, 0x00, 0x0C, 0x00, 0x00, 0xF8, 0x00, 0x00, 0x00, 0x00 };
const uint8_t g_3_123[] PROGMEM = { 0x00, 0x00, 0x00, 0x00, 0xFC, 0x00, 0x00, 0x10, 0x00, 0x00, 0x10, 0x00, 0x00, 0x10, 0x00, 0x00, 0xFC, 0x00 };
const uint8_t g_3_124[] PROGMEM = { 0x00, 0x00, 0x00, 0x00, 0x78, 0x00, 0x00, 0x84, 0x00, 0x00, 0x84, 0x00, 0x00, 0x84, 0x00, 0x00, 0x78, 0x00, 0x00, 0x00, 0x00 };
const uint8_t g_3_125[] PROGMEM = { 0x00, 0x00, 0x00, 0x00, 0xFC, 0x00, 0x00, 0x04, 0x00, 0x00, 0x04, 0x00, 0x00, 0x04, 0x00, 0x00, 0xFC, 0x00 };
const uint8_t g_3_126[] PROGMEM = { 0x00, 0x00, 0x00, 0x00, 0xFC, 0x07, 0x00, 0x84, 0x00, 0x00, 0x84, 0x00, 0x00, 0x84, 0x00, 0x00, 0x78, 0x00, 0x00, 0x00, 0x00 };
const uint8_t g_3_127[] PROGMEM = { 0x00, 0x00, 0x00, 0x00, 0x78, 0x00, 0x00, 0x84, 0x00, 0x00, 0x84, 0x00, 0x00, 0x84, 0x00, 0x00, 0x00, 0x00 };
const uint8_t g_3_128[] PROGMEM = { 0x00, 0x04, 0x00, 0x00, 0x04, 0x00, 0x00, 0xFC, 0x00, 0x00, 0x04, 0x00, 0x00, 0x04, 0x00, 0x00, 0x00, 0x00 };
const uint8_t g_3_129[] PROGMEM = { 0x00, 0x04, 0x00, 0x00, 0x38, 0x04, 0x00, 0xC0, 0x03, 0x00, 0x60, 0x00, 0x00, 0x1C, 0x00, 0x00, 0x00, 0x00 };
const uint8_t g_3_130[] PROGMEM = { 0x00, 0x00, 0x00, 0x00, 0x78, 0x00, 0x00, 0x84, 0x00, 0xC0, 0xFF, 0x07, 0x00, 0x84, 0x00, 0x00, 0x84, 0x00, 0x00, 0x78, 0x00 };
const uint8_t g_3_131[] PROGMEM = { 0x00, 0x00, 0x00, 0x00, 0xCC, 0x00, 0x00, 0x30, 0x00, 0x00, 0x78, 0x00, 0x00, 0xC4, 0x00, 0x00, 0x00, 0x00 };
const uint8_t g_3_132[] PROGMEM = { 0x00, 0x00, 0x00, 0x00, 0xFC, 0x00, 0x00, 0x80, 0x00, 0x00, 0x80, 0x00, 0x00, 0x80, 0x00, 0x00, 0xFC, 0x03, 0x00, 0x00, 0x00 };
const uint8_t g_3_133[] PROGMEM = { 0x00, 0x1C, 0x00, 0x00, 0x20, 0x00, 0x00, 0x20, 0x00, 0x00, 0x20, 0x00, 0x00, 0xFC, 0x00 };
const uint8_t g_3_134[] PROGMEM = { 0x00, 0x00, 0x00, 0x00, 0xFC, 0x00, 0x00, 0x80, 0x00, 0x00, 0x80, 0x00, 0x00, 0xFC, 0x00, 0x00, 0x80, 0x00, 0x00, 0x80, 0x00, 0x00, 0xFC, 0x00 };
const uint8_t g_3_135[] PROGMEM = { 0x00, 0x00, 0x00, 0x00, 0xFC, 0x00, 0x00, 0x80, 0x00, 0x00, 0x80, 0x00, 0x00, 0xFC, 0x00, 0x00, 0x80, 0x00, 0x00, 0x80, 0x00, 0x00, 0xFC, 0x03, 0x00, 0x00, 0x00 };
const uint8_t g_3_136[] PROGMEM = { 0x00, 0x04, 0x00, 0x00, 0x04, 0x00, 0x00, 0xFC, 0x00, 0x00, 0x90, 0x00, 0x00, 0x90, 0x00, 0x00, 0xF0, 0x00, 0x00, 0x00, 0x00 };
const uint8_t g_3_137[] PROGMEM = { 0x00, 0x00, 0x00, 0x00, 0xFC, 0x00, 0x00, 0x90, 0x00, 0x00, 0x90, 0x00, 0x00, 0x60, 0x00, 0x00, 0x00, 0x00, 0x00, 0xFC, 0x00 };
const uint8_t g_3_138[] PROGMEM = { 0x00, 0x00, 0x00, 0x00, 0xFC, 0x00, 0x00, 0x90, 0x00, 0x00, 0x90, 0x00, 0x00, 0x60, 0x00 };
const uint8_t g_3_139[] PROGMEM = { 0x00, 0x40, 0x00, 0x00, 0x84, 0x00, 0x00, 0x94, 0x00, 0x00, 0x94, 0x00, 0x00, 0x78, 0x00, 0x00, 0x10, 0x00 };
const uint8_t g_3_140[] PROGMEM = { 0x00, 0x00, 0x00, 0x00, 0xFC, 0x00, 0x00, 0x10, 0x00, 0x00, 0x78, 0x00, 0x00, 0x84, 0x00, 0x00, 0x84, 0x00, 0x00, 0x84, 0x00, 0x00, 0x78, 0x00, 0x00, 0x00, 0x00 };
const uint8_t g_3_141[] PROGMEM = { 0x00, 0x80, 0x00, 0x00, 0xFC, 0x00, 0x00, 0x24, 0x00, 0x00, 0x24, 0x00, 0x00, 0xFC, 0x00, 0x00, 0x00, 0x00 };

const uint8_t g_4_0[] PROGMEM = { 0x00, 0x00, 0x00, 0x00, 0x00, 0x00, 0x00, 0x00, 0x00 };
const uint8_t g_4_1[] PROGMEM = { 0x00, 0x00, 0x00, 0x80, 0x01, 0x00, 0x80, 0xF0, 0x00, 0x80, 0xB8, 0x00, 0x80, 0x0D, 0x00, 0x00, 0x07, 0x00, 0x00, 0x00, 0x00 };
const uint8_t g_4_2[] PROGMEM = { 0x00, 0x00, 0x00, 0x80, 0x5F, 0x00, 0x00, 0x00, 0x00 };
const uint8_t g_4_3[] PROGMEM = { 0x00, 0x02, 0x00, 0x80, 0x01, 0x00, 0x00, 0x02, 0x00, 0x80, 0x01, 0x00 };
const uint8_t g_4_4[] PROGMEM = { 0x00, 0x02, 0x00, 0x80, 0x01, 0x00, 0x00, 0x00, 0x00 };
const uint8_t g_4_5[] PROGMEM = { 0x00, 0x00, 0x02, 0x00, 0xC0, 0x01, 0x00, 0x40, 0x00 };
const uint8_t g_4_6[] PROGMEM = { 0x00, 0x10, 0x00, 0x00, 0x10, 0x00, 0x00, 0x10, 0x00, 0x00, 0x10, 0x00 };
const uint8_t g_4_7[] PROGMEM = { 0x00, 0x00, 0x02, 0x00, 0x00, 0x02, 0x00, 0x00, 0x02, 0x00, 0x00, 0x02, 0x00, 0x00, 0x02, 0x00, 0x00, 0x02, 0x00, 0x00, 0x02, 0x00, 0x00, 0x00, 0x00, 0x00, 0x00, 0x00, 0x00, 0x00 };
const uint8_t g_4_8[] PROGMEM = { 0x00, 0x00, 0x00, 0x00, 0xC0, 0x00, 0x00, 0x00, 0x00 };
const uint8_t g_4_9[] PROGMEM = { 0x00, 0x00, 0x01, 0x00, 0xC0, 0x00, 0x00, 0x30, 0x00, 0x00, 0x0E, 0x00, 0x80, 0x03, 0x00, 0x80, 0x00, 0x00 };
const uint8_t g_4_10[] PROGMEM = { 0x00, 0x00, 0x00, 0x00, 0x7F, 0x00, 0x80, 0xC1, 0x00, 0x80, 0x80, 0x00, 0x80, 0xC1, 0x00, 0x00, 0x7F, 0x00, 0x00, 0x1C, 0x00 };
const uint8_t g_4_11[] PROGMEM = { 0x00, 0x00, 0x00, 0x00, 0x83, 0x00, 0x00, 0x81, 0x00, 0x80, 0xFF, 0x00, 0x00, 0x80, 0x00, 0x00, 0x80, 0x00, 0x00, 0x00, 0x00 };
const uint8_t g_4_12[] PROGMEM = { 0x00, 0x80, 0x00, 0x00, 0xC3, 0x00, 0x80, 0xE1, 0x00, 0x80, 0xB0, 0x00, 0x80, 0x99, 0x00, 0x00, 0x8F, 0x00, 0x00, 0x00, 0x00 };
const uint8_t g_4_13[] PROGMEM = { 0x00, 0x00, 0x00, 0x80, 0xC0, 0x00, 0x80, 0x84, 0x00, 0x80, 0x86, 0x00, 0x80, 0xCD, 0x00, 0x80, 0x78, 0x00, 0x00, 0x00, 0x00 };
const uint8_t g_4_14[] PROGMEM = { 0x00, 0x20, 0x00, 0x00, 0x38, 0x00, 0x00, 0x2C, 0x00, 0x00, 0x22, 0x00, 0x80, 0xFF, 0x00, 0x80, 0xFF, 0x00, 0x00, 0x20, 0x00 };
const uint8_t g_4_15[] PROGMEM = { 0x00, 0x40, 0x00, 0x00, 0xCF, 0x00, 0x80, 0x85, 0x00, 0x80, 0x84, 0x00, 0x80, 0xCC, 0x00, 0x80, 0x78, 0x00, 0x00, 0x00, 0x00 };
const uint8_t g_4_16[] PROGMEM = { 0x00, 0x10, 0x00, 0x00, 0x7E, 0x00, 0x00, 0xCF, 0x00, 0x80, 0x85, 0x00, 0x80, 0xCC, 0x00, 0x00, 0x78, 0x00, 0x00, 0x30, 0x00 };
const uint8_t g_4_17[] PROGMEM = { 0x80, 0x00, 0x00, 0x80, 0x40, 0x00, 0x80, 0x70, 0x00, 0x80, 0x3C, 0x00, 0x80, 0x0F, 0x00, 0x80, 0x01, 0x00, 0x00, 0x00, 0x00 };
const uint8_t g_4_18[] PROGMEM = { 0x00, 0x20, 0x00, 0x00, 0x77, 0x00, 0x80, 0xCD, 0x00, 0x80, 0x88, 0x00, 0x80, 0xCD, 0x00, 0x00, 0x77, 0x00, 0x00, 0x00, 0x00 };
const uint8_t g_4_19[] PROGMEM = { 0x00, 0x00, 0x00, 0x00, 0x0F, 0x00, 0x80, 0x99, 0x00, 0x80, 0xD0, 0x00, 0x80, 0x79, 0x00, 0x00, 0x3F, 0x00, 0x00, 0x0C, 0x00 };
const uint8_t g_4_20[] PROGMEM = { 0x00, 0x00, 0x00, 0x00, 0xFC, 0x00, 0x00, 0x02, 0x01, 0x00, 0x79, 0x03, 0x00, 0x8D, 0x02, 0x00, 0x85, 0x02, 0x00, 0xCD, 0x00, 0x00, 0xFD, 0x00, 0x00, 0x82, 0x00, 0x00, 0x7E, 0x00, 0x00, 0x00, 0x00 };
const uint8_t g_4_21[] PROGMEM = { 0x00, 0x80, 0x00, 0x00, 0xF0, 0x00, 0x00, 0x3C, 0x00, 0x80, 0x17, 0x00, 0x80, 0x17, 0x00, 0x00, 0x1E, 0x00, 0x00, 0xF0, 0x00, 0x00, 0x80, 0x00 };
const uint8_t g_4_22[] PROGMEM = { 0x00, 0x00, 0x00, 0x80, 0xFF, 0x00, 0x80, 0x88, 0x00, 0x80, 0x88, 0x00, 0x80, 0xCF, 0x00, 0x00, 0x77, 0x00, 0x00, 0x00, 0x00 };
const uint8_t g_4_23[] PROGMEM = { 0x00, 0x00, 0x00, 0x00, 0x3E, 0x00, 0x00, 0x63, 0x00, 0x80, 0xC1, 0x00, 0x80, 0x80, 0x00, 0x80, 0x80, 0x00, 0x80, 0xC1, 0x00, 0x00, 0x63, 0x00, 0x00, 0x00, 0x00 };
const uint8_t g_4_24[] PROGMEM = { 0x00, 0x00, 0x00, 0x80, 0xFF, 0x00, 0x80, 0x80, 0x00, 0x80, 0x80, 0x00, 0x80, 0xC1, 0x00, 0x80, 0xC1, 0x00, 0x00, 0x7F, 0x00, 0x00, 0x3E, 0x00 };
const uint8_t g_4_25[] PROGMEM = { 0x00, 0x00, 0x00, 0x80, 0xFF, 0x00, 0x80, 0x88, 0x00, 0x80, 0x88, 0x00, 0x80, 0x88, 0x00, 0x00, 0x00, 0x00 };
const uint8_t g_4_26[] PROGMEM = { 0x00, 0x00, 0x00, 0x80, 0xFF, 0x00, 0x80, 0x08, 0x00, 0x80, 0x08, 0x00, 0x80, 0x08, 0x00, 0x00, 0x00, 0x00 };
const uint8_t g_4_27[] PROGMEM = { 0x00, 0x00, 0x00, 0x00, 0x3E, 0x00, 0x00, 0x63, 0x00, 0x80, 0xC1, 0x00, 0x80, 0x80, 0x00, 0x80, 0x88, 0x00, 0x80, 0xC9, 0x00, 0x00, 0x7B, 0x00, 0x00, 0x38, 0x00 };
const uint8_t g_4_28[] PROGMEM = { 0x00, 0x00, 0x00, 0x80, 0xFF, 0x00, 0x00, 0x08, 0x00, 0x00, 0x08, 0x00, 0x00, 0x08, 0x00, 0x00, 0x08, 0x00, 0x00, 0x08, 0x00, 0x80, 0xFF, 0x00, 0x00, 0x00, 0x00 };
const uint8_t g_4_29[] PROGMEM = { 0x00, 0x00, 0x00, 0x80, 0xFF, 0x00, 0x00, 0x00, 0x00 };
const uint8_t g_4_30[] PROGMEM = { 0x00, 0x40, 0x00, 0x00, 0x40, 0x00, 0x00, 0xC0, 0x00, 0x80, 0x7F, 0x00, 0x80, 0x3F, 0x00 };
const uint8_t g_4_31[] PROGMEM = { 0x00, 0x00, 0x00, 0x80, 0xFF, 0x00, 0x00, 0x08, 0x00, 0x00, 0x0C, 0x00, 0x00, 0x3E, 0x00, 0x80, 0x63, 0x00, 0x80, 0xC0, 0x00, 0x00, 0x80, 0x00 };
const uint8_t g_4_32[] PROGMEM = { 0x00, 0x00, 0x00, 0x80, 0xFF, 0x00, 0x00, 0x80, 0x00, 0x00, 0x80, 0x00, 0x00, 0x80, 0x00, 0x00, 0x80, 0x00 };
const uint8_t g_4_33[] PROGMEM = { 0x00, 0x00, 0x00, 0x80, 0xFF, 0x00, 0x80, 0x07, 0x00, 0x00, 0x1E, 0x00, 0x00, 0x70, 0x00, 0x00, 0xE0, 0x00, 0x00, 0x3C, 0x00, 0x00, 0x0F, 0x00, 0x80, 0xFF, 0x00, 0x00, 0xF8, 0x00 };
const uint8_t g_4_34[] PROGMEM = { 0x00, 0x00, 0x00, 0x80, 0xFF, 0x00, 0x00, 0x03, 0x00, 0x00, 0x06, 0x00, 0x00, 0x1C, 0x00, 0x00, 0x30, 0x00, 0x00, 0x60, 0x00, 0x80, 0xFF, 0x00, 0x00, 0x00, 0x00 };
const uint8_t g_4_35[] PROGMEM = { 0x00, 0x00, 0x00, 0x00, 0x3E, 0x00, 0x00, 0x63, 0x00, 0x80, 0xC1, 0x00, 0x80, 0x80, 0x00, 0x80, 0x81, 0x00, 0x80, 0xC1, 0x00, 0x00, 0x63, 0x00, 0x00, 0x3E, 0x00, 0x00, 0x00, 0x00 };
const uint8_t g_4_36[] PROGMEM = { 0x00, 0x00, 0x00, 0x80, 0xFF, 0x00, 0x80, 0x10, 0x00, 0x80, 0x10, 0x00, 0x80, 0x19, 0x00, 0x00, 0x0F, 0x00, 0x00, 0x00, 0x00 };
const uint8_t g_4_37[] PROGMEM = { 0x00, 0x00, 0x00, 0x00, 0x3E, 0x00, 0x00, 0x63, 0x00, 0x80, 0xC1, 0x00, 0x80, 0x80, 0x00, 0x80, 0xA1, 0x00, 0x80, 0xE1, 0x00, 0x00, 0xE3, 0x00, 0x00, 0xBE, 0x01, 0x00, 0x00, 0x01 };
const uint8_t g_4_38[] PROGMEM = { 0x00, 0x00, 0x00, 0x80, 0xFF, 0x00, 0x80, 0x10, 0x00, 0x80, 0x30, 0x00, 0x80, 0x79, 0x00, 0x00, 0xCF, 0x00, 0x00, 0x80, 0x00 };
const uint8_t g_4_39[] PROGMEM = { 0x00, 0x40, 0x00, 0x00, 0xC7, 0x00, 0x80, 0x8C, 0x00, 0x80, 0x88, 0x00, 0x80, 0xD9, 0x00, 0x00, 0x79, 0x00, 0x00, 0x00, 0x00 };
const uint8_t g_4_40[] PROGMEM = { 0x80, 0x00, 0x00, 0x80, 0x00, 0x00, 0x80, 0x00, 0x00, 0x80, 0xFF, 0x00, 0x80, 0x00, 0x00, 0x80, 0x00, 0x00, 0x80, 0x00, 0x00 };
const uint8_t g_4_41[] PROGMEM = { 0x00, 0x00, 0x00, 0x80, 0x7F, 0x00, 0x00, 0xE0, 0x00, 0x00, 0xC0, 0x00, 0x00, 0x80, 0x00, 0x00, 0xC0, 0x00, 0x00, 0x60, 0x00, 0x80, 0x7F, 0x00, 0x00, 0x00, 0x00 };
const uint8_t g_4_42[] PROGMEM = { 0x80, 0x00, 0x00, 0x80, 0x07, 0x00, 0x00, 0x1E, 0x00, 0x00, 0xF0, 0x00, 0x00, 0xF0, 0x00, 0x00, 0x3E, 0x00, 0x80, 0x07, 0x00, 0x80, 0x00, 0x00 };
const uint8_t g_4_43[] PROGMEM = { 0x80, 0x00, 0x00, 0x80, 0x07, 0x00, 0x00, 0x3C, 0x00, 0x00, 0xE0, 0x00, 0x00, 0x7C, 0x00, 0x80, 0x07, 0x00, 0x80, 0x07, 0x00, 0x00, 0x3C, 0x00, 0x00, 0xE0, 0x00, 0x00, 0x7C, 0x00, 0x80, 0x0F, 0x00, 0x80, 0x00, 0x00 };
const uint8_t g_4_44[] PROGMEM = { 0x00, 0x00, 0x00, 0x80, 0xC1, 0x00, 0x00, 0x63, 0x00, 0x00, 0x3E, 0x00, 0x00, 0x1C, 0x00, 0x00, 0x77, 0x00, 0x80, 0xC1, 0x00, 0x80, 0x80, 0x00, 0x00, 0x00, 0x00 };
const uint8_t g_4_45[] PROGMEM = { 0x80, 0x00, 0x00, 0x80, 0x03, 0x00, 0x00, 0x0E, 0x00, 0x00, 0xF8, 0x00, 0x00, 0x1C, 0x00, 0x80, 0x07, 0x00, 0x80, 0x01, 0x00, 0x00, 0x00, 0x00 };
const uint8_t g_4_46[] PROGMEM = { 0x80, 0x80, 0x00, 0x80, 0xE0, 0x00, 0x80, 0xB0, 0x00, 0x80, 0x9C, 0x00, 0x80, 0x86, 0x00, 0x80, 0x83, 0x00, 0x80, 0x80, 0x00 };
const uint8_t g_4_47[] PROGMEM = { 0x00, 0x00, 0x00, 0x80, 0xFF, 0x03, 0x80, 0x00, 0x02, 0x80, 0x00, 0x02 };
const uint8_t g_4_48[] PROGMEM = { 0x80, 0x00, 0x00, 0x00, 0x03, 0x00, 0x00, 0x0C, 0x00, 0x00, 0x70, 0x00, 0x00, 0xC0, 0x01, 0x00, 0x00, 0x01 };
const uint8_t g_4_49[] PROGMEM = { 0x80, 0x00, 0x02, 0x80, 0x00, 0x02, 0x80, 0xFF, 0x03, 0x00, 0x00, 0x00 };
const uint8_t g_4_50[] PROGMEM = { 0x00, 0x40, 0x00, 0x00, 0xFC, 0x00, 0x00, 0x94, 0x00, 0x00, 0x54, 0x00, 0x00, 0xFC, 0x00, 0x00, 0x00, 0x00 };
const uint8_t g_4_51[] PROGMEM = { 0x00, 0x00, 0x00, 0xC0, 0x7F, 0x00, 0x00, 0x66, 0x00, 0x00, 0x42, 0x00, 0x00, 0x66, 0x00, 0x00, 0x3C, 0x00, 0x00, 0x00, 0x00 };
const uint8_t g_4_52[] PROGMEM = { 0x00, 0x30, 0x00, 0x00, 0x78, 0x00, 0x00, 0x84, 0x00, 0x00, 0x84, 0x00, 0x00, 0xCC, 0x00, 0x00, 0x00, 0x00 };
const uint8_t g_4_53[] PROGMEM = { 0x00, 0x18, 0x00, 0x00, 0x7E, 0x00, 0x00, 0x42, 0x00, 0x00, 0x42, 0x00, 0x00, 0x24, 0x00, 0xC0, 0x7F, 0x00 };
const uint8_t g_4_54[] PROGMEM = { 0x00, 0x10, 0x00, 0x00, 0x78, 0x00, 0x00, 0x94, 0x00, 0x00, 0x94, 0x00, 0x00, 0xDC, 0x00, 0x00, 0x58, 0x00 };
const uint8_t g_4_55[] PROGMEM = { 0x00, 0x04, 0x00, 0x80, 0xFF, 0x00, 0xC0, 0xFF, 0x00, 0x40, 0x04, 0x00, 0x00, 0x00, 0x00 };
const uint8_t g_4_56[] PROGMEM = { 0x00, 0x30, 0x00, 0x00, 0xFC, 0x06, 0x00, 0x84, 0x04, 0x00, 0x84, 0x04, 0x00, 0x48, 0x06, 0x00, 0xFC, 0x03 };
const uint8_t g_4_57[] PROGMEM = { 0x00, 0x00, 0x00, 0xC0, 0x7F, 0x00, 0x00, 0x06, 0x00, 0x00, 0x02, 0x00, 0x00, 0x06, 0x00, 0x00, 0x7C, 0x00 };
const uint8_t g_4_58[] PROGMEM = { 0x00, 0x00, 0x00, 0x80, 0xFD, 0x00, 0x00, 0x00, 0x00 };
const uint8_t g_4_59[] PROGMEM = { 0x00, 0x00, 0x00, 0x80, 0xFD, 0x03, 0x00, 0x00, 0x00 };
const uint8_t g_4_60[] PROGMEM = { 0x00, 0x00, 0x00, 0xC0, 0xFF, 0x00, 0x00, 0x10, 0x00, 0x00, 0x78, 0x00, 0x00, 0xC4, 0x00, 0x00, 0x80, 0x00 };
const uint8_t g_4_61[] PROGMEM = { 0x00, 0x00, 0x00, 0x80, 0xFF, 0x00 };
const uint8_t g_4_62[] PROGMEM = { 0x00, 0x00, 0x00, 0x00, 0xFC, 0x00, 0x00, 0x0C, 0x00, 0x00, 0x04, 0x00, 0x00, 0xFC, 0x00, 0x00, 0x08, 0x00, 0x00, 0x04, 0x00, 0x00, 0x0C, 0x00, 0x00, 0xF8, 0x00 };
const uint8_t g_4_63[] PROGMEM = { 0x00, 0x00, 0x00, 0x00, 0xFC, 0x00, 0x00, 0x0C, 0x00, 0x00, 0x04, 0x00, 0x00, 0x0C, 0x00, 0x00, 0xF8, 0x00 };
const uint8_t g_4_64[] PROGMEM = { 0x00, 0x30, 0x00, 0x00, 0x78, 0x00, 0x00, 0x84, 0x00, 0x00, 0x84, 0x00, 0x00, 0xCC, 0x00, 0x00, 0x78, 0x00, 0x00, 0x00, 0x00 };
const uint8_t g_4_65[] PROGMEM = { 0x00, 0x00, 0x00, 0x00, 0xFC, 0x07, 0x00, 0xCC, 0x00, 0x00, 0x84, 0x00, 0x00, 0xCC, 0x00, 0x00, 0x78, 0x00, 0x00, 0x00, 0x00 };
const uint8_t g_4_66[] PROGMEM = { 0x00, 0x30, 0x00, 0x00, 0xFC, 0x00, 0x00, 0x84, 0x00, 0x00, 0x84, 0x00, 0x00, 0x48, 0x00, 0x00, 0xFC, 0x07 };
const uint8_t g_4_67[] PROGMEM = { 0x00, 0x00, 0x00, 0x00, 0xFC, 0x00, 0x00, 0x0C, 0x00, 0x00, 0x04, 0x00 };
const uint8_t g_4_68[] PROGMEM = { 0x00, 0x00, 0x00, 0x00, 0x9C, 0x00, 0x00, 0xB4, 0x00, 0x00, 0xE4, 0x00, 0x00, 0x60, 0x00 };
const uint8_t g_4_69[] PROGMEM = { 0x00, 0x04, 0x00, 0x00, 0x7F, 0x00, 0x00, 0xFF, 0x00, 0x00, 0x84, 0x00, 0x00, 0x00, 0x00 };
const uint8_t g_4_70[] PROGMEM = { 0x00, 0x00, 0x00, 0x00, 0xFC, 0x00, 0x00, 0x80, 0x00, 0x00, 0x80, 0x00, 0x00, 0x7C, 0x00, 0x00, 0xFC, 0x00 };
const uint8_t g_4_71[] PROGMEM = { 0x00, 0x04, 0x00, 0x00, 0x3C, 0x00, 0x00, 0xE0, 0x00, 0x00, 0xE0, 0x00, 0x00, 0x3C, 0x00, 0x00, 0x04, 0x00 };
const uint8_t g_4_72[] PROGMEM = { 0x00, 0x04, 0x00, 0x00, 0x7C, 0x00, 0x00, 0xC0, 0x00, 0x00, 0x78, 0x00, 0x00, 0x1C, 0x00, 0x00, 0xF0, 0x00, 0x00, 0xF0, 0x00, 0x00, 0x1C, 0x00, 0x00, 0x00, 0x00 };
const uint8_t g_4_73[] PROGMEM = { 0x00, 0x80, 0x00, 0x00, 0xCC, 0x00, 0x00, 0x78, 0x00, 0x00, 0x78, 0x00, 0x00, 0xCC, 0x00, 0x00, 0x84, 0x00 };
const uint8_t g_4_74[] PROGMEM = { 0x00, 0x04, 0x00, 0x00, 0x1C, 0x02, 0x00, 0xF0, 0x03, 0x00, 0xF0, 0x00, 0x00, 0x1C, 0x00, 0x00, 0x04, 0x00 };
const uint8_t g_4_75[] PROGMEM = { 0x00, 0x84, 0x00, 0x00, 0xC4, 0x00, 0x00, 0xF4, 0x00, 0x00, 0x9C, 0x00, 0x00, 0x8C, 0x00, 0x00, 0x00, 0x00 };
const uint8_t g_4_76[] PROGMEM = { 0x00, 0x80, 0x00, 0x00, 0xF0, 0x00, 0x00, 0x3C, 0x00, 0x80, 0x17, 0x00, 0x80, 0x17, 0x00, 0x00, 0x1E, 0x00, 0x00, 0xF0, 0x00, 0x00, 0x80, 0x00 };
const uint8_t g_4_77[] PROGMEM = { 0x00, 0x00, 0x00, 0x80, 0xFF, 0x00, 0x80, 0x88, 0x00, 0x80, 0x88, 0x00, 0x80, 0xC8, 0x00, 0x80, 0x78, 0x00, 0x00, 0x00, 0x00 };
const uint8_t g_4_78[] PROGMEM = { 0x00, 0x00, 0x00, 0x80, 0xFF, 0x00, 0x80, 0x88, 0x00, 0x80, 0x88, 0x00, 0x80, 0xCF, 0x00, 0x00, 0x77, 0x00, 0x00, 0x00, 0x00 };
const uint8_t g_4_79[] PROGMEM = { 0x00, 0x00, 0x00, 0x80, 0xFF, 0x00, 0x80, 0x00, 0x00, 0x80, 0x00, 0x00, 0x80, 0x00, 0x00, 0x00, 0x00, 0x00 };
const uint8_t g_4_80[] PROGMEM = { 0x00, 0x80, 0x03, 0x00, 0xC0, 0x03, 0x00, 0xFE, 0x00, 0x80, 0x8F, 0x00, 0x80, 0x80, 0x00, 0x80, 0x80, 0x00, 0x80, 0x80, 0x00, 0x80, 0xFF, 0x00, 0x00, 0x80, 0x03, 0x00, 0x00, 0x00 };
const uint8_t g_4_81[] PROGMEM = { 0x00, 0x00, 0x00, 0x80, 0xFF, 0x00, 0x80, 0x88, 0x00, 0x80, 0x88, 0x00, 0x80, 0x88, 0x00, 0x00, 0x00, 0x00 };
const uint8_t g_4_82[] PROGMEM = { 0x00, 0x00, 0x00, 0xD0, 0x7F, 0x00, 0x40, 0x44, 0x00, 0x50, 0x44, 0x00, 0x50, 0x44, 0x00, 0x00, 0x00, 0x00 };
const uint8_t g_4_83[] PROGMEM = { 0x00, 0x80, 0x00, 0x80, 0xC1, 0x00, 0x00, 0x73, 0x00, 0x00, 0x1E, 0x00, 0x00, 0x08, 0x00, 0x80, 0xFF, 0x00, 0x80, 0xFF, 0x00, 0x00, 0x0C, 0x00, 0x00, 0x3F, 0x00, 0x80, 0xE3, 0x00, 0x80, 0xC0, 0x00, 0x00, 0x00, 0x00 };
const uint8_t g_4_84[] PROGMEM = { 0x00, 0x00, 0x00, 0x80, 0xC1, 0x00, 0x80, 0x88, 0x00, 0x80, 0x88, 0x00, 0x80, 0xDD, 0x00, 0x00, 0x77, 0x00, 0x00, 0x00, 0x00 };
const uint8_t g_4_85[] PROGMEM = { 0x00, 0x00, 0x00, 0x80, 0xFF, 0x00, 0x00, 0x60, 0x00, 0x00, 0x30, 0x00, 0x00, 0x1C, 0x00, 0x00, 0x06, 0x00, 0x80, 0xFF, 0x00, 0x80, 0xFF, 0x00 };
const uint8_t g_4_86[] PROGMEM = { 0x00, 0x00, 0x00, 0x80, 0xFF, 0x00, 0x10, 0x60, 0x00, 0x20, 0x30, 0x00, 0x20, 0x1C, 0x00, 0x30, 0x06, 0x00, 0x80, 0xFF, 0x00, 0x80, 0xFF, 0x00 };
const uint8_t g_4_87[] PROGMEM = { 0x00, 0x00, 0x00, 0x80, 0xFF, 0x00, 0x00, 0x08, 0x00, 0x00, 0x0C, 0x00, 0x00, 0x3E, 0x00, 0x80, 0x63, 0x00, 0x80, 0xC0, 0x00, 0x00, 0x80, 0x00 };
const uint8_t g_4_88[] PROGMEM = { 0x00, 0x80, 0x00, 0x00, 0xC0, 0x00, 0x80, 0x7F, 0x00, 0x80, 0x07, 0x00, 0x80, 0x00, 0x00, 0x80, 0x00, 0x00, 0x80, 0xFF, 0x00, 0x80, 0xFF, 0x00 };
const uint8_t g_4_89[] PROGMEM = { 0x00, 0x00, 0x00, 0x80, 0xFF, 0x00, 0x80, 0x07, 0x00, 0x00, 0x1E, 0x00, 0x00, 0x70, 0x00, 0x00, 0xE0, 0x00, 0x00, 0x3C, 0x00, 0x00, 0x0F, 0x00, 0x80, 0xFF, 0x00, 0x00, 0xF8, 0x00 };
const uint8_t g_4_90[] PROGMEM = { 0x00, 0x00, 0x00, 0x80, 0xFF, 0x00, 0x00, 0x08, 0x00, 0x00, 0x08, 0x00, 0x00, 0x08, 0x00, 0x00, 0x08, 0x00, 0x00, 0x08, 0x00, 0x80, 0xFF, 0x00, 0x00, 0x00, 0x00 };
const uint8_t g_4_91[] PROGMEM = { 0x00, 0x00, 0x00, 0x00, 0x3E, 0x00, 0x00, 0x63, 0x00, 0x80, 0xC1, 0x00, 0x80, 0x80, 0x00, 0x80, 0x81, 0x00, 0x80, 0xC1, 0x00, 0x00, 0x63, 0x00, 0x00, 0x3E, 0x00, 0x00, 0x00, 0x00 };
const uint8_t g_4_92[] PROGMEM = { 0x00, 0x00, 0x00, 0x80, 0xFF, 0x00, 0x80, 0x00, 0x00, 0x80, 0x00, 0x00, 0x80, 0x00, 0x00, 0x80, 0x00, 0x00, 0x80, 0x00, 0x00, 0x80, 0xFF, 0x00, 0x00, 0x00, 0x00 };
const uint8_t g_4_93[] PROGMEM = { 0x00, 0x00, 0x00, 0x80, 0xFF, 0x00, 0x80, 0x10, 0x00, 0x80, 0x10, 0x00, 0x80, 0x19, 0x00, 0x00, 0x0F, 0x00, 0x00, 0x00, 0x00 };
const uint8_t g_4_94[] PROGMEM = { 0x00, 0x00, 0x00, 0x00, 0x3E, 0x00, 0x00, 0x63, 0x00, 0x80, 0xC1, 0x00, 0x80, 0x80, 0x00, 0x80, 0x80, 0x00, 0x80, 0xC1, 0x00, 0x00, 0x63, 0x00, 0x00, 0x00, 0x00 };
const uint8_t g_4_95[] PROGMEM = { 0x80, 0x00, 0x00, 0x80, 0x00, 0x00, 0x80, 0x00, 0x00, 0x80, 0xFF, 0x00, 0x80, 0x00, 0x00, 0x80, 0x00, 0x00, 0x80, 0x00, 0x00 };
const uint8_t g_4_96[] PROGMEM = { 0x80, 0x00, 0x00, 0x80, 0x03, 0x00, 0x00, 0x0E, 0x00, 0x00, 0xF8, 0x00, 0x00, 0x78, 0x00, 0x00, 0x1E, 0x00, 0x80, 0x03, 0x00, 0x80, 0x00, 0x00 };
const uint8_t g_4_97[] PROGMEM = { 0x00, 0x00, 0x00, 0x00, 0x3E, 0x00, 0x00, 0x63, 0x00, 0x00, 0x41, 0x00, 0x80, 0xFF, 0x00, 0x80, 0xFF, 0x00, 0x00, 0x41, 0x00, 0x00, 0x63, 0x00, 0x00, 0x3E, 0x00, 0x00, 0x00, 0x00 };
const uint8_t g_4_98[] PROGMEM = { 0x00, 0x00, 0x00, 0x80, 0xC1, 0x00, 0x00, 0x63, 0x00, 0x00, 0x3E, 0x00, 0x00, 0x1C, 0x00, 0x00, 0x77, 0x00, 0x80, 0xC1, 0x00, 0x80, 0x80, 0x00, 0x00, 0x00, 0x00 };
const uint8_t g_4_99[] PROGMEM = { 0x00, 0x00, 0x00, 0x80, 0xFF, 0x00, 0x00, 0x80, 0x00, 0x00, 0x80, 0x00, 0x00, 0x80, 0x00, 0x00, 0x80, 0x00, 0x00, 0x80, 0x00, 0x80, 0xFF, 0x00, 0x00, 0x80, 0x03, 0x00, 0x00, 0x00 };
const uint8_t g_4_100[] PROGMEM = { 0x80, 0x07, 0x00, 0x80, 0x1F, 0x00, 0x00, 0x18, 0x00, 0x00, 0x10, 0x00, 0x00, 0x18, 0x00, 0x80, 0xFF, 0x00, 0x80, 0xFF, 0x00 };
const uint8_t g_4_101[] PROGMEM = { 0x00, 0x00, 0x00, 0x80, 0xFF, 0x00, 0x00, 0x80, 0x00, 0x00, 0x80, 0x00, 0x00, 0x80, 0x00, 0x80, 0xFF, 0x00, 0x80, 0xFF, 0x00, 0x00, 0x80, 0x00, 0x00, 0x80, 0x00, 0x00, 0x80, 0x00, 0x80, 0xFF, 0x00, 0x00, 0x00, 0x00 };
const uint8_t g_4_102[] PROGMEM = { 0x00, 0x00, 0x00, 0x80, 0xFF, 0x00, 0x00, 0x80, 0x00, 0x00, 0x80, 0x00, 0x00, 0x80, 0x00, 0x80, 0xFF, 0x00, 0x80, 0xFF, 0x00, 0x00, 0x80, 0x00, 0x00, 0x80, 0x00, 0x00, 0x80, 0x00, 0x80, 0xFF, 0x00, 0x00, 0x80, 0x03, 0x00, 0x80, 0x03 };
const uint8_t g_4_103[] PROGMEM = { 0x80, 0x00, 0x00, 0x80, 0x00, 0x00, 0x80, 0x00, 0x00, 0x80, 0xFF, 0x00, 0x00, 0x88, 0x00, 0x00, 0x88, 0x00, 0x00, 0xD8, 0x00, 0x00, 0x78, 0x00, 0x00, 0x00, 0x00 };
const uint8_t g_4_104[] PROGMEM = { 0x00, 0x00, 0x00, 0x80, 0xFF, 0x00, 0x00, 0x88, 0x00, 0x00, 0x88, 0x00, 0x00, 0xC8, 0x00, 0x00, 0x78, 0x00, 0x00, 0x00, 0x00, 0x80, 0xFF, 0x00, 0x80, 0xFF, 0x00 };
const uint8_t g_4_105[] PROGMEM = { 0x00, 0x00, 0x00, 0x80, 0xFF, 0x00, 0x00, 0x88, 0x00, 0x00, 0x88, 0x00, 0x00, 0xC8, 0x00, 0x00, 0x78, 0x00, 0x00, 0x00, 0x00 };
const uint8_t g_4_106[] PROGMEM = { 0x00, 0x00, 0x00, 0x00, 0x63, 0x00, 0x80, 0xC1, 0x00, 0x80, 0x89, 0x00, 0x80, 0x88, 0x00, 0x80, 0xC9, 0x00, 0x00, 0x6B, 0x00, 0x00, 0x3E, 0x00, 0x00, 0x00, 0x00 };
const uint8_t g_4_107[] PROGMEM = { 0x00, 0x00, 0x00, 0x80, 0xFF, 0x00, 0x00, 0x08, 0x00, 0x00, 0x08, 0x00, 0x00, 0x3E, 0x00, 0x00, 0x63, 0x00, 0x80, 0xC1, 0x00, 0x80, 0x81, 0x00, 0x80, 0x80, 0x00, 0x80, 0xC1, 0x00, 0x00, 0x63, 0x00, 0x00, 0x3E, 0x00, 0x00, 0x00, 0x00 };
const uint8_t g_4_108[] PROGMEM = { 0x00, 0x80, 0x00, 0x00, 0xCF, 0x00, 0x80, 0xF9, 0x00, 0x80, 0x30, 0x00, 0x80, 0x10, 0x00, 0x80, 0xFF, 0x00, 0x00, 0x00, 0x00 };
const uint8_t g_4_109[] PROGMEM = { 0x00, 0x40, 0x00, 0x00, 0xFC, 0x00, 0x00, 0x94, 0x00, 0x00, 0x54, 0x00, 0x00, 0xFC, 0x00, 0x00, 0x00, 0x00 };
const uint8_t g_4_110[] PROGMEM = { 0x00, 0x18, 0x00, 0x00, 0x7F, 0x00, 0x00, 0x85, 0x00, 0x80, 0x85, 0x00, 0x80, 0xCC, 0x00, 0x80, 0x78, 0x00 };
const uint8_t g_4_111[] PROGMEM = { 0x00, 0x00, 0x00, 0x00, 0xFC, 0x00, 0x00, 0x94, 0x00, 0x00, 0x94, 0x00, 0x00, 0xEC, 0x00, 0x00, 0x00, 0x00 };
const uint8_t g_4_112[] PROGMEM = { 0x00, 0x00, 0x00, 0x00, 0xFC, 0x00, 0x00, 0x04, 0x00, 0x00, 0x04, 0x00, 0x00, 0x00, 0x00 };
const uint8_t g_4_113[] PROGMEM = { 0x00, 0x80, 0x03, 0x00, 0xE0, 0x00, 0x00, 0xBC, 0x00, 0x00, 0x84, 0x00, 0x00, 0x84, 0x00, 0x00, 0xFC, 0x03, 0x00, 0x80, 0x03 };
const uint8_t g_4_114[] PROGMEM = { 0x00, 0x10, 0x00, 0x00, 0x78, 0x00, 0x00, 0x94, 0x00, 0x00, 0x94, 0x00, 0x00, 0xDC, 0x00, 0x00, 0x58, 0x00 };
const uint8_t g_4_115[] PROGMEM = { 0x00, 0x10, 0x00, 0x80, 0x78, 0x00, 0x80, 0x94, 0x00, 0x00, 0x94, 0x00, 0x80, 0xDC, 0x00, 0x00, 0x58, 0x00 };
const uint8_t g_4_116[] PROGMEM = { 0x00, 0x80, 0x00, 0x00, 0xEC, 0x00, 0x00, 0x38, 0x00, 0x00, 0x10, 0x00, 0x00, 0xFC, 0x00, 0x00, 0x10, 0x00, 0x00, 0x78, 0x00, 0x00, 0xC4, 0x00, 0x00, 0x80, 0x00 };
const uint8_t g_4_117[] PROGMEM = { 0x00, 0x00, 0x00, 0x00, 0x84, 0x00, 0x00, 0x94, 0x00, 0x00, 0xFC, 0x00, 0x00, 0x60, 0x00 };
const uint8_t g_4_118[] PROGMEM = { 0x00, 0x00, 0x00, 0x00, 0xFC, 0x00, 0x00, 0x60, 0x00, 0x00, 0x30, 0x00, 0x00, 0xFC, 0x00, 0x00, 0xFC, 0x00 };
const uint8_t g_4_119[] PROGMEM = { 0x00, 0x00, 0x00, 0x80, 0xFC, 0x00, 0x00, 0x61, 0x00, 0x00, 0x31, 0x00, 0x80, 0xFD, 0x00, 0x00, 0xFC, 0x00 };
const uint8_t g_4_120[] PROGMEM = { 0x00, 0x00, 0x00, 0x00, 0xFC, 0x00, 0x00, 0x10, 0x00, 0x00, 0x78, 0x00, 0x00, 0xC4, 0x00, 0x00, 0x80, 0x00 };
const uint8_t g_4_121[] PROGMEM = { 0x00, 0x80, 0x00, 0x00, 0xFC, 0x00, 0x00, 0x3C, 0x00, 0x00, 0x04, 0x00, 0x00, 0xFC, 0x00, 0x00, 0xFC, 0x00 };
const uint8_t g_4_122[] PROGMEM = { 0x00, 0x00, 0x00, 0x00, 0xFC, 0x00, 0x00, 0x18, 0x00, 0x00, 0x30, 0x00, 0x00, 0x30, 0x00, 0x00, 0x18, 0x00, 0x00, 0xFC, 0x00, 0x00, 0x00, 0x00 };
const uint8_t g_4_123[] PROGMEM = { 0x00, 0x00, 0x00, 0x00, 0xFC, 0x00, 0x00, 0x10, 0x00, 0x00, 0x10, 0x00, 0x00, 0xFC, 0x00, 0x00, 0xFC, 0x00 };
const uint8_t g_4_124[] PROGMEM = { 0x00, 0x30, 0x00, 0x00, 0x78, 0x00, 0x00, 0x84, 0x00, 0x00, 0x84, 0x00, 0x00, 0xCC, 0x00, 0x00, 0x78, 0x00, 0x00, 0x00, 0x00 };
const uint8_t g_4_125[] PROGMEM = { 0x00, 0x00, 0x00, 0x00, 0xFC, 0x00, 0x00, 0x04, 0x00, 0x00, 0x04, 0x00, 0x00, 0xFC, 0x00, 0x00, 0xFC, 0x00 };
const uint8_t g_4_126[] PROGMEM = { 0x00, 0x00, 0x00, 0x00, 0xFC, 0x07, 0x00, 0xCC, 0x00, 0x00, 0x84, 0x00, 0x00, 0xCC, 0x00, 0x00, 0x78, 0x00, 0x00, 0x00, 0x00 };
const uint8_t g_4_127[] PROGMEM = { 0x00, 0x30, 0x00, 0x00, 0x78, 0x00, 0x00, 0x84, 0x00, 0x00, 0x84, 0x00, 0x00, 0xCC, 0x00, 0x00, 0x00, 0x00 };
const uint8_t g_4_128[] PROGMEM = { 0x00, 0x04, 0x00, 0x00, 0x04, 0x00, 0x00, 0xFC, 0x00, 0x00, 0x04, 0x00, 0x00, 0x04, 0x00, 0x00, 0x00, 0x00 };
const uint8_t g_4_129[] PROGMEM = { 0x00, 0x04, 0x00, 0x00, 0x1C, 0x02, 0x00, 0xF0, 0x03, 0x00, 0xF0, 0x00, 0x00, 0x1C, 0x00, 0x00, 0x04, 0x00 };
const uint8_t g_4_130[] PROGMEM = { 0x00, 0x30, 0x00, 0x00, 0x78, 0x00, 0x00, 0x84, 0x00, 0xC0, 0xFF, 0x07, 0xC0, 0xFF, 0x07, 0x00, 0x8C, 0x00, 0x00, 0x78, 0x00, 0x00, 0x00, 0x00 };
const uint8_t g_4_131[] PROGMEM = { 0x00, 0x80, 0x00, 0x00, 0xCC, 0x00, 0x00, 0x78, 0x00, 0x00, 0x78, 0x00, 0x00, 0xCC, 0x00, 0x00, 0x84, 0x00 };
const uint8_t g_4_132[] PROGMEM = { 0x00, 0x00, 0x00, 0x00, 0xFC, 0x00, 0x00, 0x80, 0x00, 0x00, 0x80, 0x00, 0x00, 0xFC, 0x00, 0x00, 0xFC, 0x03, 0x00, 0x80, 0x03 };
const uint8_t g_4_133[] PROGMEM = { 0x00, 0x1C, 0x00, 0x00, 0x3C, 0x00, 0x00, 0x20, 0x00, 0x00, 0x20, 0x00, 0x00, 0xFC, 0x00 };
const uint8_t g_4_134[] PROGMEM = { 0x00, 0x00, 0x00, 0x00, 0xFC, 0x00, 0x00, 0x80, 0x00, 0x00, 0x80, 0x00, 0x00, 0xFC, 0x00, 0x00, 0x80, 0x00, 0x00, 0x80, 0x00, 0x00, 0xFC, 0x00 };
const uint8_t g_4_135[] PROGMEM = { 0x00, 0x00, 0x00, 0x00, 0xFC, 0x00, 0x00, 0x80, 0x00, 0x00, 0x80, 0x00, 0x00, 0xFC, 0x00, 0x00, 0x80, 0x00, 0x00, 0x80, 0x00, 0x00, 0xFC, 0x00, 0x00, 0x80, 0x03 };
const uint8_t g_4_136[] PROGMEM = { 0x00, 0x04, 0x00, 0x00, 0x04, 0x00, 0x00, 0xFC, 0x00, 0x00, 0x90, 0x00, 0x00, 0x90, 0x00, 0x00, 0xF0, 0x00, 0x00, 0x60, 0x00 };
const uint8_t g_4_137[] PROGMEM = { 0x00, 0x00, 0x00, 0x00, 0xFC, 0x00, 0x00, 0x90, 0x00, 0x00, 0x90, 0x00, 0x00, 0xF0, 0x00, 0x00, 0x00, 0x00, 0x00, 0xFC, 0x00, 0x00, 0x00, 0x00 };
const uint8_t g_4_138[] PROGMEM = { 0x00, 0x00, 0x00, 0x00, 0xFC, 0x00, 0x00, 0x90, 0x00, 0x00, 0x90, 0x00, 0x00, 0xF0, 0x00, 0x00, 0x00, 0x00 };
const uint8_t g_4_139[] PROGMEM = { 0x00, 0x40, 0x00, 0x00, 0xCC, 0x00, 0x00, 0x94, 0x00, 0x00, 0x94, 0x00, 0x00, 0x78, 0x00, 0x00, 0x00, 0x00 };
const uint8_t g_4_140[] PROGMEM = { 0x00, 0x00, 0x00, 0x00, 0xFC, 0x00, 0x00, 0x10, 0x00, 0x00, 0x78, 0x00, 0x00, 0xCC, 0x00, 0x00, 0x84, 0x00, 0x00, 0xCC, 0x00, 0x00, 0x78, 0x00, 0x00, 0x00, 0x00 };
const uint8_t g_4_141[] PROGMEM = { 0x00, 0x80, 0x00, 0x00, 0xFC, 0x00, 0x00, 0x64, 0x00, 0x00, 0x24, 0x00, 0x00, 0xFC, 0x00, 0x00, 0x00, 0x00 };

const uint8_t g_5_0[] PROGMEM = { 0x00, 0x00, 0x00, 0x00, 0x00, 0x00, 0x00, 0x00, 0x00 };
const uint8_t g_5_1[] PROGMEM = { 0x00, 0x01, 0x00, 0x80, 0x00, 0x00, 0x80, 0xB8, 0x00, 0x80, 0x08, 0x00, 0x00, 0x07, 0x00, 0x00, 0x00, 0x00 };
const uint8_t g_5_2[] PROGMEM = { 0x00, 0x1F, 0x00, 0x00, 0x00, 0x00 };
const uint8_t g_5_3[] PROGMEM = { 0x00, 0x00, 0x00, 0x00, 0x01, 0x00, 0x00, 0x01, 0x00 };
const uint8_t g_5_4[] PROGMEM = { 0x00, 0x00, 0x00, 0x00, 0x01, 0x00 };
const uint8_t g_5_5[] PROGMEM = { 0x00, 0x00, 0x01, 0x00, 0x00, 0x00 };
const uint8_t g_5_6[] PROGMEM = { 0x00, 0x00, 0x00, 0x00, 0x00, 0x00, 0x00, 0x20, 0x00, 0x00, 0x00, 0x00, 0x00, 0x00, 0x00 };
const uint8_t g_5_7[] PROGMEM = { 0x00, 0x00, 0x02, 0x00, 0x00, 0x02, 0x00, 0x00, 0x02, 0x00, 0x00, 0x02, 0x00, 0x00, 0x02, 0x00, 0x00, 0x02, 0x00, 0x00, 0x00, 0x00, 0x00, 0x00, 0x00, 0x00, 0x00 };
const uint8_t g_5_8[] PROGMEM = { 0x00, 0x00, 0x00, 0x00, 0x80, 0x00 };
const uint8_t g_5_9[] PROGMEM = { 0x00, 0x80, 0x01, 0x00, 0x60, 0x00, 0x00, 0x18, 0x00, 0x00, 0x06, 0x00, 0x00, 0x01, 0x00, 0x00, 0x00, 0x00 };
const uint8_t g_5_10[] PROGMEM = { 0x00, 0x00, 0x00, 0x80, 0xFF, 0x00, 0x80, 0x80, 0x00, 0x80, 0x80, 0x00, 0x80, 0xC1, 0x00, 0x00, 0x3E, 0x00 };
const uint8_t g_5_11[] PROGMEM = { 0x00, 0x00, 0x00, 0x00, 0x81, 0x00, 0x80, 0xFF, 0x00, 0x00, 0x80, 0x00, 0x00, 0x00, 0x00, 0x00, 0x00, 0x00 };
const uint8_t g_5_12[] PROGMEM = { 0x00, 0x00, 0x00, 0x80, 0xC0, 0x00, 0x80, 0xA0, 0x00, 0x80, 0x90, 0x00, 0x80, 0x8D, 0x00, 0x00, 0x02, 0x00 };
const uint8_t g_5_13[] PROGMEM = { 0x00, 0x00, 0x00, 0x00, 0x80, 0x00, 0x80, 0x84, 0x00, 0x80, 0x8B, 0x00, 0x80, 0xC9, 0x00, 0x00, 0x30, 0x00 };
const uint8_t g_5_14[] PROGMEM = { 0x00, 0x10, 0x00, 0x00, 0x28, 0x00, 0x00, 0x26, 0x00, 0x00, 0x21, 0x00, 0x00, 0x7F, 0x00, 0x00, 0x00, 0x00, 0x00, 0x00, 0x00 };
const uint8_t g_5_15[] PROGMEM = { 0x00, 0x00, 0x00, 0x00, 0x8F, 0x00, 0x80, 0x88, 0x00, 0x80, 0x88, 0x00, 0x80, 0xC8, 0x00, 0x00, 0x30, 0x00 };
const uint8_t g_5_16[] PROGMEM = { 0x00, 0x7E, 0x00, 0x00, 0x89, 0x00, 0x00, 0x89, 0x00, 0x80, 0x88, 0x00, 0x00, 0x88, 0x00, 0x00, 0x70, 0x00 };
const uint8_t g_5_17[] PROGMEM = { 0x00, 0x00, 0x00, 0x80, 0x40, 0x00, 0x80, 0x30, 0x00, 0x80, 0x0C, 0x00, 0x80, 0x03, 0x00, 0x80, 0x00, 0x00 };
const uint8_t g_5_18[] PROGMEM = { 0x00, 0x00, 0x00, 0x80, 0xFF, 0x00, 0x80, 0x88, 0x00, 0x80, 0x88, 0x00, 0x00, 0xDF, 0x00, 0x00, 0x20, 0x00 };
const uint8_t g_5_19[] PROGMEM = { 0x00, 0x07, 0x00, 0x80, 0x08, 0x00, 0x80, 0x90, 0x00, 0x80, 0x50, 0x00, 0x80, 0x28, 0x00, 0x00, 0x1F, 0x00 };
const uint8_t g_5_20[] PROGMEM = { 0x00, 0x00, 0x00, 0x00, 0xFF, 0x00, 0x80, 0x3C, 0x01, 0x80, 0x42, 0x01, 0x80, 0x82, 0x00, 0x80, 0x42, 0x00, 0x80, 0x7E, 0x00, 0x80, 0x80, 0x00, 0x00, 0x61, 0x00, 0x00, 0x1E, 0x00 };
const uint8_t g_5_21[] PROGMEM = { 0x00, 0xE0, 0x00, 0x00, 0x1C, 0x00, 0x00, 0x13, 0x00, 0x80, 0x11, 0x00, 0x00, 0x16, 0x00, 0x00, 0x38, 0x00, 0x00, 0x40, 0x00, 0x00, 0x00, 0x00 };
const uint8_t g_5_22[] PROGMEM = { 0x00, 0x00, 0x00, 0x80, 0xFF, 0x00, 0x80, 0x88, 0x00, 0x80, 0x88, 0x00, 0x80, 0x8F, 0x00, 0x00, 0x70, 0x00 };
const uint8_t g_5_23[] PROGMEM = { 0x00, 0x00, 0x00, 0x00, 0x7F, 0x00, 0x00, 0x81, 0x00, 0x80, 0x80, 0x00, 0x80, 0x80, 0x00, 0x80, 0x80, 0x00, 0x80, 0x80, 0x00, 0x00, 0x00, 0x00, 0x00, 0x00, 0x00 };
const uint8_t g_5_24[] PROGMEM = { 0x00, 0x00, 0x00, 0x80, 0xFF, 0x00, 0x80, 0x80, 0x00, 0x80, 0x80, 0x00, 0x80, 0x80, 0x00, 0x00, 0x41, 0x00, 0x00, 0x3E, 0x00, 0x00, 0x00, 0x00 };
const uint8_t g_5_25[] PROGMEM = { 0x00, 0x00, 0x00, 0x80, 0xFF, 0x00, 0x80, 0x88, 0x00, 0x80, 0x88, 0x00, 0x00, 0x00, 0x00 };
const uint8_t g_5_26[] PROGMEM = { 0x00, 0x00, 0x00, 0x80, 0x7F, 0x00, 0x80, 0x08, 0x00, 0x80, 0x08, 0x00, 0x00, 0x00, 0x00 };
const uint8_t g_5_27[] PROGMEM = { 0x00, 0x00, 0x00, 0x00, 0x7F, 0x00, 0x00, 0x81, 0x00, 0x80, 0x80, 0x00, 0x80, 0x80, 0x00, 0x80, 0x80, 0x00, 0x80, 0x90, 0x00, 0x00, 0x70, 0x00, 0x00, 0x00, 0x00 };
const uint8_t g_5_28[] PROGMEM = { 0x00, 0x00, 0x00, 0x00, 0x7F, 0x00, 0x00, 0x08, 0x00, 0x00, 0x08, 0x00, 0x00, 0x08, 0x00, 0x00, 0x08, 0x00, 0x00, 0x08, 0x00, 0x80, 0xFF, 0x00 };
const uint8_t g_5_29[] PROGMEM = { 0x00, 0x00, 0x00, 0x00, 0x7F, 0x00 };
const uint8_t g_5_30[] PROGMEM = { 0x00, 0x80, 0x00, 0x00, 0x80, 0x00, 0x00, 0x80, 0x00, 0x00, 0x7F, 0x00 };
const uint8_t g_5_31[] PROGMEM = { 0x00, 0x00, 0x00, 0x00, 0x7F, 0x00, 0x00, 0x0C, 0x00, 0x00, 0x32, 0x00, 0x00, 0x41, 0x00, 0x00, 0x00, 0x00, 0x00, 0x00, 0x00 };
const uint8_t g_5_32[] PROGMEM = { 0x00, 0x00, 0x00, 0x00, 0x7F, 0x00, 0x00, 0x80, 0x00, 0x00, 0x80, 0x00, 0x00, 0x00, 0x00 };
const uint8_t g_5_33[] PROGMEM = { 0x00, 0x00, 0x00, 0x80, 0x7F, 0x00, 0x00, 0x0E, 0x00, 0x00, 0x30, 0x00, 0x00, 0xC0, 0x00, 0x00, 0x70, 0x00, 0x00, 0x0C, 0x00, 0x00, 0x02, 0x00, 0x00, 0x7F, 0x00, 0x00, 0x00, 0x00 };
const uint8_t g_5_34[] PROGMEM = { 0x00, 0x00, 0x00, 0x80, 0x7F, 0x00, 0x00, 0x06, 0x00, 0x00, 0x08, 0x00, 0x00, 0x10, 0x00, 0x00, 0x60, 0x00, 0x00, 0xFF, 0x00, 0x00, 0x00, 0x00 };
const uint8_t g_5_35[] PROGMEM = { 0x00, 0x00, 0x00, 0x00, 0x7F, 0x00, 0x00, 0x81, 0x00, 0x80, 0x80, 0x00, 0x80, 0x80, 0x00, 0x80, 0x80, 0x00, 0x80, 0x80, 0x00, 0x00, 0x41, 0x00, 0x00, 0x3E, 0x00, 0x00, 0x00, 0x00 };
const uint8_t g_5_36[] PROGMEM = { 0x00, 0x00, 0x00, 0x80, 0x7F, 0x00, 0x80, 0x10, 0x00, 0x80, 0x10, 0x00, 0x00, 0x0F, 0x00, 0x00, 0x00, 0x00 };
const uint8_t g_5_37[] PROGMEM = { 0x00, 0x00, 0x00, 0x00, 0x7F, 0x00, 0x00, 0x81, 0x00, 0x80, 0x80, 0x00, 0x80, 0x00, 0x01, 0x80, 0x40, 0x01, 0x80, 0xC0, 0x00, 0x00, 0xC1, 0x00, 0x00, 0x3E, 0x01, 0x00, 0x00, 0x01 };
const uint8_t g_5_38[] PROGMEM = { 0x00, 0x00, 0x00, 0x80, 0x7F, 0x00, 0x80, 0x10, 0x00, 0x80, 0x38, 0x00, 0x00, 0x47, 0x00, 0x00, 0x00, 0x00, 0x00, 0x00, 0x00 };
const uint8_t g_5_39[] PROGMEM = { 0x00, 0x03, 0x00, 0x80, 0x84, 0x00, 0x80, 0x88, 0x00, 0x80, 0x88, 0x00, 0x80, 0xD0, 0x00, 0x00, 0x20, 0x00 };
const uint8_t g_5_40[] PROGMEM = { 0x00, 0x00, 0x00, 0x80, 0x00, 0x00, 0x80, 0x00, 0x00, 0x80, 0xFF, 0x00, 0x80, 0x00, 0x00, 0x80, 0x00, 0x00, 0x00, 0x00, 0x00 };
const uint8_t g_5_41[] PROGMEM = { 0x00, 0x00, 0x00, 0x00, 0x7F, 0x00, 0x00, 0x80, 0x00, 0x00, 0x80, 0x00, 0x00, 0x80, 0x00, 0x00, 0x80, 0x00, 0x00, 0x7F, 0x00, 0x00, 0x00, 0x00 };
const uint8_t g_5_42[] PROGMEM = { 0x80, 0x03, 0x00, 0x00, 0x0C, 0x00, 0x00, 0x30, 0x00, 0x00, 0xC0, 0x00, 0x00, 0x60, 0x00, 0x00, 0x1C, 0x00, 0x00, 0x03, 0x00, 0x80, 0x00, 0x00 };
const uint8_t g_5_43[] PROGMEM = { 0x80, 0x07, 0x00, 0x00, 0x38, 0x00, 0x00, 0x40, 0x00, 0x00, 0x38, 0x00, 0x00, 0x07, 0x00, 0x80, 0x03, 0x00, 0x00, 0x3C, 0x00, 0x00, 0x40, 0x00, 0x00, 0x38, 0x00, 0x00, 0x07, 0x00, 0x80, 0x00, 0x00 };
const uint8_t g_5_44[] PROGMEM = { 0x00, 0xC0, 0x00, 0x00, 0x23, 0x00, 0x00, 0x14, 0x00, 0x00, 0x1C, 0x00, 0x00, 0x23, 0x00, 0x00, 0x40, 0x00, 0x00, 0x00, 0x00 };
const uint8_t g_5_45[] PROGMEM = { 0x80, 0x01, 0x00, 0x00, 0x06, 0x00, 0x00, 0x78, 0x00, 0x00, 0x0C, 0x00, 0x00, 0x03, 0x00, 0x00, 0x01, 0x00, 0x00, 0x00, 0x00 };
const uint8_t g_5_46[] PROGMEM = { 0x00, 0xC0, 0x00, 0x80, 0xA0, 0x00, 0x80, 0x98, 0x00, 0x80, 0x84, 0x00, 0x80, 0x83, 0x00, 0x80, 0x01, 0x00, 0x00, 0x00, 0x00 };
const uint8_t g_5_47[] PROGMEM = { 0x00, 0x00, 0x00, 0x80, 0xFF, 0x03, 0x00, 0x00, 0x00 };
const uint8_t g_5_48[] PROGMEM = { 0x80, 0x01, 0x00, 0x00, 0x06, 0x00, 0x00, 0x18, 0x00, 0x00, 0x60, 0x00, 0x00, 0x80, 0x00, 0x00, 0x00, 0x00 };
const uint8_t g_5_49[] PROGMEM = { 0x00, 0x00, 0x00, 0x80, 0xFF, 0x03, 0x00, 0x00, 0x00 };
const uint8_t g_5_50[] PROGMEM = { 0x00, 0x00, 0x00, 0x00, 0xE4, 0x00, 0x00, 0xA4, 0x00, 0x00, 0xA4, 0x00, 0x00, 0xF8, 0x00 };
const uint8_t g_5_51[] PROGMEM = { 0x00, 0x00, 0x00, 0x00, 0xFF, 0x00, 0x00, 0x84, 0x00, 0x00, 0x84, 0x00, 0x00, 0xCC, 0x00, 0x00, 0x30, 0x00 };
const uint8_t g_5_52[] PROGMEM = { 0x00, 0x00, 0x00, 0x00, 0xFC, 0x00, 0x00, 0x84, 0x00, 0x00, 0x84, 0x00, 0x00, 0x84, 0x00, 0x00, 0x00, 0x00 };
const uint8_t g_5_53[] PROGMEM = { 0x00, 0x00, 0x00, 0x00, 0xFC, 0x00, 0x00, 0x84, 0x00, 0x00, 0x84, 0x00, 0x00, 0x84, 0x00, 0xC0, 0xFF, 0x00 };
const uint8_t g_5_54[] PROGMEM = { 0x00, 0x00, 0x00, 0x00, 0xFC, 0x00, 0x00, 0xA4, 0x00, 0x00, 0xA4, 0x00, 0x00, 0xA4, 0x00, 0x00, 0x18, 0x00, 0x00, 0x00, 0x00 };
const uint8_t g_5_55[] PROGMEM = { 0x80, 0x7F, 0x00, 0x40, 0x04, 0x00, 0x00, 0x00, 0x00, 0x00, 0x00, 0x00 };
const uint8_t g_5_56[] PROGMEM = { 0x00, 0x00, 0x00, 0x00, 0xFC, 0x04, 0x00, 0x04, 0x05, 0x00, 0x04, 0x05, 0x00, 0x84, 0x06, 0x00, 0xFC, 0x01 };
const uint8_t g_5_57[] PROGMEM = { 0x00, 0x00, 0x00, 0x00, 0x7F, 0x00, 0x00, 0x04, 0x00, 0x00, 0x04, 0x00, 0x00, 0x7C, 0x00, 0x00, 0x00, 0x00 };
const uint8_t g_5_58[] PROGMEM = { 0x00, 0x78, 0x00, 0x00, 0x00, 0x00 };
const uint8_t g_5_59[] PROGMEM = { 0x00, 0xF8, 0x03, 0x00, 0x00, 0x00 };
const uint8_t g_5_60[] PROGMEM = { 0x00, 0x00, 0x00, 0x00, 0x7F, 0x00, 0x00, 0x70, 0x00, 0x00, 0x80, 0x00, 0x00, 0x00, 0x00 };
const uint8_t g_5_61[] PROGMEM = { 0x00, 0x7F, 0x00, 0x00, 0x00, 0x00 };
const uint8_t g_5_62[] PROGMEM = { 0x00, 0x00, 0x00, 0x00, 0x7C, 0x00, 0x00, 0x04, 0x00, 0x00, 0x04, 0x00, 0x00, 0xF8, 0x00, 0x00, 0x04, 0x00, 0x00, 0x04, 0x00, 0x00, 0x7C, 0x00, 0x00, 0x00, 0x00 };
const uint8_t g_5_63[] PROGMEM = { 0x00, 0x00, 0x00, 0x00, 0x78, 0x00, 0x00, 0x04, 0x00, 0x00, 0x04, 0x00, 0x00, 0x7C, 0x00, 0x00, 0x00, 0x00 };
const uint8_t g_5_64[] PROGMEM = { 0x00, 0x00, 0x00, 0x00, 0xFC, 0x00, 0x00, 0x84, 0x00, 0x00, 0x84, 0x00, 0x00, 0x84, 0x00, 0x00, 0x78, 0x00, 0x00, 0x00, 0x00 };
const uint8_t g_5_65[] PROGMEM = { 0x00, 0x00, 0x00, 0x00, 0xFC, 0x03, 0x00, 0x04, 0x01, 0x00, 0x04, 0x01, 0x00, 0xCC, 0x00, 0x00, 0x30, 0x00 };
const uint8_t g_5_66[] PROGMEM = { 0x00, 0x00, 0x00, 0x00, 0xFC, 0x00, 0x00, 0x04, 0x01, 0x00, 0x04, 0x01, 0x00, 0x84, 0x00, 0x00, 0xFC, 0x07 };
const uint8_t g_5_67[] PROGMEM = { 0x00, 0x00, 0x00, 0x00, 0x7C, 0x00, 0x00, 0x00, 0x00, 0x00, 0x00, 0x00 };
const uint8_t g_5_68[] PROGMEM = { 0x00, 0x1C, 0x00, 0x00, 0xA4, 0x00, 0x00, 0xA4, 0x00, 0x00, 0xE4, 0x00, 0x00, 0x00, 0x00 };
const uint8_t g_5_69[] PROGMEM = { 0x00, 0x00, 0x00, 0x00, 0x7F, 0x00, 0x00, 0x00, 0x00, 0x00, 0x00, 0x00 };
const uint8_t g_5_70[] PROGMEM = { 0x00, 0x00, 0x00, 0x00, 0xF8, 0x00, 0x00, 0x80, 0x00, 0x00, 0x80, 0x00, 0x00, 0x78, 0x00, 0x00, 0x00, 0x00 };
const uint8_t g_5_71[] PROGMEM = { 0x00, 0x1C, 0x00, 0x00, 0x60, 0x00, 0x00, 0xC0, 0x00, 0x00, 0x38, 0x00, 0x00, 0x08, 0x00 };
const uint8_t g_5_72[] PROGMEM = { 0x00, 0x38, 0x00, 0x00, 0x40, 0x00, 0x00, 0x70, 0x00, 0x00, 0x08, 0x00, 0x00, 0x70, 0x00, 0x00, 0xE0, 0x00, 0x00, 0x18, 0x00, 0x00, 0x00, 0x00 };
const uint8_t g_5_73[] PROGMEM = { 0x00, 0x80, 0x00, 0x00, 0x78, 0x00, 0x00, 0x30, 0x00, 0x00, 0x48, 0x00, 0x00, 0x00, 0x00 };
const uint8_t g_5_74[] PROGMEM = { 0x00, 0x1C, 0x00, 0x00, 0xE0, 0x07, 0x00, 0xC0, 0x00, 0x00, 0x38, 0x00, 0x00, 0x04, 0x00 };
const uint8_t g_5_75[] PROGMEM = { 0x00, 0x00, 0x00, 0x00, 0xC0, 0x00, 0x00, 0xB4, 0x00, 0x00, 0x8C, 0x00, 0x00, 0x04, 0x00, 0x00, 0x00, 0x00 };
const uint8_t g_5_76[] PROGMEM = { 0x00, 0xE0, 0x00, 0x00, 0x1C, 0x00, 0x00, 0x13, 0x00, 0x80, 0x11, 0x00, 0x00, 0x16, 0x00, 0x00, 0x38, 0x00, 0x00, 0x40, 0x00, 0x00, 0x00, 0x00 };
const uint8_t g_5_77[] PROGMEM = { 0x00, 0x00, 0x00, 0x80, 0xFF, 0x00, 0x80, 0x88, 0x00, 0x80, 0x88, 0x00, 0x00, 0x88, 0x00, 0x00, 0x70, 0x00 };
const uint8_t g_5_78[] PROGMEM = { 0x00, 0x00, 0x00, 0x80, 0xFF, 0x00, 0x80, 0x88, 0x00, 0x80, 0x88, 0x00, 0x80, 0x8F, 0x00, 0x00, 0x70, 0x00 };
const uint8_t g_5_79[] PROGMEM = { 0x00, 0x00, 0x00, 0x00, 0x7F, 0x00, 0x80, 0x00, 0x00, 0x80, 0x00, 0x00, 0x00, 0x00, 0x00 };
const uint8_t g_5_80[] PROGMEM = { 0x00, 0x00, 0x01, 0x00, 0xE0, 0x00, 0x80, 0x1F, 0x01, 0x80, 0x00, 0x01, 0x80, 0x00, 0x01, 0x80, 0x00, 0x01, 0x80, 0xFF, 0x00, 0x00, 0x00, 0x01, 0x00, 0x00, 0x00 };
const uint8_t g_5_81[] PROGMEM = { 0x00, 0x00, 0x00, 0x80, 0xFF, 0x00, 0x80, 0x88, 0x00, 0x80, 0x88, 0x00, 0x00, 0x00, 0x00 };
const uint8_t g_5_82[] PROGMEM = { 0x00, 0x00, 0x00, 0xC0, 0x7F, 0x00, 0x40, 0x44, 0x00, 0x40, 0x44, 0x00, 0x00, 0x00, 0x00 };
const uint8_t g_5_83[] PROGMEM = { 0x00, 0x00, 0x00, 0x00, 0x61, 0x00, 0x00, 0x1E, 0x00, 0x00, 0x08, 0x00, 0x00, 0x7F, 0x00, 0x00, 0x08, 0x00, 0x00, 0x1E, 0x00, 0x00, 0x61, 0x00, 0x80, 0x80, 0x00, 0x00, 0x00, 0x00 };
const uint8_t g_5_84[] PROGMEM = { 0x00, 0x00, 0x00, 0x80, 0x80, 0x00, 0x80, 0x80, 0x00, 0x80, 0x88, 0x00, 0x80, 0x8C, 0x00, 0x00, 0x73, 0x00 };
const uint8_t g_5_85[] PROGMEM = { 0x00, 0x00, 0x00, 0x00, 0xFF, 0x00, 0x00, 0x30, 0x00, 0x00, 0x08, 0x00, 0x00, 0x04, 0x00, 0x00, 0x03, 0x00, 0x80, 0x7F, 0x00, 0x00, 0x00, 0x00 };
const uint8_t g_5_86[] PROGMEM = { 0x00, 0x00, 0x00, 0x00, 0xFE, 0x00, 0x00, 0x20, 0x00, 0x80, 0x18, 0x00, 0x80, 0x04, 0x00, 0x00, 0x02, 0x00, 0x00, 0x7F, 0x00, 0x00, 0x00, 0x00 };
const uint8_t g_5_87[] PROGMEM = { 0x00, 0x00, 0x00, 0x00, 0x7F, 0x00, 0x00, 0x0C, 0x00, 0x00, 0x32, 0x00, 0x00, 0x41, 0x00, 0x00, 0x00, 0x00, 0x00, 0x00, 0x00 };
const uint8_t g_5_88[] PROGMEM = { 0x00, 0x00, 0x00, 0x00, 0xC0, 0x00, 0x80, 0x3F, 0x00, 0x80, 0x00, 0x00, 0x80, 0x00, 0x00, 0x80, 0x00, 0x00, 0x80, 0x7F, 0x00 };
const uint8_t g_5_89[] PROGMEM = { 0x00, 0x00, 0x00, 0x80, 0x7F, 0x00, 0x00, 0x0E, 0x00, 0x00, 0x30, 0x00, 0x00, 0xC0, 0x00, 0x00, 0x70, 0x00, 0x00, 0x0C, 0x00, 0x00, 0x02, 0x00, 0x00, 0x7F, 0x00, 0x00, 0x00, 0x00 };
const uint8_t g_5_90[] PROGMEM = { 0x00, 0x00, 0x00, 0x00, 0x7F, 0x00, 0x00, 0x08, 0x00, 0x00, 0x08, 0x00, 0x00, 0x08, 0x00, 0x00, 0x08, 0x00, 0x00, 0x08, 0x00, 0x80, 0xFF, 0x00 };
const uint8_t g_5_91[] PROGMEM = { 0x00, 0x00, 0x00, 0x00, 0x7F, 0x00, 0x00, 0x81, 0x00, 0x80, 0x80, 0x00, 0x80, 0x80, 0x00, 0x80, 0x80, 0x00, 0x80, 0x80, 0x00, 0x00, 0x41, 0x00, 0x00, 0x3E, 0x00, 0x00, 0x00, 0x00 };
const uint8_t g_5_92[] PROGMEM = { 0x00, 0x00, 0x00, 0x80, 0x7F, 0x00, 0x80, 0x00, 0x00, 0x80, 0x00, 0x00, 0x80, 0x00, 0x00, 0x80, 0x00, 0x00, 0x80, 0x00, 0x00, 0x80, 0xFF, 0x00 };
const uint8_t g_5_93[] PROGMEM = { 0x00, 0x00, 0x00, 0x80, 0x7F, 0x00, 0x80, 0x10, 0x00, 0x80, 0x10, 0x00, 0x00, 0x0F, 0x00, 0x00, 0x00, 0x00 };
const uint8_t g_5_94[] PROGMEM = { 0x00, 0x00, 0x00, 0x00, 0x7F, 0x00, 0x00, 0x81, 0x00, 0x80, 0x80, 0x00, 0x80, 0x80, 0x00, 0x80, 0x80, 0x00, 0x80, 0x80, 0x00, 0x00, 0x00, 0x00, 0x00, 0x00, 0x00 };
const uint8_t g_5_95[] PROGMEM = { 0x00, 0x00, 0x00, 0x80, 0x00, 0x00, 0x80, 0x00, 0x00, 0x80, 0xFF, 0x00, 0x80, 0x00, 0x00, 0x80, 0x00, 0x00, 0x00, 0x00, 0x00 };
const uint8_t g_5_96[] PROGMEM = { 0x80, 0x01, 0x00, 0x00, 0x0E, 0x00, 0x00, 0x70, 0x00, 0x00, 0x30, 0x00, 0x00, 0x0C, 0x00, 0x00, 0x03, 0x00, 0x80, 0x00, 0x00 };
const uint8_t g_5_97[] PROGMEM = { 0x00, 0x00, 0x00, 0x00, 0x3E, 0x00, 0x00, 0x41, 0x00, 0x00, 0x7F, 0x00, 0x00, 0x81, 0x00, 0x00, 0x41, 0x00, 0x00, 0x22, 0x00, 0x00, 0x1C, 0x00 };
const uint8_t g_5_98[] PROGMEM = { 0x00, 0xC0, 0x00, 0x00, 0x23, 0x00, 0x00, 0x14, 0x00, 0x00, 0x1C, 0x00, 0x00, 0x23, 0x00, 0x00, 0x40, 0x00, 0x00, 0x00, 0x00 };
const uint8_t g_5_99[] PROGMEM = { 0x00, 0x00, 0x00, 0x00, 0xFF, 0x00, 0x00, 0x00, 0x01, 0x00, 0x00, 0x01, 0x00, 0x00, 0x01, 0x00, 0x00, 0x01, 0x00, 0x00, 0x01, 0x80, 0xFF, 0x00, 0x00, 0x00, 0x03 };
const uint8_t g_5_100[] PROGMEM = { 0x80, 0x0F, 0x00, 0x00, 0x10, 0x00, 0x00, 0x10, 0x00, 0x00, 0x10, 0x00, 0x00, 0x10, 0x00, 0x00, 0x7F, 0x00 };
const uint8_t g_5_101[] PROGMEM = { 0x00, 0x00, 0x00, 0x00, 0xFF, 0x00, 0x00, 0x80, 0x00, 0x00, 0x80, 0x00, 0x00, 0x80, 0x00, 0x00, 0xFF, 0x00, 0x00, 0x80, 0x00, 0x00, 0x80, 0x00, 0x00, 0x80, 0x00, 0x00, 0x80, 0x00, 0x80, 0xFF, 0x00 };
const uint8_t g_5_102[] PROGMEM = { 0x00, 0x00, 0x00, 0x00, 0xFF, 0x00, 0x00, 0x00, 0x01, 0x00, 0x00, 0x01, 0x00, 0x00, 0x01, 0x00, 0xFF, 0x00, 0x00, 0x00, 0x01, 0x00, 0x00, 0x01, 0x00, 0x00, 0x01, 0x00, 0x00, 0x01, 0x80, 0xFF, 0x00, 0x00, 0x00, 0x01 };
const uint8_t g_5_103[] PROGMEM = { 0x00, 0x00, 0x00, 0x80, 0x00, 0x00, 0x80, 0x00, 0x00, 0x80, 0xFF, 0x00, 0x00, 0x88, 0x00, 0x00, 0x88, 0x00, 0x00, 0x88, 0x00, 0x00, 0x70, 0x00, 0x00, 0x00, 0x00 };
const uint8_t g_5_104[] PROGMEM = { 0x00, 0x00, 0x00, 0x00, 0xFF, 0x00, 0x00, 0x88, 0x00, 0x00, 0x88, 0x00, 0x00, 0x88, 0x00, 0x00, 0x70, 0x00, 0x00, 0x7F, 0x00, 0x00, 0x00, 0x00 };
const uint8_t g_5_105[] PROGMEM = { 0x00, 0x00, 0x00, 0x00, 0xFF, 0x00, 0x00, 0x88, 0x00, 0x00, 0x88, 0x00, 0x00, 0x88, 0x00, 0x00, 0x70, 0x00 };
const uint8_t g_5_106[] PROGMEM = { 0x00, 0x00, 0x00, 0x00, 0x81, 0x00, 0x80, 0x80, 0x00, 0x80, 0x80, 0x00, 0x80, 0x88, 0x00, 0x80, 0x88, 0x00, 0x00, 0x49, 0x00, 0x00, 0x3E, 0x00, 0x00, 0x00, 0x00 };
const uint8_t g_5_107[] PROGMEM = { 0x00, 0x00, 0x00, 0x00, 0x7F, 0x00, 0x00, 0x08, 0x00, 0x00, 0x36, 0x00, 0x00, 0x41, 0x00, 0x80, 0x80, 0x00, 0x80, 0x80, 0x00, 0x80, 0x80, 0x00, 0x80, 0x80, 0x00, 0x00, 0x81, 0x00, 0x00, 0x63, 0x00, 0x00, 0x1C, 0x00 };
const uint8_t g_5_108[] PROGMEM = { 0x00, 0x02, 0x00, 0x00, 0xC5, 0x00, 0x80, 0x38, 0x00, 0x80, 0x10, 0x00, 0x80, 0x10, 0x00, 0x80, 0xFF, 0x00 };
const uint8_t g_5_109[] PROGMEM = { 0x00, 0x00, 0x00, 0x00, 0xE4, 0x00, 0x00, 0xA4, 0x00, 0x00, 0xA4, 0x00, 0x00, 0xF8, 0x00 };
const uint8_t g_5_110[] PROGMEM = { 0x00, 0x00, 0x00, 0x00, 0xFE, 0x00, 0x00, 0x85, 0x00, 0x00, 0x85, 0x00, 0x80, 0x84, 0x00, 0x00, 0x78, 0x00, 0x00, 0x00, 0x00 };
const uint8_t g_5_111[] PROGMEM = { 0x00, 0x00, 0x00, 0x00, 0xFC, 0x00, 0x00, 0xA4, 0x00, 0x00, 0xFC, 0x00, 0x00, 0x00, 0x00 };
const uint8_t g_5_112[] PROGMEM = { 0x00, 0x00, 0x00, 0x00, 0x78, 0x00, 0x00, 0x04, 0x00, 0x00, 0x00, 0x00, 0x00, 0x00, 0x00 };
const uint8_t g_5_113[] PROGMEM = { 0x00, 0x80, 0x03, 0x00, 0x7C, 0x01, 0x00, 0x04, 0x01, 0x00, 0x04, 0x01, 0x00, 0xFC, 0x00, 0x00, 0x00, 0x01, 0x00, 0x00, 0x00 };
const uint8_t g_5_114[] PROGMEM = { 0x00, 0x00, 0x00, 0x00, 0xFC, 0x00, 0x00, 0xA4, 0x00, 0x00, 0xA4, 0x00, 0x00, 0xA4, 0x00, 0x00, 0x18, 0x00, 0x00, 0x00, 0x00 };
const uint8_t g_5_115[] PROGMEM = { 0x00, 0x00, 0x00, 0x00, 0x7E, 0x00, 0x00, 0x52, 0x00, 0x00, 0x52, 0x00, 0x00, 0x52, 0x00, 0x00, 0x0C, 0x00, 0x00, 0x00, 0x00 };
const uint8_t g_5_116[] PROGMEM = { 0x00, 0x00, 0x00, 0x00, 0x68, 0x00, 0x00, 0x10, 0x00, 0x00, 0x78, 0x00, 0x00, 0x10, 0x00, 0x00, 0x68, 0x00, 0x00, 0x80, 0x00, 0x00, 0x00, 0x00 };
const uint8_t g_5_117[] PROGMEM = { 0x00, 0x00, 0x00, 0x00, 0x80, 0x00, 0x00, 0x84, 0x00, 0x00, 0xFC, 0x00, 0x00, 0x00, 0x00 };
const uint8_t g_5_118[] PROGMEM = { 0x00, 0x00, 0x00, 0x00, 0xF8, 0x00, 0x00, 0x30, 0x00, 0x00, 0x08, 0x00, 0x00, 0x7C, 0x00 };
const uint8_t g_5_119[] PROGMEM = { 0x00, 0x00, 0x00, 0x00, 0xF2, 0x00, 0x00, 0x24, 0x00, 0x00, 0x10, 0x00, 0x00, 0x78, 0x00 };
const uint8_t g_5_120[] PROGMEM = { 0x00, 0x00, 0x00, 0x00, 0x78, 0x00, 0x00, 0x68, 0x00, 0x00, 0x80, 0x00, 0x00, 0x00, 0x00 };
const uint8_t g_5_121[] PROGMEM = { 0x00, 0x40, 0x00, 0x00, 0x3C, 0x00, 0x00, 0x04, 0x00, 0x00, 0x04, 0x00, 0x00, 0x7C, 0x00 };
const uint8_t g_5_122[] PROGMEM = { 0x00, 0x00, 0x00, 0x00, 0x7C, 0x00, 0x00, 0x30, 0x00, 0x00, 0x40, 0x00, 0x00, 0x30, 0x00, 0x00, 0x18, 0x00, 0x00, 0xE0, 0x00 };
const uint8_t g_5_123[] PROGMEM = { 0x00, 0x00, 0x00, 0x00, 0x78, 0x00, 0x00, 0x20, 0x00, 0x00, 0x20, 0x00, 0x00, 0x78, 0x00, 0x00, 0x00, 0x00 };
const uint8_t g_5_124[] PROGMEM = { 0x00, 0x00, 0x00, 0x00, 0xFC, 0x00, 0x00, 0x84, 0x00, 0x00, 0x84, 0x00, 0x00, 0x84, 0x00, 0x00, 0x78, 0x00, 0x00, 0x00, 0x00 };
const uint8_t g_5_125[] PROGMEM = { 0x00, 0x00, 0x00, 0x00, 0x7C, 0x00, 0x00, 0x04, 0x00, 0x00, 0x04, 0x00, 0x00, 0x7C, 0x00, 0x00, 0x00, 0x00 };
const uint8_t g_5_126[] PROGMEM = { 0x00, 0x00, 0x00, 0x00, 0xFC, 0x03, 0x00, 0x04, 0x01, 0x00, 0x04, 0x01, 0x00, 0xCC, 0x00, 0x00, 0x30, 0x00 };
const uint8_t g_5_127[] PROGMEM = { 0x00, 0x00, 0x00, 0x00, 0xFC, 0x00, 0x00, 0x84, 0x00, 0x00, 0x84, 0x00, 0x00, 0x84, 0x00, 0x00, 0x00, 0x00 };
const uint8_t g_5_128[] PROGMEM = { 0x00, 0x00, 0x00, 0x00, 0x04, 0x00, 0x00, 0xFC, 0x00, 0x00, 0x04, 0x00, 0x00, 0x00, 0x00 };
const uint8_t g_5_129[] PROGMEM = { 0x00, 0x1C, 0x00, 0x00, 0xE0, 0x07, 0x00, 0xC0, 0x00, 0x00, 0x38, 0x00, 0x00, 0x04, 0x00 };
const uint8_t g_5_130[] PROGMEM = { 0x00, 0x00, 0x00, 0x00, 0xFC, 0x00, 0x00, 0x04, 0x01, 0x80, 0xFF, 0x03, 0x00, 0x04, 0x01, 0x00, 0x84, 0x00, 0x00, 0x78, 0x00 };
const uint8_t g_5_131[] PROGMEM = { 0x00, 0x80, 0x00, 0x00, 0x78, 0x00, 0x00, 0x30, 0x00, 0x00, 0x48, 0x00, 0x00, 0x00, 0x00 };
const uint8_t g_5_132[] PROGMEM = { 0x00, 0x00, 0x00, 0x00, 0xF8, 0x00, 0x00, 0x00, 0x01, 0x00, 0x00, 0x01, 0x00, 0xF8, 0x00, 0x00, 0x00, 0x01, 0x00, 0x00, 0x00 };
const uint8_t g_5_133[] PROGMEM = { 0x00, 0x00, 0x00, 0x00, 0x18, 0x00, 0x00, 0x20, 0x00, 0x00, 0x78, 0x00 };
const uint8_t g_5_134[] PROGMEM = { 0x00, 0x00, 0x00, 0x00, 0xF8, 0x00, 0x00, 0x80, 0x00, 0x00, 0xF8, 0x00, 0x00, 0x80, 0x00, 0x00, 0x80, 0x00, 0x00, 0xF8, 0x00, 0x00, 0x00, 0x00 };
const uint8_t g_5_135[] PROGMEM = { 0x00, 0x00, 0x00, 0x00, 0xF8, 0x00, 0x00, 0x00, 0x01, 0x00, 0xF8, 0x00, 0x00, 0x00, 0x01, 0x00, 0x00, 0x01, 0x00, 0xF8, 0x00, 0x00, 0x00, 0x01 };
const uint8_t g_5_136[] PROGMEM = { 0x00, 0x00, 0x00, 0x00, 0x04, 0x00, 0x00, 0xFC, 0x00, 0x00, 0xA0, 0x00, 0x00, 0xA0, 0x00, 0x00, 0x60, 0x00 };
const uint8_t g_5_137[] PROGMEM = { 0x00, 0x00, 0x00, 0x00, 0xF8, 0x00, 0x00, 0xA0, 0x00, 0x00, 0xE0, 0x00, 0x00, 0x78, 0x00, 0x00, 0x00, 0x00 };
const uint8_t g_5_138[] PROGMEM = { 0x00, 0x00, 0x00, 0x00, 0xF8, 0x00, 0x00, 0xA0, 0x00, 0x00, 0xE0, 0x00, 0x00, 0x00, 0x00 };
const uint8_t g_5_139[] PROGMEM = { 0x00, 0x00, 0x00, 0x00, 0x84, 0x00, 0x00, 0x84, 0x00, 0x00, 0xA4, 0x00, 0x00, 0x78, 0x00, 0x00, 0x00, 0x00 };
const uint8_t g_5_140[] PROGMEM = { 0x00, 0x00, 0x00, 0x00, 0x78, 0x00, 0x00, 0x78, 0x00, 0x00, 0x84, 0x00, 0x00, 0x84, 0x00, 0x00, 0x84, 0x00, 0x00, 0x84, 0x00, 0x00, 0x78, 0x00, 0x00, 0x00, 0x00 };
const uint8_t g_5_141[] PROGMEM = { 0x00, 0x18, 0x00, 0x00, 0x64, 0x00, 0x00, 0x24, 0x00, 0x00, 0x7C, 0x00, 0x00, 0x00, 0x00 };

const uint8_t g_6_0[] PROGMEM = { 0x00, 0x00, 0x00, 0x00, 0x00, 0x00, 0x00, 0x00, 0x00 };
const uint8_t g_6_1[] PROGMEM = { 0x00, 0x01, 0x00, 0x80, 0x03, 0x00, 0x80, 0xDB, 0x00, 0x80, 0xDD, 0x00, 0x80, 0x0F, 0x00, 0x80, 0x07, 0x00, 0x00, 0x02, 0x00 };
const uint8_t g_6_2[] PROGMEM = { 0x00, 0x00, 0x00, 0x80, 0xDF, 0x00, 0x80, 0xDF, 0x00, 0x80, 0x03, 0x00 };
const uint8_t g_6_3[] PROGMEM = { 0x00, 0x02, 0x00, 0x80, 0x03, 0x00, 0x00, 0x00, 0x00, 0x80, 0x03, 0x00, 0x80, 0x00, 0x00, 0x00, 0x00, 0x00 };
const uint8_t g_6_4[] PROGMEM = { 0x00, 0x02, 0x00, 0x80, 0x03, 0x00, 0x00, 0x00, 0x00 };
const uint8_t g_6_5[] PROGMEM = { 0x00, 0x00, 0x00, 0x00, 0xC0, 0x03, 0x00, 0xC0, 0x01, 0x00, 0x00, 0x00 };
const uint8_t g_6_6[] PROGMEM = { 0x00, 0x30, 0x00, 0x00, 0x30, 0x00, 0x00, 0x30, 0x00, 0x00, 0x30, 0x00 };
const uint8_t g_6_7[] PROGMEM = { 0x00, 0x00, 0x06, 0x00, 0x00, 0x06, 0x00, 0x00, 0x06, 0x00, 0x00, 0x06, 0x00, 0x00, 0x06, 0x00, 0x00, 0x06, 0x00, 0x00, 0x06, 0x00, 0x00, 0x00, 0x00, 0x00, 0x00, 0x00, 0x00, 0x00 };
const uint8_t g_6_8[] PROGMEM = { 0x00, 0x00, 0x00, 0x00, 0x60, 0x00, 0x00, 0x60, 0x00, 0x00, 0x00, 0x00 };
const uint8_t g_6_9[] PROGMEM = { 0x00, 0x00, 0x01, 0x00, 0xE0, 0x01, 0x00, 0x7C, 0x00, 0x00, 0x0F, 0x00, 0x80, 0x03, 0x00, 0x00, 0x00, 0x00 };
const uint8_t g_6_10[] PROGMEM = { 0x00, 0x00, 0x00, 0x00, 0x7F, 0x00, 0x80, 0xFF, 0x00, 0x80, 0xC1, 0x00, 0x80, 0xE3, 0x00, 0x80, 0xFF, 0x00, 0x00, 0x7F, 0x00, 0x00, 0x00, 0x00 };
const uint8_t g_6_11[] PROGMEM = { 0x00, 0x02, 0x00, 0x00, 0xC7, 0x00, 0x00, 0xFF, 0x00, 0x80, 0xFF, 0x00, 0x80, 0xFF, 0x00, 0x00, 0xC0, 0x00, 0x00, 0xC0, 0x00 };
const uint8_t g_6_12[] PROGMEM = { 0x00, 0x00, 0x00, 0x00, 0xE7, 0x00, 0x80, 0xE7, 0x00, 0x80, 0xF1, 0x00, 0x80, 0xFF, 0x00, 0x80, 0xDF, 0x00, 0x00, 0xCF, 0x00, 0x00, 0x00, 0x00 };
const uint8_t g_6_13[] PROGMEM = { 0x00, 0x00, 0x00, 0x80, 0xE1, 0x00, 0x80, 0xED, 0x00, 0x80, 0xCF, 0x00, 0x80, 0xFF, 0x00, 0x80, 0x7B, 0x00, 0x80, 0x31, 0x00 };
const uint8_t g_6_14[] PROGMEM = { 0x00, 0x30, 0x00, 0x00, 0x38, 0x00, 0x00, 0x3C, 0x00, 0x00, 0x37, 0x00, 0x80, 0xFF, 0x00, 0x80, 0xFF, 0x00, 0x00, 0x30, 0x00, 0x00, 0x00, 0x00 };
const uint8_t g_6_15[] PROGMEM = { 0x00, 0x00, 0x00, 0x00, 0xEF, 0x00, 0x80, 0xEF, 0x00, 0x80, 0xCD, 0x00, 0x80, 0xFD, 0x00, 0x80, 0x79, 0x00, 0x00, 0x30, 0x00 };
const uint8_t g_6_16[] PROGMEM = { 0x00, 0x00, 0x00, 0x00, 0x7F, 0x00, 0x00, 0xFF, 0x00, 0x80, 0xCF, 0x00, 0x80, 0xCD, 0x00, 0x80, 0xFD, 0x00, 0x00, 0x78, 0x00, 0x00, 0x00, 0x00 };
const uint8_t g_6_17[] PROGMEM = { 0x80, 0x03, 0x00, 0x80, 0x83, 0x00, 0x80, 0xE1, 0x00, 0x80, 0xFD, 0x00, 0x80, 0x7F, 0x00, 0x80, 0x0F, 0x00, 0x80, 0x03, 0x00 };
const uint8_t g_6_18[] PROGMEM = { 0x00, 0x00, 0x00, 0x00, 0x7F, 0x00, 0x80, 0xFF, 0x00, 0x80, 0xCD, 0x00, 0x80, 0xCD, 0x00, 0x80, 0xFF, 0x00, 0x00, 0x77, 0x00, 0x00, 0x00, 0x00 };
const uint8_t g_6_19[] PROGMEM = { 0x00, 0x00, 0x00, 0x00, 0x0F, 0x00, 0x80, 0xDF, 0x00, 0x80, 0xD9, 0x00, 0x80, 0xF9, 0x00, 0x80, 0x7F, 0x00, 0x00, 0x3F, 0x00, 0x00, 0x00, 0x00 };
const uint8_t g_6_20[] PROGMEM = { 0x00, 0x00, 0x00, 0x00, 0x7E, 0x00, 0x00, 0xC3, 0x00, 0x80, 0xBD, 0x00, 0x80, 0xFE, 0x01, 0x80, 0x66, 0x01, 0x80, 0x66, 0x01, 0x80, 0x7E, 0x00, 0x80, 0x7E, 0x00, 0x80, 0x61, 0x00, 0x00, 0x3F, 0x00, 0x00, 0x0C, 0x00 };
const uint8_t g_6_21[] PROGMEM = { 0x00, 0xC0, 0x00, 0x00, 0xF0, 0x00, 0x00, 0xFE, 0x00, 0x80, 0xDF, 0x00, 0x80, 0x1B, 0x00, 0x80, 0xDF, 0x00, 0x00, 0xFE, 0x00, 0x00, 0xF0, 0x00, 0x00, 0xC0, 0x00 };
const uint8_t g_6_22[] PROGMEM = { 0x80, 0xC1, 0x00, 0x80, 0xFF, 0x00, 0x80, 0xFF, 0x00, 0x80, 0xFF, 0x00, 0x80, 0xCD, 0x00, 0x80, 0xFF, 0x00, 0x80, 0xFF, 0x00, 0x00, 0x70, 0x00 };
const uint8_t g_6_23[] PROGMEM = { 0x00, 0x1C, 0x00, 0x00, 0x7F, 0x00, 0x00, 0x7F, 0x00, 0x80, 0xE3, 0x00, 0x80, 0xE1, 0x00, 0x80, 0xE3, 0x00, 0x80, 0xE7, 0x00, 0x00, 0x43, 0x00, 0x00, 0x00, 0x00 };
const uint8_t g_6_24[] PROGMEM = { 0x80, 0xC1, 0x00, 0x80, 0xFF, 0x00, 0x80, 0xFF, 0x00, 0x80, 0xFF, 0x00, 0x80, 0xC1, 0x00, 0x80, 0xC1, 0x00, 0x80, 0xFF, 0x00, 0x00, 0x7F, 0x00, 0x00, 0x3E, 0x00 };
const uint8_t g_6_25[] PROGMEM = { 0x80, 0xC1, 0x00, 0x80, 0xFF, 0x00, 0x80, 0xFF, 0x00, 0x80, 0xFF, 0x00, 0x80, 0xCD, 0x00, 0x80, 0xE3, 0x00, 0x80, 0xE3, 0x00 };
const uint8_t g_6_26[] PROGMEM = { 0x80, 0xC1, 0x00, 0x80, 0xFF, 0x00, 0x80, 0xFF, 0x00, 0x80, 0xFF, 0x00, 0x80, 0xD9, 0x00, 0x80, 0x03, 0x00, 0x80, 0x03, 0x00 };
const uint8_t g_6_27[] PROGMEM = { 0x00, 0x1C, 0x00, 0x00, 0x7F, 0x00, 0x00, 0x7F, 0x00, 0x80, 0xE3, 0x00, 0x80, 0xF9, 0x00, 0x80, 0xFB, 0x00, 0x80, 0xFB, 0x00, 0x00, 0x7B, 0x00, 0x00, 0x00, 0x00 };
const uint8_t g_6_28[] PROGMEM = { 0x80, 0xC1, 0x00, 0x80, 0xFF, 0x00, 0x80, 0xFF, 0x00, 0x80, 0xFF, 0x00, 0x80, 0xCD, 0x00, 0x00, 0x0C, 0x00, 0x80, 0xCD, 0x00, 0x80, 0xFF, 0x00, 0x80, 0xFF, 0x00, 0x80, 0xC1, 0x00 };
const uint8_t g_6_29[] PROGMEM = { 0x80, 0xC1, 0x00, 0x80, 0xFF, 0x00, 0x80, 0xFF, 0x00, 0x80, 0xFF, 0x00, 0x80, 0xC1, 0x00 };
const uint8_t g_6_30[] PROGMEM = { 0x00, 0x00, 0x00, 0x00, 0xE0, 0x00, 0x80, 0xC1, 0x00, 0x80, 0xFF, 0x00, 0x80, 0xFF, 0x00, 0x80, 0x7F, 0x00, 0x80, 0x01, 0x00 };
const uint8_t g_6_31[] PROGMEM = { 0x80, 0xC1, 0x00, 0x80, 0xFF, 0x00, 0x80, 0xFF, 0x00, 0x80, 0xFF, 0x00, 0x80, 0xDD, 0x00, 0x00, 0x3F, 0x00, 0x80, 0x7F, 0x00, 0x80, 0xF3, 0x00, 0x80, 0xC3, 0x00, 0x00, 0x00, 0x00 };
const uint8_t g_6_32[] PROGMEM = { 0x80, 0xC1, 0x00, 0x80, 0xFF, 0x00, 0x80, 0xFF, 0x00, 0x80, 0xFF, 0x00, 0x80, 0xC1, 0x00, 0x00, 0xE0, 0x00, 0x00, 0xE0, 0x00, 0x00, 0x00, 0x00 };
const uint8_t g_6_33[] PROGMEM = { 0x00, 0xC0, 0x00, 0x00, 0xFE, 0x00, 0x80, 0xFF, 0x00, 0x80, 0xFF, 0x00, 0x80, 0x1F, 0x00, 0x00, 0xFC, 0x00, 0x00, 0xFC, 0x00, 0x80, 0x1F, 0x00, 0x80, 0xFF, 0x00, 0x80, 0xFF, 0x00, 0x00, 0xFE, 0x00, 0x00, 0xC0, 0x00 };
const uint8_t g_6_34[] PROGMEM = { 0x00, 0xC0, 0x00, 0x80, 0xFF, 0x00, 0x80, 0xFF, 0x00, 0x00, 0xFF, 0x00, 0x00, 0xDE, 0x00, 0x00, 0x3C, 0x00, 0x80, 0x7F, 0x00, 0x80, 0xFF, 0x00, 0x80, 0xFF, 0x00, 0x80, 0x01, 0x00 };
const uint8_t g_6_35[] PROGMEM = { 0x00, 0x1C, 0x00, 0x00, 0x7F, 0x00, 0x00, 0x7F, 0x00, 0x80, 0xE3, 0x00, 0x80, 0xE3, 0x00, 0x80, 0xE3, 0x00, 0x80, 0xFF, 0x00, 0x00, 0x7F, 0x00, 0x00, 0x3E, 0x00, 0x00, 0x00, 0x00 };
const uint8_t g_6_36[] PROGMEM = { 0x80, 0xC1, 0x00, 0x80, 0xFF, 0x00, 0x80, 0xFF, 0x00, 0x80, 0xFF, 0x00, 0x80, 0xD9, 0x00, 0x80, 0x1F, 0x00, 0x80, 0x1F, 0x00, 0x00, 0x0F, 0x00 };
const uint8_t g_6_37[] PROGMEM = { 0x00, 0x08, 0x00, 0x00, 0x7E, 0x00, 0x00, 0x7F, 0x00, 0x80, 0xE3, 0x00, 0x80, 0xE3, 0x00, 0x80, 0xE3, 0x00, 0x80, 0xF7, 0x00, 0x00, 0xFF, 0x00, 0x00, 0xFE, 0x00, 0x00, 0xC0, 0x00 };
const uint8_t g_6_38[] PROGMEM = { 0x80, 0xC1, 0x00, 0x80, 0xFF, 0x00, 0x80, 0xFF, 0x00, 0x80, 0xFF, 0x00, 0x80, 0x19, 0x00, 0x80, 0x7F, 0x00, 0x00, 0xEF, 0x00, 0x00, 0xC6, 0x00, 0x00, 0x00, 0x00 };
const uint8_t g_6_39[] PROGMEM = { 0x00, 0x40, 0x00, 0x00, 0xEF, 0x00, 0x80, 0xEF, 0x00, 0x80, 0xDD, 0x00, 0x80, 0xFF, 0x00, 0x80, 0x7B, 0x00, 0x00, 0x20, 0x00 };
const uint8_t g_6_40[] PROGMEM = { 0x80, 0x03, 0x00, 0x80, 0x03, 0x00, 0x80, 0xC1, 0x00, 0x80, 0xFF, 0x00, 0x80, 0xFF, 0x00, 0x80, 0xFF, 0x00, 0x80, 0xC1, 0x00, 0x80, 0x03, 0x00, 0x00, 0x00, 0x00 };
const uint8_t g_6_41[] PROGMEM = { 0x80, 0x01, 0x00, 0x80, 0x3F, 0x00, 0x80, 0x7F, 0x00, 0x80, 0xFF, 0x00, 0x80, 0xE1, 0x00, 0x00, 0xC0, 0x00, 0x80, 0xFF, 0x00, 0x80, 0x7F, 0x00, 0x80, 0x3F, 0x00, 0x80, 0x01, 0x00 };
const uint8_t g_6_42[] PROGMEM = { 0x80, 0x01, 0x00, 0x80, 0x07, 0x00, 0x80, 0x3F, 0x00, 0x80, 0xFF, 0x00, 0x00, 0xE0, 0x00, 0x80, 0xFF, 0x00, 0x80, 0x3F, 0x00, 0x80, 0x07, 0x00, 0x80, 0x01, 0x00 };
const uint8_t g_6_43[] PROGMEM = { 0x80, 0x01, 0x00, 0x80, 0x0F, 0x00, 0x80, 0x7F, 0x00, 0x80, 0xFF, 0x00, 0x00, 0xFC, 0x00, 0x80, 0x7F, 0x00, 0x80, 0x07, 0x00, 0x80, 0x3F, 0x00, 0x00, 0xFC, 0x00, 0x80, 0xFD, 0x00, 0x80, 0xFF, 0x00, 0x80, 0x0F, 0x00, 0x80, 0x01, 0x00 };
const uint8_t g_6_44[] PROGMEM = { 0x80, 0xC1, 0x00, 0x80, 0xE3, 0x00, 0x80, 0xF7, 0x00, 0x80, 0xFF, 0x00, 0x80, 0xDF, 0x00, 0x80, 0xFF, 0x00, 0x80, 0xFF, 0x00, 0x80, 0xF7, 0x00, 0x80, 0xC1, 0x00, 0x00, 0x00, 0x00 };
const uint8_t g_6_45[] PROGMEM = { 0x80, 0x01, 0x00, 0x80, 0x03, 0x00, 0x80, 0xCF, 0x00, 0x80, 0xFF, 0x00, 0x00, 0xFC, 0x00, 0x80, 0xFF, 0x00, 0x80, 0xC7, 0x00, 0x80, 0x01, 0x00, 0x80, 0x01, 0x00 };
const uint8_t g_6_46[] PROGMEM = { 0x80, 0xC3, 0x00, 0x80, 0xF3, 0x00, 0x80, 0xF9, 0x00, 0x80, 0xFF, 0x00, 0x80, 0xDF, 0x00, 0x80, 0xE7, 0x00, 0x80, 0xE3, 0x00, 0x00, 0x00, 0x00 };
const uint8_t g_6_47[] PROGMEM = { 0x80, 0xFF, 0x03, 0x80, 0xFF, 0x03, 0x80, 0xFF, 0x03, 0x80, 0x01, 0x03, 0x00, 0x00, 0x00 };
const uint8_t g_6_48[] PROGMEM = { 0x80, 0x00, 0x00, 0x80, 0x07, 0x00, 0x00, 0x3E, 0x00, 0x00, 0xF0, 0x00, 0x00, 0xC0, 0x01, 0x00, 0x00, 0x00 };
const uint8_t g_6_49[] PROGMEM = { 0x80, 0x01, 0x03, 0x80, 0x01, 0x03, 0x80, 0xFF, 0x03, 0x80, 0xFF, 0x03 };
const uint8_t g_6_50[] PROGMEM = { 0x00, 0x60, 0x00, 0x00, 0xEC, 0x00, 0x00, 0xAC, 0x00, 0x00, 0xFC, 0x00, 0x00, 0xFC, 0x00, 0x00, 0xC0, 0x00, 0x00, 0x00, 0x00 };
const uint8_t g_6_51[] PROGMEM = { 0x80, 0xFF, 0x00, 0x80, 0x7F, 0x00, 0x00, 0xCC, 0x00, 0x00, 0xFC, 0x00, 0x00, 0x78, 0x00, 0x00, 0x00, 0x00, 0x00, 0x00, 0x00, 0x00, 0x00, 0x00 };
const uint8_t g_6_52[] PROGMEM = { 0x00, 0x30, 0x00, 0x00, 0xF8, 0x00, 0x00, 0xCC, 0x00, 0x00, 0xCC, 0x00, 0x00, 0xDC, 0x00, 0x00, 0x00, 0x00 };
const uint8_t g_6_53[] PROGMEM = { 0x00, 0x30, 0x00, 0x00, 0xFC, 0x00, 0x00, 0xFC, 0x00, 0x80, 0xCC, 0x00, 0x80, 0xFF, 0x00, 0x80, 0xFF, 0x00, 0x00, 0xC0, 0x00 };
const uint8_t g_6_54[] PROGMEM = { 0x00, 0x30, 0x00, 0x00, 0xFC, 0x00, 0x00, 0xFC, 0x00, 0x00, 0xFC, 0x00, 0x00, 0xFC, 0x00, 0x00, 0x30, 0x00 };
const uint8_t g_6_55[] PROGMEM = { 0x00, 0xCC, 0x00, 0x00, 0xFF, 0x00, 0x80, 0xFF, 0x00, 0x80, 0xCD, 0x00, 0x80, 0x0D, 0x00 };
const uint8_t g_6_56[] PROGMEM = { 0x00, 0x30, 0x00, 0x00, 0xFC, 0x06, 0x00, 0xFC, 0x06, 0x00, 0xCC, 0x06, 0x00, 0xFC, 0x07, 0x00, 0xFC, 0x03, 0x00, 0x0C, 0x00 };
const uint8_t g_6_57[] PROGMEM = { 0x80, 0xC0, 0x00, 0x80, 0xFF, 0x00, 0x80, 0xFF, 0x00, 0x00, 0xCC, 0x00, 0x00, 0xCC, 0x00, 0x00, 0xFC, 0x00, 0x00, 0xF8, 0x00, 0x00, 0x00, 0x00 };
const uint8_t g_6_58[] PROGMEM = { 0x00, 0x66, 0x00, 0xC0, 0x7E, 0x00, 0xC0, 0x7E, 0x00, 0x00, 0x60, 0x00 };
const uint8_t g_6_59[] PROGMEM = { 0x00, 0x06, 0x00, 0xC0, 0xFE, 0x03, 0xC0, 0xFE, 0x03, 0x00, 0x00, 0x00 };
const uint8_t g_6_60[] PROGMEM = { 0x80, 0xC0, 0x00, 0x80, 0xFF, 0x00, 0x80, 0xFF, 0x00, 0x00, 0xF0, 0x00, 0x00, 0x7C, 0x00, 0x00, 0xEC, 0x00, 0x00, 0x8C, 0x00 };
const uint8_t g_6_61[] PROGMEM = { 0x80, 0xC1, 0x00, 0x80, 0xFF, 0x00, 0x80, 0xFF, 0x00, 0x00, 0xC0, 0x00 };
const uint8_t g_6_62[] PROGMEM = { 0x00, 0xCC, 0x00, 0x00, 0xFC, 0x00, 0x00, 0xFC, 0x00, 0x00, 0xCC, 0x00, 0x00, 0xFC, 0x00, 0x00, 0xFC, 0x00, 0x00, 0xF8, 0x00, 0x00, 0x8C, 0x00, 0x00, 0xFC, 0x00, 0x00, 0xFC, 0x00, 0x00, 0xC0, 0x00 };
const uint8_t g_6_63[] PROGMEM = { 0x00, 0x66, 0x00, 0x00, 0x7E, 0x00, 0x00, 0x7E, 0x00, 0x00, 0x66, 0x00, 0x00, 0x66, 0x00, 0x00, 0x7E, 0x00, 0x00, 0x7C, 0x00, 0x00, 0x00, 0x00 };
const uint8_t g_6_64[] PROGMEM = { 0x00, 0x30, 0x00, 0x00, 0x78, 0x00, 0x00, 0xFC, 0x00, 0x00, 0xCC, 0x00, 0x00, 0xFC, 0x00, 0x00, 0x78, 0x00 };
const uint8_t g_6_65[] PROGMEM = { 0x00, 0x0C, 0x06, 0x00, 0xFC, 0x07, 0x00, 0xFC, 0x07, 0x00, 0xCC, 0x06, 0x00, 0xCC, 0x00, 0x00, 0xFC, 0x00, 0x00, 0x78, 0x00 };
const uint8_t g_6_66[] PROGMEM = { 0x00, 0x30, 0x00, 0x00, 0xFC, 0x00, 0x00, 0xFC, 0x00, 0x00, 0xCC, 0x06, 0x00, 0xFC, 0x07, 0x00, 0xFC, 0x07, 0x00, 0x0C, 0x06 };
const uint8_t g_6_67[] PROGMEM = { 0x00, 0xCC, 0x00, 0x00, 0xFC, 0x00, 0x00, 0xFC, 0x00, 0x00, 0xCC, 0x00, 0x00, 0x0C, 0x00, 0x00, 0x08, 0x00 };
const uint8_t g_6_68[] PROGMEM = { 0x00, 0x08, 0x00, 0x00, 0xFC, 0x00, 0x00, 0xFC, 0x00, 0x00, 0xFC, 0x00, 0x00, 0x6C, 0x00 };
const uint8_t g_6_69[] PROGMEM = { 0x00, 0x0C, 0x00, 0x00, 0xFF, 0x00, 0x00, 0xFF, 0x00, 0x00, 0xCC, 0x00, 0x00, 0xCC, 0x00 };
const uint8_t g_6_70[] PROGMEM = { 0x00, 0x0C, 0x00, 0x00, 0xFC, 0x00, 0x00, 0xFC, 0x00, 0x00, 0xC0, 0x00, 0x00, 0x6C, 0x00, 0x00, 0xFC, 0x00, 0x00, 0xFC, 0x00, 0x00, 0x00, 0x00 };
const uint8_t g_6_71[] PROGMEM = { 0x00, 0x0C, 0x00, 0x00, 0x3C, 0x00, 0x00, 0xFC, 0x00, 0x00, 0xE0, 0x00, 0x00, 0xFC, 0x00, 0x00, 0x3C, 0x00, 0x00, 0x0C, 0x00 };
const uint8_t g_6_72[] PROGMEM = { 0x00, 0x0C, 0x00, 0x00, 0x7C, 0x00, 0x00, 0xFC, 0x00, 0x00, 0xFC, 0x00, 0x00, 0x3C, 0x00, 0x00, 0xFC, 0x00, 0x00, 0xFC, 0x00, 0x00, 0xFC, 0x00, 0x00, 0x0C, 0x00, 0x00, 0x00, 0x00 };
const uint8_t g_6_73[] PROGMEM = { 0x00, 0xCC, 0x00, 0x00, 0xCC, 0x00, 0x00, 0xFC, 0x00, 0x00, 0xFC, 0x00, 0x00, 0xFC, 0x00, 0x00, 0xFC, 0x00, 0x00, 0xCC, 0x00, 0x00, 0x00, 0x00 };
const uint8_t g_6_74[] PROGMEM = { 0x00, 0x0C, 0x00, 0x00, 0x1C, 0x06, 0x00, 0xFC, 0x07, 0x00, 0xE0, 0x03, 0x00, 0xFC, 0x00, 0x00, 0x1C, 0x00, 0x00, 0x0C, 0x00 };
const uint8_t g_6_75[] PROGMEM = { 0x00, 0xCC, 0x00, 0x00, 0xEC, 0x00, 0x00, 0xFC, 0x00, 0x00, 0xFC, 0x00, 0x00, 0xDC, 0x00, 0x00, 0xC4, 0x00 };
const uint8_t g_6_76[] PROGMEM = { 0x00, 0xC0, 0x00, 0x00, 0xF0, 0x00, 0x00, 0xFE, 0x00, 0x80, 0xDF, 0x00, 0x80, 0x1B, 0x00, 0x80, 0xDF, 0x00, 0x00, 0xFE, 0x00, 0x00, 0xF0, 0x00, 0x00, 0xC0, 0x00 };
const uint8_t g_6_77[] PROGMEM = { 0x80, 0xC1, 0x00, 0x80, 0xFF, 0x00, 0x80, 0xFF, 0x00, 0x80, 0xFF, 0x00, 0x80, 0xCD, 0x00, 0x80, 0xFF, 0x00, 0x80, 0xFF, 0x00, 0x00, 0x30, 0x00 };
const uint8_t g_6_78[] PROGMEM = { 0x80, 0xC1, 0x00, 0x80, 0xFF, 0x00, 0x80, 0xFF, 0x00, 0x80, 0xFF, 0x00, 0x80, 0xCD, 0x00, 0x80, 0xFF, 0x00, 0x80, 0xFF, 0x00, 0x00, 0x70, 0x00 };
const uint8_t g_6_79[] PROGMEM = { 0x80, 0xC1, 0x00, 0x80, 0xFF, 0x00, 0x80, 0xFF, 0x00, 0x80, 0xFF, 0x00, 0x80, 0xC1, 0x00, 0x80, 0x03, 0x00, 0x80, 0x03, 0x00 };
const uint8_t g_6_80[] PROGMEM = { 0x00, 0xC0, 0x03, 0x00, 0xC0, 0x03, 0x80, 0xFF, 0x03, 0x80, 0xFF, 0x00, 0x80, 0xC7, 0x00, 0x80, 0xC1, 0x00, 0x80, 0xFF, 0x00, 0x80, 0xFF, 0x00, 0x80, 0xFF, 0x03, 0x80, 0xC1, 0x03, 0x00, 0x00, 0x00 };
const uint8_t g_6_81[] PROGMEM = { 0x80, 0xC1, 0x00, 0x80, 0xFF, 0x00, 0x80, 0xFF, 0x00, 0x80, 0xFF, 0x00, 0x80, 0xCD, 0x00, 0x80, 0xE3, 0x00, 0x80, 0xE3, 0x00 };
const uint8_t g_6_82[] PROGMEM = { 0x80, 0xC1, 0x00, 0xB0, 0xFF, 0x00, 0xB0, 0xFF, 0x00, 0x80, 0xFF, 0x00, 0xB0, 0xCD, 0x00, 0xB0, 0xE3, 0x00, 0x80, 0xE3, 0x00 };
const uint8_t g_6_83[] PROGMEM = { 0x80, 0xC3, 0x00, 0x80, 0xE3, 0x00, 0x80, 0xFF, 0x00, 0x00, 0x3F, 0x00, 0x00, 0x0C, 0x00, 0x80, 0xFF, 0x00, 0x80, 0xFF, 0x00, 0x80, 0xFF, 0x00, 0x80, 0xCD, 0x00, 0x00, 0x1E, 0x00, 0x80, 0x7F, 0x00, 0x80, 0xF3, 0x00, 0x80, 0xC3, 0x00, 0x00, 0x00, 0x00 };
const uint8_t g_6_84[] PROGMEM = { 0x00, 0x41, 0x00, 0x80, 0xE3, 0x00, 0x80, 0xDB, 0x00, 0x80, 0xD9, 0x00, 0x80, 0xFF, 0x00, 0x00, 0x7F, 0x00, 0x00, 0x20, 0x00 };
const uint8_t g_6_85[] PROGMEM = { 0x80, 0x01, 0x00, 0x80, 0xFF, 0x00, 0x80, 0xFF, 0x00, 0x80, 0x7F, 0x00, 0x80, 0x39, 0x00, 0x00, 0x1E, 0x00, 0x00, 0xCF, 0x00, 0x80, 0xFF, 0x00, 0x80, 0xFF, 0x00, 0x00, 0xC0, 0x00, 0x00, 0x00, 0x00 };
const uint8_t g_6_86[] PROGMEM = { 0x80, 0x01, 0x00, 0x80, 0xFF, 0x00, 0x80, 0xFF, 0x00, 0xB0, 0x7F, 0x00, 0xA0, 0x39, 0x00, 0x20, 0x1E, 0x00, 0x30, 0xCF, 0x00, 0x80, 0xFF, 0x00, 0x80, 0xFF, 0x00, 0x00, 0xC0, 0x00, 0x00, 0x00, 0x00 };
const uint8_t g_6_87[] PROGMEM = { 0x80, 0xC1, 0x00, 0x80, 0xFF, 0x00, 0x80, 0xFF, 0x00, 0x80, 0xFF, 0x00, 0x80, 0xDD, 0x00, 0x00, 0x3F, 0x00, 0x80, 0x7F, 0x00, 0x80, 0xF3, 0x00, 0x80, 0xC3, 0x00, 0x00, 0x00, 0x00 };
const uint8_t g_6_88[] PROGMEM = { 0x00, 0xC0, 0x00, 0x80, 0xE1, 0x00, 0x80, 0xFF, 0x00, 0x80, 0x3F, 0x00, 0x80, 0x01, 0x00, 0x80, 0xC1, 0x00, 0x80, 0xFF, 0x00, 0x80, 0xFF, 0x00, 0x80, 0xC1, 0x00, 0x00, 0x00, 0x00 };
const uint8_t g_6_89[] PROGMEM = { 0x00, 0xC0, 0x00, 0x00, 0xFE, 0x00, 0x80, 0xFF, 0x00, 0x80, 0xFF, 0x00, 0x80, 0x1F, 0x00, 0x00, 0xFC, 0x00, 0x00, 0xFC, 0x00, 0x80, 0x1F, 0x00, 0x80, 0xFF, 0x00, 0x80, 0xFF, 0x00, 0x00, 0xFE, 0x00, 0x00, 0xC0, 0x00 };
const uint8_t g_6_90[] PROGMEM = { 0x80, 0xC1, 0x00, 0x80, 0xFF, 0x00, 0x80, 0xFF, 0x00, 0x80, 0xFF, 0x00, 0x80, 0xCD, 0x00, 0x00, 0x0C, 0x00, 0x80, 0xCD, 0x00, 0x80, 0xFF, 0x00, 0x80, 0xFF, 0x00, 0x80, 0xC1, 0x00 };
const uint8_t g_6_91[] PROGMEM = { 0x00, 0x1C, 0x00, 0x00, 0x7F, 0x00, 0x00, 0x7F, 0x00, 0x80, 0xE3, 0x00, 0x80, 0xE3, 0x00, 0x80, 0xE3, 0x00, 0x80, 0xFF, 0x00, 0x00, 0x7F, 0x00, 0x00, 0x3E, 0x00, 0x00, 0x00, 0x00 };
const uint8_t g_6_92[] PROGMEM = { 0x80, 0xC1, 0x00, 0x80, 0xFF, 0x00, 0x80, 0xFF, 0x00, 0x80, 0xFF, 0x00, 0x80, 0xC1, 0x00, 0x80, 0x01, 0x00, 0x80, 0xC1, 0x00, 0x80, 0xFF, 0x00, 0x80, 0xFF, 0x00, 0x80, 0xC1, 0x00 };
const uint8_t g_6_93[] PROGMEM = { 0x80, 0xC1, 0x00, 0x80, 0xFF, 0x00, 0x80, 0xFF, 0x00, 0x80, 0xFF, 0x00, 0x80, 0xD9, 0x00, 0x80, 0x1F, 0x00, 0x80, 0x1F, 0x00, 0x00, 0x0F, 0x00 };
const uint8_t g_6_94[] PROGMEM = { 0x00, 0x1C, 0x00, 0x00, 0x7F, 0x00, 0x00, 0x7F, 0x00, 0x80, 0xE3, 0x00, 0x80, 0xE1, 0x00, 0x80, 0xE3, 0x00, 0x80, 0xE7, 0x00, 0x00, 0x43, 0x00, 0x00, 0x00, 0x00 };
const uint8_t g_6_95[] PROGMEM = { 0x80, 0x03, 0x00, 0x80, 0x03, 0x00, 0x80, 0xC1, 0x00, 0x80, 0xFF, 0x00, 0x80, 0xFF, 0x00, 0x80, 0xFF, 0x00, 0x80, 0xC1, 0x00, 0x80, 0x03, 0x00, 0x00, 0x00, 0x00 };
const uint8_t g_6_96[] PROGMEM = { 0x80, 0x01, 0x00, 0x80, 0x01, 0x00, 0x80, 0xE7, 0x00, 0x80, 0xFF, 0x00, 0x80, 0xFD, 0x00, 0x80, 0x7F, 0x00, 0x80, 0x0F, 0x00, 0x80, 0x03, 0x00, 0x80, 0x01, 0x00, 0x00, 0x00, 0x00 };
const uint8_t g_6_97[] PROGMEM = { 0x00, 0x18, 0x00, 0x00, 0x3C, 0x00, 0x00, 0x3C, 0x00, 0x80, 0xE5, 0x00, 0x80, 0xFF, 0x00, 0x80, 0xFF, 0x00, 0x80, 0xFF, 0x00, 0x00, 0x34, 0x00, 0x00, 0x3C, 0x00, 0x00, 0x3C, 0x00, 0x00, 0x00, 0x00 };
const uint8_t g_6_98[] PROGMEM = { 0x80, 0xC1, 0x00, 0x80, 0xE3, 0x00, 0x80, 0xF7, 0x00, 0x80, 0xFF, 0x00, 0x80, 0xDF, 0x00, 0x80, 0xFF, 0x00, 0x80, 0xFF, 0x00, 0x80, 0xF7, 0x00, 0x80, 0xC1, 0x00, 0x00, 0x00, 0x00 };
const uint8_t g_6_99[] PROGMEM = { 0x80, 0xC1, 0x00, 0x80, 0xFF, 0x00, 0x80, 0xFF, 0x00, 0x80, 0xFF, 0x00, 0x80, 0xC1, 0x00, 0x00, 0xC0, 0x00, 0x80, 0xC1, 0x00, 0x80, 0xFF, 0x00, 0x80, 0xFF, 0x03, 0x80, 0xC1, 0x03, 0x00, 0xC0, 0x03 };
const uint8_t g_6_100[] PROGMEM = { 0x80, 0x01, 0x00, 0x80, 0x0F, 0x00, 0x80, 0x1F, 0x00, 0x80, 0x1F, 0x00, 0x00, 0x18, 0x00, 0x80, 0xD9, 0x00, 0x80, 0xFF, 0x00, 0x80, 0xFF, 0x00, 0x80, 0xC1, 0x00 };
const uint8_t g_6_101[] PROGMEM = { 0x80, 0xC1, 0x00, 0x80, 0xFF, 0x00, 0x80, 0xFF, 0x00, 0x80, 0xFF, 0x00, 0x80, 0xC1, 0x00, 0x80, 0xC1, 0x00, 0x80, 0xFF, 0x00, 0x80, 0xFF, 0x00, 0x80, 0xFF, 0x00, 0x00, 0xC0, 0x00, 0x80, 0xC1, 0x00, 0x80, 0xFF, 0x00, 0x80, 0xFF, 0x00, 0x80, 0xC1, 0x00 };
const uint8_t g_6_102[] PROGMEM = { 0x80, 0xC1, 0x00, 0x80, 0xFF, 0x00, 0x80, 0xFF, 0x00, 0x80, 0xFF, 0x00, 0x80, 0xC1, 0x00, 0x80, 0xC1, 0x00, 0x80, 0xFF, 0x00, 0x80, 0xFF, 0x00, 0x80, 0xFF, 0x00, 0x00, 0xC0, 0x00, 0x80, 0xC1, 0x00, 0x80, 0xFF, 0x00, 0x80, 0xFF, 0x03, 0x80, 0xC1, 0x03, 0x00, 0xC0, 0x03 };
const uint8_t g_6_103[] PROGMEM = { 0x80, 0x03, 0x00, 0x80, 0x03, 0x00, 0x80, 0xC1, 0x00, 0x80, 0xFF, 0x00, 0x80, 0xFF, 0x00, 0x80, 0xFF, 0x00, 0x00, 0xCC, 0x00, 0x00, 0xFC, 0x00, 0x00, 0x78, 0x00, 0x00, 0x30, 0x00 };
const uint8_t g_6_104[] PROGMEM = { 0x80, 0xC1, 0x00, 0x80, 0xFF, 0x00, 0x80, 0xFF, 0x00, 0x80, 0xFF, 0x00, 0x80, 0xCD, 0x00, 0x00, 0xFC, 0x00, 0x00, 0xFC, 0x00, 0x00, 0x78, 0x00, 0x80, 0x01, 0x00, 0x80, 0xFF, 0x00, 0x80, 0xFF, 0x00, 0x80, 0xC1, 0x00 };
const uint8_t g_6_105[] PROGMEM = { 0x80, 0xC1, 0x00, 0x80, 0xFF, 0x00, 0x80, 0xFF, 0x00, 0x80, 0xFF, 0x00, 0x80, 0xCD, 0x00, 0x00, 0xFC, 0x00, 0x00, 0xFC, 0x00, 0x00, 0x78, 0x00 };
const uint8_t g_6_106[] PROGMEM = { 0x00, 0x00, 0x00, 0x00, 0x63, 0x00, 0x80, 0xF3, 0x00, 0x80, 0xE1, 0x00, 0x80, 0xED, 0x00, 0x80, 0xFF, 0x00, 0x00, 0x7F, 0x00, 0x00, 0x3E, 0x00, 0x00, 0x00, 0x00 };
const uint8_t g_6_107[] PROGMEM = { 0x80, 0xC1, 0x00, 0x80, 0xFF, 0x00, 0x80, 0xFF, 0x00, 0x80, 0xFF, 0x00, 0x80, 0xCD, 0x00, 0x00, 0x3E, 0x00, 0x00, 0x7F, 0x00, 0x80, 0xF3, 0x00, 0x80, 0xE3, 0x00, 0x80, 0xE3, 0x00, 0x80, 0xF3, 0x00, 0x00, 0x7F, 0x00, 0x00, 0x3E, 0x00, 0x00, 0x00, 0x00 };
const uint8_t g_6_108[] PROGMEM = { 0x00, 0xC0, 0x00, 0x00, 0xEF, 0x00, 0x80, 0xFF, 0x00, 0x80, 0x79, 0x00, 0x80, 0xD9, 0x00, 0x80, 0xFF, 0x00, 0x80, 0xFF, 0x00, 0x80, 0xC1, 0x00, 0x00, 0x00, 0x00 };
const uint8_t g_6_109[] PROGMEM = { 0x00, 0x60, 0x00, 0x00, 0xEC, 0x00, 0x00, 0xAC, 0x00, 0x00, 0xFC, 0x00, 0x00, 0xFC, 0x00, 0x00, 0xC0, 0x00, 0x00, 0x00, 0x00 };
const uint8_t g_6_110[] PROGMEM = { 0x00, 0x38, 0x00, 0x00, 0xFE, 0x00, 0x00, 0xDA, 0x00, 0x00, 0xDB, 0x00, 0x00, 0xFB, 0x00, 0x00, 0x73, 0x00, 0x00, 0x00, 0x00 };
const uint8_t g_6_111[] PROGMEM = { 0x00, 0xCC, 0x00, 0x00, 0xFC, 0x00, 0x00, 0xFC, 0x00, 0x00, 0xFC, 0x00, 0x00, 0xFC, 0x00, 0x00, 0xFC, 0x00, 0x00, 0x00, 0x00 };
const uint8_t g_6_112[] PROGMEM = { 0x00, 0xCC, 0x00, 0x00, 0xFC, 0x00, 0x00, 0xFC, 0x00, 0x00, 0xCC, 0x00, 0x00, 0x0C, 0x00, 0x00, 0x00, 0x00 };
const uint8_t g_6_113[] PROGMEM = { 0x00, 0xC0, 0x01, 0x00, 0xFC, 0x01, 0x00, 0xFC, 0x00, 0x00, 0xCC, 0x00, 0x00, 0xFC, 0x00, 0x00, 0xFC, 0x01, 0x00, 0xCC, 0x01, 0x00, 0x00, 0x00 };
const uint8_t g_6_114[] PROGMEM = { 0x00, 0x30, 0x00, 0x00, 0xFC, 0x00, 0x00, 0xFC, 0x00, 0x00, 0xFC, 0x00, 0x00, 0xFC, 0x00, 0x00, 0x30, 0x00 };
const uint8_t g_6_115[] PROGMEM = { 0x00, 0x18, 0x00, 0xC0, 0x7E, 0x00, 0xC0, 0x7E, 0x00, 0xC0, 0x7E, 0x00, 0xC0, 0x7E, 0x00, 0x00, 0x18, 0x00 };
const uint8_t g_6_116[] PROGMEM = { 0x00, 0x88, 0x00, 0x00, 0xEC, 0x00, 0x00, 0x7C, 0x00, 0x00, 0x10, 0x00, 0x00, 0xFC, 0x00, 0x00, 0xFC, 0x00, 0x00, 0x10, 0x00, 0x00, 0x7C, 0x00, 0x00, 0xEC, 0x00, 0x00, 0x8C, 0x00 };
const uint8_t g_6_117[] PROGMEM = { 0x00, 0x08, 0x00, 0x00, 0xCC, 0x00, 0x00, 0xFC, 0x00, 0x00, 0xFC, 0x00, 0x00, 0x78, 0x00 };
const uint8_t g_6_118[] PROGMEM = { 0x00, 0x0C, 0x00, 0x00, 0xFC, 0x00, 0x00, 0xFC, 0x00, 0x00, 0x70, 0x00, 0x00, 0xD8, 0x00, 0x00, 0xFC, 0x00, 0x00, 0xFC, 0x00, 0x00, 0x00, 0x00 };
const uint8_t g_6_119[] PROGMEM = { 0x00, 0x0C, 0x00, 0x80, 0xFC, 0x00, 0x80, 0xFD, 0x00, 0x00, 0x71, 0x00, 0x80, 0xD9, 0x00, 0x80, 0xFD, 0x00, 0x00, 0xFC, 0x00, 0x00, 0x00, 0x00 };
const uint8_t g_6_120[] PROGMEM = { 0x00, 0xCC, 0x00, 0x00, 0xFC, 0x00, 0x00, 0xFC, 0x00, 0x00, 0xF0, 0x00, 0x00, 0x7C, 0x00, 0x00, 0xEC, 0x00, 0x00, 0xCC, 0x00 };
const uint8_t g_6_121[] PROGMEM = { 0x00, 0xC0, 0x00, 0x00, 0xFC, 0x00, 0x00, 0x7C, 0x00, 0x00, 0xCC, 0x00, 0x00, 0xFC, 0x00, 0x00, 0xFC, 0x00, 0x00, 0xCC, 0x00 };
const uint8_t g_6_122[] PROGMEM = { 0x00, 0xC0, 0x00, 0x00, 0xFC, 0x00, 0x00, 0xFC, 0x00, 0x00, 0x38, 0x00, 0x00, 0x70, 0x00, 0x00, 0xFC, 0x00, 0x00, 0xFC, 0x00, 0x00, 0xFC, 0x00, 0x00, 0x00, 0x00 };
const uint8_t g_6_123[] PROGMEM = { 0x00, 0xCC, 0x00, 0x00, 0xFC, 0x00, 0x00, 0xFC, 0x00, 0x00, 0xFC, 0x00, 0x00, 0xFC, 0x00, 0x00, 0xFC, 0x00, 0x00, 0xFC, 0x00, 0x00, 0x00, 0x00 };
const uint8_t g_6_124[] PROGMEM = { 0x00, 0x30, 0x00, 0x00, 0x78, 0x00, 0x00, 0xFC, 0x00, 0x00, 0xCC, 0x00, 0x00, 0xFC, 0x00, 0x00, 0x78, 0x00 };
const uint8_t g_6_125[] PROGMEM = { 0x00, 0xCC, 0x00, 0x00, 0xFC, 0x00, 0x00, 0xFC, 0x00, 0x00, 0xCC, 0x00, 0x00, 0xFC, 0x00, 0x00, 0xFC, 0x00, 0x00, 0xFC, 0x00, 0x00, 0x00, 0x00 };
const uint8_t g_6_126[] PROGMEM = { 0x00, 0x0C, 0x06, 0x00, 0xFC, 0x07, 0x00, 0xFC, 0x07, 0x00, 0xCC, 0x06, 0x00, 0xCC, 0x00, 0x00, 0xFC, 0x00, 0x00, 0x78, 0x00 };
const uint8_t g_6_127[] PROGMEM = { 0x00, 0x30, 0x00, 0x00, 0xF8, 0x00, 0x00, 0xCC, 0x00, 0x00, 0xCC, 0x00, 0x00, 0xDC, 0x00, 0x00, 0x00, 0x00 };
const uint8_t g_6_128[] PROGMEM = { 0x00, 0x0C, 0x00, 0x00, 0x0C, 0x00, 0x00, 0xFC, 0x00, 0x00, 0xFC, 0x00, 0x00, 0xCC, 0x00, 0x00, 0x0C, 0x00, 0x00, 0x00, 0x00 };
const uint8_t g_6_129[] PROGMEM = { 0x00, 0x0C, 0x00, 0x00, 0x1C, 0x06, 0x00, 0xFC, 0x07, 0x00, 0xE0, 0x03, 0x00, 0xFC, 0x00, 0x00, 0x1C, 0x00, 0x00, 0x0C, 0x00 };
const uint8_t g_6_130[] PROGMEM = { 0x00, 0x30, 0x00, 0x00, 0xFC, 0x00, 0x00, 0xCC, 0x00, 0x80, 0xFF, 0x07, 0x80, 0xFF, 0x07, 0x00, 0xCC, 0x06, 0x00, 0xFC, 0x00, 0x00, 0x78, 0x00, 0x00, 0x00, 0x00 };
const uint8_t g_6_131[] PROGMEM = { 0x00, 0xCC, 0x00, 0x00, 0xCC, 0x00, 0x00, 0xFC, 0x00, 0x00, 0xFC, 0x00, 0x00, 0xFC, 0x00, 0x00, 0xFC, 0x00, 0x00, 0xCC, 0x00, 0x00, 0x00, 0x00 };
const uint8_t g_6_132[] PROGMEM = { 0x00, 0xCC, 0x00, 0x00, 0xFC, 0x00, 0x00, 0xFC, 0x00, 0x00, 0xCC, 0x00, 0x00, 0xFC, 0x00, 0x00, 0xFC, 0x01, 0x00, 0xFC, 0x01, 0x00, 0x00, 0x00 };
const uint8_t g_6_133[] PROGMEM = { 0x00, 0x0C, 0x00, 0x00, 0x1C, 0x00, 0x00, 0x3C, 0x00, 0x00, 0xE0, 0x00, 0x00, 0xFC, 0x00, 0x00, 0xFC, 0x00, 0x00, 0xCC, 0x00 };
const uint8_t g_6_134[] PROGMEM = { 0x00, 0xCC, 0x00, 0x00, 0xFC, 0x00, 0x00, 0xFC, 0x00, 0x00, 0xCC, 0x00, 0x00, 0xFC, 0x00, 0x00, 0xFC, 0x00, 0x00, 0xC0, 0x00, 0x00, 0xFC, 0x00, 0x00, 0xFC, 0x00, 0x00, 0xCC, 0x00, 0x00, 0x00, 0x00 };
const uint8_t g_6_135[] PROGMEM = { 0x00, 0xCC, 0x00, 0x00, 0xFC, 0x00, 0x00, 0xFC, 0x00, 0x00, 0xCC, 0x00, 0x00, 0xFC, 0x00, 0x00, 0xFC, 0x00, 0x00, 0xC0, 0x00, 0x00, 0xFC, 0x00, 0x00, 0xFC, 0x01, 0x00, 0xCC, 0x01, 0x00, 0x00, 0x00 };
const uint8_t g_6_136[] PROGMEM = { 0x00, 0x0C, 0x00, 0x00, 0x0C, 0x00, 0x00, 0xFC, 0x00, 0x00, 0xFC, 0x00, 0x00, 0x9C, 0x00, 0x00, 0xF0, 0x00, 0x00, 0xF0, 0x00, 0x00, 0x00, 0x00 };
const uint8_t g_6_137[] PROGMEM = { 0x00, 0xCC, 0x00, 0x00, 0xFC, 0x00, 0x00, 0xFC, 0x00, 0x00, 0x9C, 0x00, 0x00, 0xF0, 0x00, 0x00, 0xF0, 0x00, 0x00, 0x0C, 0x00, 0x00, 0xFC, 0x00, 0x00, 0xFC, 0x00, 0x00, 0x00, 0x00 };
const uint8_t g_6_138[] PROGMEM = { 0x00, 0x8C, 0x00, 0x00, 0xFC, 0x00, 0x00, 0xFC, 0x00, 0x00, 0xAC, 0x00, 0x00, 0xE0, 0x00, 0x00, 0xE0, 0x00, 0x00, 0x00, 0x00 };
const uint8_t g_6_139[] PROGMEM = { 0x00, 0x48, 0x00, 0x00, 0xDC, 0x00, 0x00, 0xFC, 0x00, 0x00, 0xFC, 0x00, 0x00, 0x78, 0x00, 0x00, 0x00, 0x00 };
const uint8_t g_6_140[] PROGMEM = { 0x00, 0xCC, 0x00, 0x00, 0xFC, 0x00, 0x00, 0xFC, 0x00, 0x00, 0xFC, 0x00, 0x00, 0x78, 0x00, 0x00, 0xFC, 0x00, 0x00, 0xCC, 0x00, 0x00, 0xFC, 0x00, 0x00, 0x78, 0x00, 0x00, 0x00, 0x00 };
const uint8_t g_6_141[] PROGMEM = { 0x00, 0x98, 0x00, 0x00, 0xFC, 0x00, 0x00, 0x7C, 0x00, 0x00, 0xEC, 0x00, 0x00, 0xFC, 0x00, 0x00, 0xFC, 0x00, 0x00, 0x00, 0x00 };

const uint8_t g_7_0[] PROGMEM = { 0x00, 0x00, 0x00, 0x00, 0x00, 0x00, 0x00, 0x00, 0x00 };
const uint8_t g_7_1[] PROGMEM = { 0x00, 0x00, 0x00, 0x00, 0x00, 0x00, 0x80, 0x81, 0x00, 0x80, 0xB0, 0x00, 0x80, 0x08, 0x00, 0x80, 0x04, 0x00, 0x00, 0x03, 0x00 };
const uint8_t g_7_2[] PROGMEM = { 0x00, 0x00, 0x00, 0x00, 0xB8, 0x00, 0x80, 0x07, 0x00, 0x00, 0x00, 0x00 };
const uint8_t g_7_3[] PROGMEM = { 0x00, 0x00, 0x00, 0x00, 0x02, 0x00, 0x80, 0x01, 0x00, 0x00, 0x03, 0x00, 0x80, 0x00, 0x00 };
const uint8_t g_7_4[] PROGMEM = { 0x00, 0x00, 0x00, 0x00, 0x02, 0x00, 0x80, 0x01, 0x00, 0x00, 0x00, 0x00 };
const uint8_t g_7_5[] PROGMEM = { 0x00, 0x80, 0x00, 0x00, 0x00, 0x00, 0x00, 0x00, 0x00, 0x00, 0x00, 0x00 };
const uint8_t g_7_6[] PROGMEM = { 0x00, 0x00, 0x00, 0x00, 0x20, 0x00, 0x00, 0x20, 0x00, 0x00, 0x20, 0x00, 0x00, 0x00, 0x00 };
const uint8_t g_7_7[] PROGMEM = { 0x00, 0x00, 0x02, 0x00, 0x00, 0x02, 0x00, 0x00, 0x02, 0x00, 0x00, 0x02, 0x00, 0x00, 0x02, 0x00, 0x00, 0x02, 0x00, 0x00, 0x02, 0x00, 0x00, 0x00, 0x00, 0x00, 0x00 };
const uint8_t g_7_8[] PROGMEM = { 0x00, 0x00, 0x00, 0x00, 0x80, 0x00, 0x00, 0x00, 0x00 };
const uint8_t g_7_9[] PROGMEM = { 0x00, 0xC0, 0x00, 0x00, 0x20, 0x00, 0x00, 0x18, 0x00, 0x00, 0x04, 0x00, 0x00, 0x03, 0x00, 0x80, 0x00, 0x00, 0x00, 0x00, 0x00, 0x00, 0x00, 0x00, 0x00, 0x00, 0x00 };
const uint8_t g_7_10[] PROGMEM = { 0x00, 0x00, 0x00, 0x00, 0x7C, 0x00, 0x00, 0x83, 0x00, 0x80, 0x80, 0x00, 0x80, 0x80, 0x00, 0x80, 0x60, 0x00, 0x00, 0x1F, 0x00, 0x00, 0x00, 0x00 };
const uint8_t g_7_11[] PROGMEM = { 0x00, 0x00, 0x00, 0x00, 0x80, 0x00, 0x00, 0x81, 0x00, 0x00, 0xF9, 0x00, 0x80, 0x87, 0x00, 0x00, 0x80, 0x00, 0x00, 0x00, 0x00 };
const uint8_t g_7_12[] PROGMEM = { 0x00, 0x00, 0x00, 0x00, 0xC0, 0x00, 0x00, 0xC3, 0x00, 0x80, 0xA0, 0x00, 0x80, 0x90, 0x00, 0x80, 0xC8, 0x00, 0x00, 0x07, 0x00 };
const uint8_t g_7_13[] PROGMEM = { 0x00, 0x00, 0x00, 0x00, 0xE0, 0x00, 0x80, 0x84, 0x00, 0x80, 0x84, 0x00, 0x80, 0x86, 0x00, 0x80, 0x7D, 0x00, 0x80, 0x00, 0x00, 0x00, 0x00, 0x00 };
const uint8_t g_7_14[] PROGMEM = { 0x00, 0x00, 0x00, 0x00, 0x30, 0x00, 0x00, 0x28, 0x00, 0x00, 0x24, 0x00, 0x00, 0xE3, 0x00, 0x80, 0x3F, 0x00, 0x80, 0x20, 0x00, 0x00, 0x00, 0x00 };
const uint8_t g_7_15[] PROGMEM = { 0x00, 0x00, 0x00, 0x00, 0xE0, 0x00, 0x00, 0x87, 0x00, 0x80, 0x84, 0x00, 0x80, 0x84, 0x00, 0x80, 0x7C, 0x00, 0x80, 0x00, 0x00, 0x00, 0x00, 0x00 };
const uint8_t g_7_16[] PROGMEM = { 0x00, 0x00, 0x00, 0x00, 0x7C, 0x00, 0x00, 0x8A, 0x00, 0x00, 0x85, 0x00, 0x80, 0x84, 0x00, 0x80, 0x4C, 0x00, 0x00, 0x38, 0x00 };
const uint8_t g_7_17[] PROGMEM = { 0x00, 0x00, 0x00, 0x00, 0x01, 0x00, 0x80, 0xC0, 0x00, 0x80, 0x30, 0x00, 0x80, 0x08, 0x00, 0x80, 0x06, 0x00, 0x80, 0x01, 0x00, 0x00, 0x00, 0x00 };
const uint8_t g_7_18[] PROGMEM = { 0x00, 0x00, 0x00, 0x00, 0x70, 0x00, 0x00, 0x97, 0x00, 0x80, 0x88, 0x00, 0x80, 0x88, 0x00, 0x80, 0x74, 0x00, 0x00, 0x03, 0x00 };
const uint8_t g_7_19[] PROGMEM = { 0x00, 0x00, 0x00, 0x00, 0x06, 0x00, 0x00, 0x99, 0x00, 0x80, 0x90, 0x00, 0x80, 0x50, 0x00, 0x80, 0x28, 0x00, 0x00, 0x1F, 0x00, 0x00, 0x00, 0x00 };
const uint8_t g_7_20[] PROGMEM = { 0x00, 0x00, 0x00, 0x00, 0xF8, 0x00, 0x00, 0x04, 0x01, 0x00, 0x7A, 0x02, 0x00, 0x85, 0x02, 0x00, 0x85, 0x02, 0x00, 0x85, 0x00, 0x00, 0xFD, 0x00, 0x00, 0x81, 0x00, 0x00, 0x76, 0x00, 0x00, 0x08, 0x00 };
const uint8_t g_7_21[] PROGMEM = { 0x00, 0x80, 0x00, 0x00, 0xC0, 0x00, 0x00, 0xB0, 0x00, 0x00, 0x1C, 0x00, 0x00, 0x12, 0x00, 0x80, 0x11, 0x00, 0x00, 0x9E, 0x00, 0x00, 0xE0, 0x00, 0x00, 0x80, 0x00 };
const uint8_t g_7_22[] PROGMEM = { 0x00, 0x00, 0x00, 0x00, 0x80, 0x00, 0x80, 0xFE, 0x00, 0x80, 0x89, 0x00, 0x80, 0x88, 0x00, 0x80, 0xCC, 0x00, 0x00, 0x73, 0x00 };
const uint8_t g_7_23[] PROGMEM = { 0x00, 0x00, 0x00, 0x00, 0x3C, 0x00, 0x00, 0x42, 0x00, 0x00, 0x81, 0x00, 0x80, 0x80, 0x00, 0x80, 0x80, 0x00, 0x80, 0x80, 0x00, 0x80, 0x43, 0x00, 0x00, 0x43, 0x00 };
const uint8_t g_7_24[] PROGMEM = { 0x00, 0x00, 0x00, 0x00, 0x80, 0x00, 0x80, 0xFE, 0x00, 0x80, 0x81, 0x00, 0x80, 0x80, 0x00, 0x80, 0x80, 0x00, 0x80, 0x40, 0x00, 0x00, 0x61, 0x00, 0x00, 0x1E, 0x00 };
const uint8_t g_7_25[] PROGMEM = { 0x00, 0x00, 0x00, 0x00, 0x80, 0x00, 0x80, 0xFE, 0x00, 0x80, 0x89, 0x00, 0x80, 0x88, 0x00, 0x80, 0xC8, 0x00, 0x80, 0x01, 0x00, 0x00, 0x00, 0x00 };
const uint8_t g_7_26[] PROGMEM = { 0x00, 0x00, 0x00, 0x00, 0x80, 0x00, 0x80, 0xFF, 0x00, 0x80, 0x88, 0x00, 0x80, 0x08, 0x00, 0x80, 0x08, 0x00, 0x80, 0x01, 0x00, 0x00, 0x00, 0x00 };
const uint8_t g_7_27[] PROGMEM = { 0x00, 0x00, 0x00, 0x00, 0x1C, 0x00, 0x00, 0x63, 0x00, 0x00, 0x81, 0x00, 0x80, 0x80, 0x00, 0x80, 0x88, 0x00, 0x80, 0x88, 0x00, 0x80, 0x4B, 0x00, 0x00, 0x79, 0x00, 0x00, 0x00, 0x00 };
const uint8_t g_7_28[] PROGMEM = { 0x00, 0x00, 0x00, 0x00, 0x80, 0x00, 0x80, 0xFE, 0x00, 0x80, 0x09, 0x00, 0x80, 0x08, 0x00, 0x00, 0x08, 0x00, 0x00, 0x08, 0x00, 0x00, 0x88, 0x00, 0x80, 0xFE, 0x00, 0x80, 0x01, 0x00, 0x80, 0x00, 0x00 };
const uint8_t g_7_29[] PROGMEM = { 0x00, 0x80, 0x00, 0x00, 0xC0, 0x00, 0x80, 0xBF, 0x00, 0x80, 0x00, 0x00, 0x00, 0x00, 0x00 };
const uint8_t g_7_30[] PROGMEM = { 0x00, 0x00, 0x00, 0x00, 0x80, 0x00, 0x00, 0x80, 0x00, 0x00, 0xC0, 0x00, 0x80, 0x3E, 0x00, 0x80, 0x01, 0x00, 0x80, 0x00, 0x00 };
const uint8_t g_7_31[] PROGMEM = { 0x00, 0x80, 0x00, 0x00, 0xC0, 0x00, 0x80, 0xBF, 0x00, 0x80, 0x08, 0x00, 0x00, 0x1C, 0x00, 0x00, 0x62, 0x00, 0x00, 0x81, 0x00, 0x80, 0x81, 0x00, 0x00, 0x00, 0x00 };
const uint8_t g_7_32[] PROGMEM = { 0x00, 0x00, 0x00, 0x00, 0x80, 0x00, 0x80, 0xFF, 0x00, 0x80, 0x80, 0x00, 0x80, 0x80, 0x00, 0x00, 0xC0, 0x00, 0x00, 0x00, 0x00 };
const uint8_t g_7_33[] PROGMEM = { 0x00, 0x80, 0x00, 0x00, 0xC0, 0x00, 0x00, 0xBC, 0x00, 0x80, 0x03, 0x00, 0x00, 0x1E, 0x00, 0x00, 0xE0, 0x00, 0x00, 0x60, 0x00, 0x00, 0x18, 0x00, 0x00, 0x86, 0x00, 0x00, 0xFF, 0x00, 0x80, 0x81, 0x00 };
const uint8_t g_7_34[] PROGMEM = { 0x00, 0x80, 0x00, 0x00, 0xC0, 0x00, 0x00, 0xBF, 0x00, 0x80, 0x01, 0x00, 0x00, 0x06, 0x00, 0x00, 0x18, 0x00, 0x00, 0x30, 0x00, 0x00, 0xC0, 0x00, 0x80, 0x7F, 0x00, 0x80, 0x00, 0x00, 0x00, 0x00, 0x00 };
const uint8_t g_7_35[] PROGMEM = { 0x00, 0x00, 0x00, 0x00, 0x3C, 0x00, 0x00, 0x62, 0x00, 0x00, 0x81, 0x00, 0x80, 0x80, 0x00, 0x80, 0x80, 0x00, 0x80, 0x80, 0x00, 0x80, 0x40, 0x00, 0x00, 0x63, 0x00, 0x00, 0x1E, 0x00 };
const uint8_t g_7_36[] PROGMEM = { 0x00, 0x00, 0x00, 0x00, 0x80, 0x00, 0x80, 0xFE, 0x00, 0x80, 0x91, 0x00, 0x80, 0x10, 0x00, 0x80, 0x10, 0x00, 0x80, 0x0F, 0x00, 0x00, 0x00, 0x00 };
const uint8_t g_7_37[] PROGMEM = { 0x00, 0x00, 0x00, 0x00, 0x1C, 0x00, 0x00, 0x63, 0x00, 0x00, 0xC1, 0x00, 0x80, 0x80, 0x00, 0x80, 0x90, 0x00, 0x80, 0xB0, 0x00, 0x80, 0xC0, 0x01, 0x00, 0x31, 0x03, 0x00, 0x1E, 0x02 };
const uint8_t g_7_38[] PROGMEM = { 0x00, 0x00, 0x00, 0x00, 0x80, 0x00, 0x80, 0xFE, 0x00, 0x80, 0x91, 0x00, 0x80, 0x30, 0x00, 0x80, 0xF0, 0x00, 0x80, 0x8D, 0x00, 0x00, 0x02, 0x00 };
const uint8_t g_7_39[] PROGMEM = { 0x00, 0x00, 0x00, 0x00, 0xE0, 0x00, 0x00, 0x87, 0x00, 0x80, 0x88, 0x00, 0x80, 0x88, 0x00, 0x80, 0x58, 0x00, 0x80, 0x33, 0x00, 0x00, 0x00, 0x00 };
const uint8_t g_7_40[] PROGMEM = { 0x00, 0x00, 0x00, 0x00, 0x01, 0x00, 0x80, 0x80, 0x00, 0x80, 0xC0, 0x00, 0x80, 0xBF, 0x00, 0x80, 0x00, 0x00, 0x80, 0x00, 0x00, 0x80, 0x01, 0x00, 0x00, 0x00, 0x00 };
const uint8_t g_7_41[] PROGMEM = { 0x00, 0x00, 0x00, 0x00, 0x00, 0x00, 0x80, 0x7F, 0x00, 0x80, 0x80, 0x00, 0x00, 0x80, 0x00, 0x00, 0x80, 0x00, 0x00, 0x80, 0x00, 0x00, 0x60, 0x00, 0x80, 0x1F, 0x00, 0x80, 0x00, 0x00, 0x00, 0x00, 0x00 };
const uint8_t g_7_42[] PROGMEM = { 0x00, 0x00, 0x00, 0x80, 0x00, 0x00, 0x80, 0x03, 0x00, 0x80, 0x3C, 0x00, 0x00, 0xC0, 0x00, 0x00, 0x20, 0x00, 0x00, 0x18, 0x00, 0x80, 0x06, 0x00, 0x80, 0x01, 0x00, 0x80, 0x00, 0x00 };
const uint8_t g_7_43[] PROGMEM = { 0x00, 0x00, 0x00, 0x00, 0x00, 0x00, 0x80, 0x01, 0x00, 0x80, 0xFE, 0x00, 0x00, 0x60, 0x00, 0x00, 0x18, 0x00, 0x00, 0x06, 0x00, 0x80, 0x07, 0x00, 0x00, 0xF8, 0x00, 0x00, 0x60, 0x00, 0x00, 0x1C, 0x00, 0x80, 0x03, 0x00, 0x80, 0x00, 0x00, 0x80, 0x00, 0x00 };
const uint8_t g_7_44[] PROGMEM = { 0x00, 0x80, 0x00, 0x00, 0x80, 0x00, 0x80, 0xC0, 0x00, 0x80, 0x33, 0x00, 0x00, 0x1C, 0x00, 0x00, 0xB4, 0x00, 0x00, 0xE2, 0x00, 0x80, 0x81, 0x00, 0x80, 0x00, 0x00, 0x00, 0x00, 0x00 };
const uint8_t g_7_45[] PROGMEM = { 0x00, 0x00, 0x00, 0x80, 0x00, 0x00, 0x80, 0x81, 0x00, 0x80, 0x8E, 0x00, 0x00, 0xF0, 0x00, 0x00, 0x0C, 0x00, 0x80, 0x03, 0x00, 0x80, 0x01, 0x00, 0x80, 0x00, 0x00 };
const uint8_t g_7_46[] PROGMEM = { 0x00, 0x80, 0x00, 0x00, 0xC1, 0x00, 0x80, 0xA0, 0x00, 0x80, 0x90, 0x00, 0x80, 0x8C, 0x00, 0x80, 0x86, 0x00, 0x80, 0xC1, 0x00, 0x80, 0x00, 0x00, 0x00, 0x00, 0x00 };
const uint8_t g_7_47[] PROGMEM = { 0x00, 0x00, 0x02, 0x00, 0xFC, 0x03, 0x80, 0x03, 0x02, 0x80, 0x00, 0x00, 0x80, 0x00, 0x00 };
const uint8_t g_7_48[] PROGMEM = { 0x00, 0x00, 0x00, 0x00, 0x00, 0x00, 0x80, 0x03, 0x00, 0x00, 0x1C, 0x00, 0x00, 0xE0, 0x00, 0x00, 0x00, 0x01 };
const uint8_t g_7_49[] PROGMEM = { 0x00, 0x00, 0x02, 0x00, 0x00, 0x02, 0x80, 0xF0, 0x03, 0x80, 0x0F, 0x00, 0x00, 0x00, 0x00 };
const uint8_t g_7_50[] PROGMEM = { 0x00, 0x00, 0x00, 0x00, 0x78, 0x00, 0x00, 0x84, 0x00, 0x00, 0x84, 0x00, 0x00, 0x84, 0x00, 0x00, 0xF8, 0x00, 0x00, 0x84, 0x00 };
const uint8_t g_7_51[] PROGMEM = { 0x00, 0x00, 0x00, 0x80, 0x70, 0x00, 0x80, 0x8F, 0x00, 0x00, 0x84, 0x00, 0x00, 0x84, 0x00, 0x00, 0x6C, 0x00, 0x00, 0x18, 0x00 };
const uint8_t g_7_52[] PROGMEM = { 0x00, 0x00, 0x00, 0x00, 0x78, 0x00, 0x00, 0x8C, 0x00, 0x00, 0x84, 0x00, 0x00, 0x84, 0x00, 0x00, 0x4C, 0x00, 0x00, 0x00, 0x00 };
const uint8_t g_7_53[] PROGMEM = { 0x00, 0x00, 0x00, 0x00, 0x78, 0x00, 0x00, 0x84, 0x00, 0x00, 0x84, 0x00, 0x00, 0x84, 0x00, 0x00, 0xF8, 0x00, 0x80, 0x8F, 0x00, 0x00, 0x00, 0x00 };
const uint8_t g_7_54[] PROGMEM = { 0x00, 0x00, 0x00, 0x00, 0x78, 0x00, 0x00, 0x94, 0x00, 0x00, 0x94, 0x00, 0x00, 0x94, 0x00, 0x00, 0x54, 0x00, 0x00, 0x08, 0x00 };
const uint8_t g_7_55[] PROGMEM = { 0x00, 0xE4, 0x03, 0x00, 0x1F, 0x00, 0x80, 0x04, 0x00, 0x80, 0x04, 0x00, 0x00, 0x00, 0x00, 0x00, 0x00, 0x00, 0x00, 0x00, 0x00, 0x00, 0x00, 0x00 };
const uint8_t g_7_56[] PROGMEM = { 0x00, 0x00, 0x00, 0x00, 0x78, 0x04, 0x00, 0x84, 0x04, 0x00, 0x84, 0x04, 0x00, 0x84, 0x02, 0x00, 0xF8, 0x01, 0x00, 0x04, 0x00 };
const uint8_t g_7_57[] PROGMEM = { 0x00, 0x00, 0x00, 0x00, 0xE0, 0x00, 0x80, 0x1F, 0x00, 0x00, 0x04, 0x00, 0x00, 0x04, 0x00, 0x00, 0xF4, 0x00, 0x00, 0x88, 0x00 };
const uint8_t g_7_58[] PROGMEM = { 0x00, 0x00, 0x00, 0x00, 0xF4, 0x00, 0x80, 0x8C, 0x00, 0x00, 0x00, 0x00 };
const uint8_t g_7_59[] PROGMEM = { 0x00, 0x00, 0x00, 0x00, 0xF4, 0x07, 0x80, 0x0C, 0x00, 0x00, 0x00, 0x00 };
const uint8_t g_7_60[] PROGMEM = { 0x00, 0x00, 0x00, 0x00, 0xE0, 0x00, 0x80, 0x1F, 0x00, 0x00, 0x30, 0x00, 0x00, 0xC8, 0x00, 0x00, 0x84, 0x00, 0x00, 0x00, 0x00 };
const uint8_t g_7_61[] PROGMEM = { 0x00, 0x00, 0x00, 0x00, 0xF0, 0x00, 0x80, 0x8F, 0x00, 0x00, 0x00, 0x00 };
const uint8_t g_7_62[] PROGMEM = { 0x00, 0x00, 0x00, 0x00, 0xF4, 0x00, 0x00, 0x0C, 0x00, 0x00, 0x04, 0x00, 0x00, 0x04, 0x00, 0x00, 0xFC, 0x00, 0x00, 0x08, 0x00, 0x00, 0x04, 0x00, 0x00, 0xFC, 0x00, 0x00, 0x80, 0x00 };
const uint8_t g_7_63[] PROGMEM = { 0x00, 0x00, 0x00, 0x00, 0xF4, 0x00, 0x00, 0x0C, 0x00, 0x00, 0x04, 0x00, 0x00, 0x04, 0x00, 0x00, 0xF4, 0x00, 0x00, 0x88, 0x00 };
const uint8_t g_7_64[] PROGMEM = { 0x00, 0x00, 0x00, 0x00, 0x78, 0x00, 0x00, 0x8C, 0x00, 0x00, 0x84, 0x00, 0x00, 0x84, 0x00, 0x00, 0x4C, 0x00, 0x00, 0x30, 0x00 };
const uint8_t g_7_65[] PROGMEM = { 0x00, 0x00, 0x00, 0x00, 0xF4, 0x07, 0x00, 0xCC, 0x00, 0x00, 0x84, 0x00, 0x00, 0x84, 0x00, 0x00, 0x44, 0x00, 0x00, 0x38, 0x00 };
const uint8_t g_7_66[] PROGMEM = { 0x00, 0x00, 0x00, 0x00, 0x78, 0x00, 0x00, 0x84, 0x00, 0x00, 0x84, 0x00, 0x00, 0x84, 0x06, 0x00, 0xF8, 0x01, 0x00, 0x04, 0x00, 0x00, 0x00, 0x00 };
const uint8_t g_7_67[] PROGMEM = { 0x00, 0x00, 0x00, 0x00, 0xF4, 0x00, 0x00, 0x0C, 0x00, 0x00, 0x04, 0x00, 0x00, 0x04, 0x00, 0x00, 0x00, 0x00 };
const uint8_t g_7_68[] PROGMEM = { 0x00, 0x00, 0x00, 0x00, 0xD8, 0x00, 0x00, 0x94, 0x00, 0x00, 0xA4, 0x00, 0x00, 0x6C, 0x00, 0x00, 0x00, 0x00 };
const uint8_t g_7_69[] PROGMEM = { 0x00, 0x00, 0x00, 0x00, 0x64, 0x00, 0x00, 0x9F, 0x00, 0x00, 0x84, 0x00, 0x00, 0x04, 0x00 };
const uint8_t g_7_70[] PROGMEM = { 0x00, 0x00, 0x00, 0x00, 0x74, 0x00, 0x00, 0x8C, 0x00, 0x00, 0x80, 0x00, 0x00, 0x80, 0x00, 0x00, 0xF0, 0x00, 0x00, 0x8C, 0x00 };
const uint8_t g_7_71[] PROGMEM = { 0x00, 0x00, 0x00, 0x00, 0x04, 0x00, 0x00, 0x78, 0x00, 0x00, 0xC0, 0x00, 0x00, 0x20, 0x00, 0x00, 0x18, 0x00, 0x00, 0x04, 0x00 };
const uint8_t g_7_72[] PROGMEM = { 0x00, 0x00, 0x00, 0x00, 0x04, 0x00, 0x00, 0xFC, 0x00, 0x00, 0xE0, 0x00, 0x00, 0x18, 0x00, 0x00, 0x3C, 0x00, 0x00, 0xC0, 0x00, 0x00, 0x30, 0x00, 0x00, 0x0C, 0x00, 0x00, 0x00, 0x00 };
const uint8_t g_7_73[] PROGMEM = { 0x00, 0x00, 0x00, 0x00, 0x84, 0x00, 0x00, 0x6C, 0x00, 0x00, 0x30, 0x00, 0x00, 0xC8, 0x00, 0x00, 0x84, 0x00, 0x00, 0x00, 0x00 };
const uint8_t g_7_74[] PROGMEM = { 0x00, 0x00, 0x00, 0x00, 0x04, 0x04, 0x00, 0x3C, 0x03, 0x00, 0xC0, 0x00, 0x00, 0x20, 0x00, 0x00, 0x18, 0x00, 0x00, 0x04, 0x00 };
const uint8_t g_7_75[] PROGMEM = { 0x00, 0x80, 0x00, 0x00, 0xCC, 0x00, 0x00, 0xE4, 0x00, 0x00, 0x94, 0x00, 0x00, 0x8C, 0x00, 0x00, 0x44, 0x00, 0x00, 0x00, 0x00 };
const uint8_t g_7_76[] PROGMEM = { 0x00, 0x80, 0x00, 0x00, 0xC0, 0x00, 0x00, 0xB0, 0x00, 0x00, 0x1C, 0x00, 0x00, 0x12, 0x00, 0x80, 0x11, 0x00, 0x00, 0x9E, 0x00, 0x00, 0xE0, 0x00, 0x00, 0x80, 0x00 };
const uint8_t g_7_77[] PROGMEM = { 0x00, 0x00, 0x00, 0x00, 0x80, 0x00, 0x80, 0xFF, 0x00, 0x80, 0x88, 0x00, 0x80, 0x88, 0x00, 0x80, 0xC8, 0x00, 0x80, 0x31, 0x00, 0x00, 0x00, 0x00 };
const uint8_t g_7_78[] PROGMEM = { 0x00, 0x00, 0x00, 0x00, 0x80, 0x00, 0x80, 0xFE, 0x00, 0x80, 0x89, 0x00, 0x80, 0x88, 0x00, 0x80, 0xCC, 0x00, 0x00, 0x73, 0x00 };
const uint8_t g_7_79[] PROGMEM = { 0x00, 0x00, 0x00, 0x00, 0x80, 0x00, 0x80, 0xFF, 0x00, 0x80, 0x80, 0x00, 0x80, 0x00, 0x00, 0x80, 0x00, 0x00, 0x80, 0x01, 0x00, 0x00, 0x00, 0x00 };
const uint8_t g_7_80[] PROGMEM = { 0x00, 0x80, 0x03, 0x00, 0x80, 0x00, 0x00, 0xE0, 0x00, 0x80, 0x9C, 0x00, 0x80, 0x83, 0x00, 0x80, 0x80, 0x00, 0x80, 0x80, 0x00, 0x80, 0xF0, 0x00, 0x80, 0x8F, 0x03, 0x80, 0x00, 0x00, 0x00, 0x00, 0x00 };
const uint8_t g_7_81[] PROGMEM = { 0x00, 0x00, 0x00, 0x00, 0x80, 0x00, 0x80, 0xFE, 0x00, 0x80, 0x89, 0x00, 0x80, 0x88, 0x00, 0x80, 0xC8, 0x00, 0x80, 0x01, 0x00, 0x00, 0x00, 0x00 };
const uint8_t g_7_82[] PROGMEM = { 0x00, 0x00, 0x00, 0x00, 0x40, 0x00, 0x40, 0x7F, 0x00, 0xD0, 0x44, 0x00, 0x40, 0x44, 0x00, 0x50, 0x64, 0x00, 0xC0, 0x00, 0x00, 0x00, 0x00, 0x00 };
const uint8_t g_7_83[] PROGMEM = { 0x00, 0x80, 0x00, 0x00, 0x80, 0x00, 0x80, 0x41, 0x00, 0x80, 0x33, 0x00, 0x00, 0x8C, 0x00, 0x80, 0xE8, 0x00, 0x80, 0x9F, 0x00, 0x80, 0x08, 0x00, 0x00, 0x3C, 0x00, 0x00, 0xC2, 0x00, 0x80, 0x81, 0x00, 0x80, 0x01, 0x00 };
const uint8_t g_7_84[] PROGMEM = { 0x00, 0x00, 0x00, 0x00, 0xE0, 0x00, 0x00, 0x83, 0x00, 0x80, 0x88, 0x00, 0x80, 0x88, 0x00, 0x80, 0x5C, 0x00, 0x00, 0x23, 0x00 };
const uint8_t g_7_85[] PROGMEM = { 0x00, 0x00, 0x00, 0x00, 0x00, 0x00, 0x80, 0xFE, 0x00, 0x80, 0x61, 0x00, 0x80, 0x10, 0x00, 0x00, 0x08, 0x00, 0x00, 0x84, 0x00, 0x00, 0xE3, 0x00, 0x80, 0x9F, 0x00, 0x00, 0x00, 0x00 };
const uint8_t g_7_86[] PROGMEM = { 0x00, 0x00, 0x00, 0x00, 0x00, 0x00, 0x80, 0xFE, 0x00, 0x80, 0x61, 0x00, 0xA0, 0x10, 0x00, 0x40, 0x08, 0x00, 0x40, 0x84, 0x00, 0x20, 0xE3, 0x00, 0x80, 0x9F, 0x00, 0x00, 0x00, 0x00 };
const uint8_t g_7_87[] PROGMEM = { 0x00, 0x80, 0x00, 0x00, 0xC0, 0x00, 0x80, 0xBF, 0x00, 0x80, 0x08, 0x00, 0x00, 0x1C, 0x00, 0x00, 0x62, 0x00, 0x00, 0x81, 0x00, 0x80, 0x81, 0x00, 0x00, 0x00, 0x00 };
const uint8_t g_7_88[] PROGMEM = { 0x00, 0x80, 0x00, 0x00, 0x80, 0x00, 0x00, 0x60, 0x00, 0x80, 0x1E, 0x00, 0x80, 0x01, 0x00, 0x80, 0x00, 0x00, 0x80, 0x80, 0x00, 0x80, 0xF8, 0x00, 0x80, 0x87, 0x00, 0x80, 0x00, 0x00 };
const uint8_t g_7_89[] PROGMEM = { 0x00, 0x80, 0x00, 0x00, 0xC0, 0x00, 0x00, 0xBC, 0x00, 0x80, 0x03, 0x00, 0x00, 0x1E, 0x00, 0x00, 0xE0, 0x00, 0x00, 0x60, 0x00, 0x00, 0x18, 0x00, 0x00, 0x86, 0x00, 0x00, 0xFF, 0x00, 0x80, 0x81, 0x00 };
const uint8_t g_7_90[] PROGMEM = { 0x00, 0x00, 0x00, 0x00, 0x80, 0x00, 0x80, 0xFE, 0x00, 0x80, 0x09, 0x00, 0x80, 0x08, 0x00, 0x00, 0x08, 0x00, 0x00, 0x08, 0x00, 0x00, 0x88, 0x00, 0x80, 0xFE, 0x00, 0x80, 0x01, 0x00, 0x80, 0x00, 0x00 };
const uint8_t g_7_91[] PROGMEM = { 0x00, 0x00, 0x00, 0x00, 0x3C, 0x00, 0x00, 0x62, 0x00, 0x00, 0x81, 0x00, 0x80, 0x80, 0x00, 0x80, 0x80, 0x00, 0x80, 0x80, 0x00, 0x80, 0x40, 0x00, 0x00, 0x63, 0x00, 0x00, 0x1E, 0x00 };
const uint8_t g_7_92[] PROGMEM = { 0x00, 0x00, 0x00, 0x00, 0x80, 0x00, 0x80, 0xFF, 0x00, 0x80, 0x00, 0x00, 0x80, 0x00, 0x00, 0x80, 0x00, 0x00, 0x80, 0x00, 0x00, 0x80, 0x80, 0x00, 0x80, 0xFE, 0x00, 0x80, 0x01, 0x00, 0x80, 0x00, 0x00 };
const uint8_t g_7_93[] PROGMEM = { 0x00, 0x00, 0x00, 0x00, 0x80, 0x00, 0x80, 0xFE, 0x00, 0x80, 0x91, 0x00, 0x80, 0x10, 0x00, 0x80, 0x10, 0x00, 0x80, 0x0F, 0x00, 0x00, 0x00, 0x00 };
const uint8_t g_7_94[] PROGMEM = { 0x00, 0x00, 0x00, 0x00, 0x3C, 0x00, 0x00, 0x42, 0x00, 0x00, 0x81, 0x00, 0x80, 0x80, 0x00, 0x80, 0x80, 0x00, 0x80, 0x80, 0x00, 0x80, 0x43, 0x00, 0x00, 0x43, 0x00 };
const uint8_t g_7_95[] PROGMEM = { 0x00, 0x00, 0x00, 0x00, 0x01, 0x00, 0x80, 0x80, 0x00, 0x80, 0xC0, 0x00, 0x80, 0xBF, 0x00, 0x80, 0x00, 0x00, 0x80, 0x00, 0x00, 0x80, 0x01, 0x00, 0x00, 0x00, 0x00 };
const uint8_t g_7_96[] PROGMEM = { 0x00, 0x00, 0x00, 0x80, 0x00, 0x00, 0x80, 0x81, 0x00, 0x80, 0xCF, 0x00, 0x00, 0x78, 0x00, 0x00, 0x10, 0x00, 0x00, 0x0C, 0x00, 0x80, 0x03, 0x00, 0x80, 0x00, 0x00, 0x80, 0x00, 0x00 };
const uint8_t g_7_97[] PROGMEM = { 0x00, 0x00, 0x00, 0x00, 0x18, 0x00, 0x00, 0x24, 0x00, 0x00, 0x22, 0x00, 0x00, 0xE2, 0x00, 0x80, 0xBF, 0x00, 0x80, 0x22, 0x00, 0x00, 0x22, 0x00, 0x00, 0x12, 0x00, 0x00, 0x0C, 0x00 };
const uint8_t g_7_98[] PROGMEM = { 0x00, 0x80, 0x00, 0x00, 0x80, 0x00, 0x80, 0xC0, 0x00, 0x80, 0x33, 0x00, 0x00, 0x1C, 0x00, 0x00, 0xB4, 0x00, 0x00, 0xE2, 0x00, 0x80, 0x81, 0x00, 0x80, 0x00, 0x00, 0x00, 0x00, 0x00 };
const uint8_t g_7_99[] PROGMEM = { 0x00, 0x00, 0x00, 0x00, 0x80, 0x00, 0x80, 0xFF, 0x00, 0x80, 0x80, 0x00, 0x80, 0x80, 0x00, 0x00, 0x80, 0x00, 0x00, 0x80, 0x00, 0x00, 0x80, 0x00, 0x80, 0xFE, 0x02, 0x80, 0x81, 0x01, 0x80, 0x00, 0x00 };
const uint8_t g_7_100[] PROGMEM = { 0x00, 0x00, 0x00, 0x00, 0x00, 0x00, 0x80, 0x0F, 0x00, 0x80, 0x10, 0x00, 0x80, 0x10, 0x00, 0x00, 0x90, 0x00, 0x00, 0xD0, 0x00, 0x80, 0xBF, 0x00, 0x80, 0x00, 0x00, 0x00, 0x00, 0x00 };
const uint8_t g_7_101[] PROGMEM = { 0x00, 0x00, 0x00, 0x00, 0x80, 0x00, 0x80, 0xFE, 0x00, 0x80, 0x81, 0x00, 0x80, 0x80, 0x00, 0x00, 0x80, 0x00, 0x80, 0xF0, 0x00, 0x80, 0x8F, 0x00, 0x80, 0x80, 0x00, 0x00, 0x80, 0x00, 0x00, 0x80, 0x00, 0x80, 0xFE, 0x00, 0x80, 0x01, 0x00, 0x80, 0x00, 0x00 };
const uint8_t g_7_102[] PROGMEM = { 0x00, 0x00, 0x00, 0x00, 0x80, 0x00, 0x80, 0xFE, 0x00, 0x80, 0x81, 0x00, 0x80, 0x80, 0x00, 0x00, 0x80, 0x00, 0x80, 0xF0, 0x00, 0x80, 0x8F, 0x00, 0x80, 0x80, 0x00, 0x00, 0x80, 0x00, 0x00, 0x80, 0x00, 0x80, 0xFE, 0x03, 0x80, 0x81, 0x00, 0x80, 0x00, 0x00 };
const uint8_t g_7_103[] PROGMEM = { 0x00, 0x00, 0x00, 0x00, 0x01, 0x00, 0x80, 0x80, 0x00, 0x80, 0xE0, 0x00, 0x80, 0x9F, 0x00, 0x80, 0x88, 0x00, 0x00, 0x88, 0x00, 0x00, 0x58, 0x00, 0x00, 0x30, 0x00 };
const uint8_t g_7_104[] PROGMEM = { 0x00, 0x00, 0x00, 0x00, 0x80, 0x00, 0x80, 0xFF, 0x00, 0x80, 0x88, 0x00, 0x80, 0x88, 0x00, 0x00, 0xC8, 0x00, 0x00, 0x70, 0x00, 0x00, 0x80, 0x00, 0x80, 0xFE, 0x00, 0x80, 0x01, 0x00, 0x80, 0x00, 0x00 };
const uint8_t g_7_105[] PROGMEM = { 0x00, 0x00, 0x00, 0x00, 0x80, 0x00, 0x80, 0xFF, 0x00, 0x80, 0x88, 0x00, 0x80, 0x88, 0x00, 0x00, 0xC8, 0x00, 0x00, 0x30, 0x00 };
const uint8_t g_7_106[] PROGMEM = { 0x00, 0x00, 0x00, 0x00, 0x62, 0x00, 0x00, 0x83, 0x00, 0x80, 0x80, 0x00, 0x80, 0x88, 0x00, 0x80, 0x88, 0x00, 0x80, 0x48, 0x00, 0x00, 0x6B, 0x00, 0x00, 0x1E, 0x00 };
const uint8_t g_7_107[] PROGMEM = { 0x00, 0x00, 0x00, 0x00, 0x80, 0x00, 0x80, 0xFE, 0x00, 0x80, 0x09, 0x00, 0x80, 0x08, 0x00, 0x00, 0x3E, 0x00, 0x00, 0x43, 0x00, 0x80, 0x81, 0x00, 0x80, 0x80, 0x00, 0x80, 0x80, 0x00, 0x80, 0x80, 0x00, 0x00, 0x41, 0x00, 0x00, 0x3F, 0x00, 0x00, 0x00, 0x00 };
const uint8_t g_7_108[] PROGMEM = { 0x00, 0x00, 0x00, 0x00, 0x80, 0x00, 0x00, 0x4E, 0x00, 0x00, 0x31, 0x00, 0x80, 0x90, 0x00, 0x80, 0xD0, 0x00, 0x80, 0xBF, 0x00, 0x80, 0x00, 0x00, 0x00, 0x00, 0x00 };
const uint8_t g_7_109[] PROGMEM = { 0x00, 0x00, 0x00, 0x00, 0x78, 0x00, 0x00, 0x84, 0x00, 0x00, 0x84, 0x00, 0x00, 0x84, 0x00, 0x00, 0xF8, 0x00, 0x00, 0x84, 0x00 };
const uint8_t g_7_110[] PROGMEM = { 0x00, 0x00, 0x00, 0x00, 0x7C, 0x00, 0x00, 0x8A, 0x00, 0x00, 0x85, 0x00, 0x00, 0x85, 0x00, 0x80, 0x6C, 0x00, 0x80, 0x10, 0x00, 0x00, 0x00, 0x00 };
const uint8_t g_7_111[] PROGMEM = { 0x00, 0x00, 0x00, 0x00, 0x78, 0x00, 0x00, 0x94, 0x00, 0x00, 0x94, 0x00, 0x00, 0x94, 0x00, 0x00, 0x6C, 0x00 };
const uint8_t g_7_112[] PROGMEM = { 0x00, 0x00, 0x00, 0x00, 0xE8, 0x00, 0x00, 0xA4, 0x00, 0x00, 0x94, 0x00, 0x00, 0x5C, 0x00, 0x00, 0x00, 0x00 };
const uint8_t g_7_113[] PROGMEM = { 0x00, 0x00, 0x00, 0x00, 0x78, 0x00, 0x80, 0x84, 0x00, 0x80, 0x84, 0x00, 0x80, 0x84, 0x00, 0x00, 0x69, 0x00, 0x00, 0x1E, 0x00 };
const uint8_t g_7_114[] PROGMEM = { 0x00, 0x00, 0x00, 0x00, 0x78, 0x00, 0x00, 0x94, 0x00, 0x00, 0x94, 0x00, 0x00, 0x94, 0x00, 0x00, 0x54, 0x00, 0x00, 0x08, 0x00 };
const uint8_t g_7_115[] PROGMEM = { 0x00, 0x00, 0x00, 0x00, 0x3C, 0x00, 0x00, 0x4A, 0x00, 0x80, 0x4A, 0x00, 0x00, 0x4A, 0x00, 0x00, 0x2A, 0x00, 0x80, 0x04, 0x00 };
const uint8_t g_7_116[] PROGMEM = { 0x00, 0x80, 0x00, 0x00, 0xC4, 0x00, 0x00, 0x2C, 0x00, 0x00, 0x10, 0x00, 0x00, 0xFC, 0x00, 0x00, 0x14, 0x00, 0x00, 0x30, 0x00, 0x00, 0xCC, 0x00, 0x00, 0x84, 0x00, 0x00, 0x00, 0x00 };
const uint8_t g_7_117[] PROGMEM = { 0x00, 0x00, 0x00, 0x00, 0x88, 0x00, 0x00, 0x94, 0x00, 0x00, 0x94, 0x00, 0x00, 0x6C, 0x00 };
const uint8_t g_7_118[] PROGMEM = { 0x00, 0x00, 0x00, 0x00, 0x74, 0x00, 0x00, 0x8C, 0x00, 0x00, 0x80, 0x00, 0x00, 0x80, 0x00, 0x00, 0xF0, 0x00, 0x00, 0x8C, 0x00 };
const uint8_t g_7_119[] PROGMEM = { 0x00, 0x00, 0x00, 0x00, 0x74, 0x00, 0x80, 0x8C, 0x00, 0x00, 0x81, 0x00, 0x00, 0x81, 0x00, 0x80, 0xF1, 0x00, 0x00, 0x8C, 0x00 };
const uint8_t g_7_120[] PROGMEM = { 0x00, 0x00, 0x00, 0x00, 0xF4, 0x00, 0x00, 0x2C, 0x00, 0x00, 0x30, 0x00, 0x00, 0xC8, 0x00, 0x00, 0x84, 0x00, 0x00, 0x00, 0x00 };
const uint8_t g_7_121[] PROGMEM = { 0x00, 0x80, 0x00, 0x00, 0xC0, 0x00, 0x00, 0x3C, 0x00, 0x00, 0x04, 0x00, 0x00, 0x04, 0x00, 0x00, 0xFC, 0x00, 0x00, 0x00, 0x00 };
const uint8_t g_7_122[] PROGMEM = { 0x00, 0x00, 0x00, 0x00, 0xE4, 0x00, 0x00, 0x1C, 0x00, 0x00, 0x18, 0x00, 0x00, 0x60, 0x00, 0x00, 0x10, 0x00, 0x00, 0xFC, 0x00, 0x00, 0x80, 0x00, 0x00, 0x00, 0x00 };
const uint8_t g_7_123[] PROGMEM = { 0x00, 0x00, 0x00, 0x00, 0xE4, 0x00, 0x00, 0x1C, 0x00, 0x00, 0x10, 0x00, 0x00, 0x10, 0x00, 0x00, 0xF8, 0x00, 0x00, 0x84, 0x00 };
const uint8_t g_7_124[] PROGMEM = { 0x00, 0x00, 0x00, 0x00, 0x78, 0x00, 0x00, 0x8C, 0x00, 0x00, 0x84, 0x00, 0x00, 0x84, 0x00, 0x00, 0x4C, 0x00, 0x00, 0x30, 0x00 };
const uint8_t g_7_125[] PROGMEM = { 0x00, 0x00, 0x00, 0x00, 0xF4, 0x00, 0x00, 0x0C, 0x00, 0x00, 0x04, 0x00, 0x00, 0x04, 0x00, 0x00, 0xF4, 0x00, 0x00, 0x88, 0x00 };
const uint8_t g_7_126[] PROGMEM = { 0x00, 0x00, 0x00, 0x00, 0xF4, 0x07, 0x00, 0xCC, 0x00, 0x00, 0x84, 0x00, 0x00, 0x84, 0x00, 0x00, 0x44, 0x00, 0x00, 0x38, 0x00 };
const uint8_t g_7_127[] PROGMEM = { 0x00, 0x00, 0x00, 0x00, 0x78, 0x00, 0x00, 0x8C, 0x00, 0x00, 0x84, 0x00, 0x00, 0x84, 0x00, 0x00, 0x4C, 0x00, 0x00, 0x00, 0x00 };
const uint8_t g_7_128[] PROGMEM = { 0x00, 0x00, 0x00, 0x00, 0xF4, 0x00, 0x00, 0x0C, 0x00, 0x00, 0x04, 0x00, 0x00, 0x04, 0x00, 0x00, 0xFC, 0x00, 0x00, 0x08, 0x00, 0x00, 0x04, 0x00, 0x00, 0xFC, 0x00, 0x00, 0x80, 0x00 };
const uint8_t g_7_129[] PROGMEM = { 0x00, 0x00, 0x00, 0x00, 0x04, 0x04, 0x00, 0x3C, 0x03, 0x00, 0xC0, 0x00, 0x00, 0x20, 0x00, 0x00, 0x18, 0x00, 0x00, 0x04, 0x00 };
const uint8_t g_7_130[] PROGMEM = { 0x00, 0x00, 0x00, 0x00, 0x78, 0x00, 0x00, 0x84, 0x00, 0x00, 0xC4, 0x07, 0x80, 0xBF, 0x00, 0x00, 0x84, 0x00, 0x00, 0x7C, 0x00, 0x00, 0x00, 0x00 };
const uint8_t g_7_131[] PROGMEM = { 0x00, 0x00, 0x00, 0x00, 0x84, 0x00, 0x00, 0x6C, 0x00, 0x00, 0x30, 0x00, 0x00, 0xC8, 0x00, 0x00, 0x84, 0x00, 0x00, 0x00, 0x00 };
const uint8_t g_7_132[] PROGMEM = { 0x00, 0x00, 0x00, 0x00, 0x74, 0x00, 0x00, 0x8C, 0x00, 0x00, 0x80, 0x00, 0x00, 0x80, 0x00, 0x00, 0xF0, 0x00, 0x00, 0x8C, 0x01 };
const uint8_t g_7_133[] PROGMEM = { 0x00, 0x00, 0x00, 0x00, 0x1C, 0x00, 0x00, 0x24, 0x00, 0x00, 0x20, 0x00, 0x00, 0xE0, 0x00, 0x00, 0x9C, 0x00, 0x00, 0x00, 0x00 };
const uint8_t g_7_134[] PROGMEM = { 0x00, 0x00, 0x00, 0x00, 0x74, 0x00, 0x00, 0x8C, 0x00, 0x00, 0x80, 0x00, 0x00, 0x40, 0x00, 0x00, 0xFC, 0x00, 0x00, 0x80, 0x00, 0x00, 0x80, 0x00, 0x00, 0xF8, 0x00, 0x00, 0x84, 0x00 };
const uint8_t g_7_135[] PROGMEM = { 0x00, 0x00, 0x00, 0x00, 0x74, 0x00, 0x00, 0x8C, 0x00, 0x00, 0x80, 0x00, 0x00, 0x40, 0x00, 0x00, 0xFC, 0x00, 0x00, 0x80, 0x00, 0x00, 0x80, 0x00, 0x00, 0xF8, 0x00, 0x00, 0x84, 0x01 };
const uint8_t g_7_136[] PROGMEM = { 0x00, 0x00, 0x00, 0x00, 0x0C, 0x00, 0x00, 0x64, 0x00, 0x00, 0x9C, 0x00, 0x00, 0x90, 0x00, 0x00, 0x90, 0x00, 0x00, 0x60, 0x00 };
const uint8_t g_7_137[] PROGMEM = { 0x00, 0x00, 0x00, 0x00, 0x64, 0x00, 0x00, 0x9C, 0x00, 0x00, 0x90, 0x00, 0x00, 0x90, 0x00, 0x00, 0x60, 0x00, 0x00, 0xC0, 0x00, 0x00, 0xBC, 0x00, 0x00, 0x00, 0x00 };
const uint8_t g_7_138[] PROGMEM = { 0x00, 0x00, 0x00, 0x00, 0x64, 0x00, 0x00, 0x9C, 0x00, 0x00, 0x90, 0x00, 0x00, 0x90, 0x00, 0x00, 0x60, 0x00 };
const uint8_t g_7_139[] PROGMEM = { 0x00, 0x00, 0x00, 0x00, 0xC8, 0x00, 0x00, 0x8C, 0x00, 0x00, 0x94, 0x00, 0x00, 0xD4, 0x00, 0x00, 0x78, 0x00, 0x00, 0x00, 0x00 };
const uint8_t g_7_140[] PROGMEM = { 0x00, 0x00, 0x00, 0x00, 0xE4, 0x00, 0x00, 0x1C, 0x00, 0x00, 0x30, 0x00, 0x00, 0x48, 0x00, 0x00, 0x84, 0x00, 0x00, 0x84, 0x00, 0x00, 0x84, 0x00, 0x00, 0x78, 0x00, 0x00, 0x00, 0x00 };
const uint8_t g_7_141[] PROGMEM = { 0x00, 0x80, 0x00, 0x00, 0x98, 0x00, 0x00, 0x64, 0x00, 0x00, 0x24, 0x00, 0x00, 0xE4, 0x00, 0x00, 0x9C, 0x00, 0x00, 0x00, 0x00 };

const uint8_t g_8_0[] PROGMEM = { 0x00, 0x00, 0x00, 0x00, 0x00, 0x00, 0x00, 0x00, 0x00 };
const uint8_t g_8_1[] PROGMEM = { 0x00, 0x00, 0x00, 0x80, 0x01, 0x00, 0x80, 0xB0, 0x00, 0x80, 0x88, 0x00, 0x80, 0x04, 0x00, 0x00, 0x03, 0x00 };
const uint8_t g_8_2[] PROGMEM = { 0x00, 0x00, 0x00, 0x80, 0xBF, 0x00 };
const uint8_t g_8_3[] PROGMEM = { 0x00, 0x00, 0x00, 0x80, 0x03, 0x00, 0x80, 0x03, 0x00, 0x00, 0x00, 0x00 };
const uint8_t g_8_4[] PROGMEM = { 0x00, 0x03, 0x00, 0x80, 0x00, 0x00 };
const uint8_t g_8_5[] PROGMEM = { 0x00, 0x00, 0x03, 0x00, 0x80, 0x00, 0x00, 0x00, 0x00 };
const uint8_t g_8_6[] PROGMEM = { 0x00, 0x00, 0x00, 0x00, 0x20, 0x00, 0x00, 0x20, 0x00, 0x00, 0x20, 0x00 };
const uint8_t g_8_7[] PROGMEM = { 0x00, 0x00, 0x02, 0x00, 0x00, 0x02, 0x00, 0x00, 0x02, 0x00, 0x00, 0x02, 0x00, 0x00, 0x02, 0x00, 0x00, 0x02, 0x00, 0x00, 0x02, 0x00, 0x00, 0x02, 0x00, 0x00, 0x00 };
const uint8_t g_8_8[] PROGMEM = { 0x00, 0x00, 0x00, 0x00, 0x80, 0x00 };
const uint8_t g_8_9[] PROGMEM = { 0x00, 0x00, 0x01, 0x00, 0xC0, 0x00, 0x00, 0x30, 0x00, 0x00, 0x0C, 0x00, 0x00, 0x03, 0x00, 0x80, 0x00, 0x00 };
const uint8_t g_8_10[] PROGMEM = { 0x00, 0x00, 0x00, 0x00, 0x7F, 0x00, 0x80, 0x80, 0x00, 0x80, 0x80, 0x00, 0x80, 0x80, 0x00, 0x00, 0x7F, 0x00, 0x00, 0x00, 0x00 };
const uint8_t g_8_11[] PROGMEM = { 0x00, 0x00, 0x00, 0x00, 0x81, 0x00, 0x80, 0x80, 0x00, 0x80, 0xFF, 0x00, 0x00, 0x80, 0x00, 0x00, 0x80, 0x00, 0x00, 0x00, 0x00 };
const uint8_t g_8_12[] PROGMEM = { 0x00, 0x80, 0x00, 0x80, 0xC3, 0x00, 0x80, 0xA0, 0x00, 0x80, 0x90, 0x00, 0x80, 0x88, 0x00, 0x00, 0xC7, 0x00, 0x00, 0x00, 0x00 };
const uint8_t g_8_13[] PROGMEM = { 0x00, 0x60, 0x00, 0x80, 0xE0, 0x00, 0x80, 0x84, 0x00, 0x80, 0x87, 0x00, 0x80, 0xCD, 0x00, 0x00, 0x78, 0x00 };
const uint8_t g_8_14[] PROGMEM = { 0x00, 0x20, 0x00, 0x00, 0x38, 0x00, 0x00, 0x2C, 0x00, 0x00, 0x23, 0x00, 0x80, 0xFF, 0x00, 0x00, 0x20, 0x00, 0x00, 0x20, 0x00 };
const uint8_t g_8_15[] PROGMEM = { 0x00, 0x60, 0x00, 0x00, 0xEF, 0x00, 0x80, 0x84, 0x00, 0x80, 0x84, 0x00, 0x80, 0xCC, 0x00, 0x80, 0x78, 0x00 };
const uint8_t g_8_16[] PROGMEM = { 0x00, 0x00, 0x00, 0x00, 0x7E, 0x00, 0x00, 0x85, 0x00, 0x80, 0x84, 0x00, 0x80, 0x84, 0x00, 0x00, 0x78, 0x00, 0x00, 0x00, 0x00 };
const uint8_t g_8_17[] PROGMEM = { 0x80, 0x01, 0x00, 0x80, 0x00, 0x00, 0x80, 0xE0, 0x00, 0x80, 0x38, 0x00, 0x80, 0x06, 0x00, 0x80, 0x01, 0x00, 0x00, 0x00, 0x00 };
const uint8_t g_8_18[] PROGMEM = { 0x00, 0x00, 0x00, 0x00, 0x77, 0x00, 0x80, 0x88, 0x00, 0x80, 0x88, 0x00, 0x80, 0x8D, 0x00, 0x00, 0x73, 0x00 };
const uint8_t g_8_19[] PROGMEM = { 0x00, 0x00, 0x00, 0x00, 0x0F, 0x00, 0x80, 0x90, 0x00, 0x80, 0xD0, 0x00, 0x80, 0x50, 0x00, 0x00, 0x3F, 0x00, 0x00, 0x00, 0x00 };
const uint8_t g_8_20[] PROGMEM = { 0x00, 0x00, 0x00, 0x00, 0xFC, 0x00, 0x00, 0x32, 0x01, 0x00, 0xC9, 0x02, 0x00, 0x85, 0x02, 0x00, 0x85, 0x02, 0x00, 0x65, 0x00, 0x00, 0x9D, 0x00, 0x00, 0x82, 0x00, 0x00, 0x7C, 0x00 };
const uint8_t g_8_21[] PROGMEM = { 0x00, 0x80, 0x00, 0x00, 0xE0, 0x00, 0x00, 0x98, 0x00, 0x00, 0x17, 0x00, 0x80, 0x11, 0x00, 0x00, 0x1E, 0x00, 0x00, 0xB0, 0x00, 0x00, 0xC0, 0x00, 0x00, 0x00, 0x00 };
const uint8_t g_8_22[] PROGMEM = { 0x00, 0x00, 0x00, 0x80, 0xFF, 0x00, 0x80, 0x88, 0x00, 0x80, 0x88, 0x00, 0x80, 0x88, 0x00, 0x00, 0xF7, 0x00, 0x00, 0x00, 0x00 };
const uint8_t g_8_23[] PROGMEM = { 0x00, 0x00, 0x00, 0x00, 0x3E, 0x00, 0x00, 0x41, 0x00, 0x80, 0x80, 0x00, 0x80, 0x80, 0x00, 0x80, 0x80, 0x00, 0x80, 0x83, 0x00, 0x00, 0x43, 0x00, 0x00, 0x00, 0x00 };
const uint8_t g_8_24[] PROGMEM = { 0x00, 0x00, 0x00, 0x80, 0xFF, 0x00, 0x80, 0x80, 0x00, 0x80, 0x80, 0x00, 0x80, 0x80, 0x00, 0x80, 0x80, 0x00, 0x00, 0x41, 0x00, 0x00, 0x3E, 0x00, 0x00, 0x00, 0x00 };
const uint8_t g_8_25[] PROGMEM = { 0x00, 0x00, 0x00, 0x80, 0xFF, 0x00, 0x80, 0x88, 0x00, 0x80, 0x88, 0x00, 0x80, 0x88, 0x00, 0x80, 0xC1, 0x00 };
const uint8_t g_8_26[] PROGMEM = { 0x00, 0x00, 0x00, 0x80, 0xFF, 0x00, 0x80, 0x88, 0x00, 0x80, 0x88, 0x00, 0x80, 0x08, 0x00, 0x80, 0x01, 0x00 };
const uint8_t g_8_27[] PROGMEM = { 0x00, 0x00, 0x00, 0x00, 0x3E, 0x00, 0x00, 0x41, 0x00, 0x80, 0x80, 0x00, 0x80, 0x80, 0x00, 0x80, 0x88, 0x00, 0x80, 0x89, 0x00, 0x00, 0x4B, 0x00, 0x00, 0x38, 0x00 };
const uint8_t g_8_28[] PROGMEM = { 0x00, 0x00, 0x00, 0x80, 0xFF, 0x00, 0x80, 0x88, 0x00, 0x00, 0x08, 0x00, 0x00, 0x08, 0x00, 0x00, 0x08, 0x00, 0x00, 0x08, 0x00, 0x80, 0xFF, 0x00, 0x80, 0x80, 0x00, 0x00, 0x00, 0x00 };
const uint8_t g_8_29[] PROGMEM = { 0x00, 0x00, 0x00, 0x80, 0xFF, 0x00, 0x80, 0x80, 0x00, 0x00, 0x00, 0x00 };
const uint8_t g_8_30[] PROGMEM = { 0x00, 0x00, 0x00, 0x00, 0x80, 0x00, 0x00, 0x80, 0x00, 0x80, 0xFF, 0x00, 0x80, 0x00, 0x00, 0x00, 0x00, 0x00 };
const uint8_t g_8_31[] PROGMEM = { 0x00, 0x00, 0x00, 0x80, 0xFF, 0x00, 0x80, 0x88, 0x00, 0x00, 0x08, 0x00, 0x00, 0x16, 0x00, 0x00, 0x61, 0x00, 0x80, 0x81, 0x00, 0x00, 0x80, 0x00 };
const uint8_t g_8_32[] PROGMEM = { 0x00, 0x00, 0x00, 0x80, 0xFF, 0x00, 0x80, 0x80, 0x00, 0x00, 0x80, 0x00, 0x00, 0x80, 0x00, 0x00, 0xC0, 0x00 };
const uint8_t g_8_33[] PROGMEM = { 0x00, 0x80, 0x00, 0x00, 0xF0, 0x00, 0x80, 0x8F, 0x00, 0x00, 0x06, 0x00, 0x00, 0x38, 0x00, 0x00, 0xC0, 0x00, 0x00, 0x30, 0x00, 0x00, 0x0E, 0x00, 0x80, 0x81, 0x00, 0x00, 0xFE, 0x00, 0x00, 0x80, 0x00 };
const uint8_t g_8_34[] PROGMEM = { 0x00, 0x80, 0x00, 0x80, 0xFF, 0x00, 0x80, 0x81, 0x00, 0x00, 0x06, 0x00, 0x00, 0x0C, 0x00, 0x00, 0x10, 0x00, 0x80, 0x60, 0x00, 0x80, 0xFF, 0x00, 0x80, 0x00, 0x00, 0x00, 0x00, 0x00 };
const uint8_t g_8_35[] PROGMEM = { 0x00, 0x00, 0x00, 0x00, 0x3E, 0x00, 0x00, 0x41, 0x00, 0x80, 0x80, 0x00, 0x80, 0x80, 0x00, 0x80, 0x80, 0x00, 0x80, 0x80, 0x00, 0x00, 0x41, 0x00, 0x00, 0x3E, 0x00, 0x00, 0x00, 0x00 };
const uint8_t g_8_36[] PROGMEM = { 0x00, 0x00, 0x00, 0x80, 0xFF, 0x00, 0x80, 0x90, 0x00, 0x80, 0x90, 0x00, 0x80, 0x10, 0x00, 0x00, 0x0F, 0x00, 0x00, 0x00, 0x00 };
const uint8_t g_8_37[] PROGMEM = { 0x00, 0x00, 0x00, 0x00, 0x3E, 0x00, 0x00, 0x41, 0x00, 0x80, 0x80, 0x00, 0x80, 0xA0, 0x00, 0x80, 0xB0, 0x00, 0x80, 0xE0, 0x00, 0x00, 0xC1, 0x00, 0x00, 0x3E, 0x01, 0x00, 0x00, 0x01 };
const uint8_t g_8_38[] PROGMEM = { 0x00, 0x00, 0x00, 0x80, 0xFF, 0x00, 0x80, 0x90, 0x00, 0x80, 0x90, 0x00, 0x80, 0x30, 0x00, 0x00, 0xC9, 0x00, 0x00, 0x86, 0x00, 0x00, 0x00, 0x00 };
const uint8_t g_8_39[] PROGMEM = { 0x00, 0x40, 0x00, 0x00, 0xE7, 0x00, 0x80, 0x88, 0x00, 0x80, 0x88, 0x00, 0x80, 0x89, 0x00, 0x00, 0x73, 0x00, 0x00, 0x00, 0x00 };
const uint8_t g_8_40[] PROGMEM = { 0x80, 0x01, 0x00, 0x80, 0x00, 0x00, 0x80, 0x80, 0x00, 0x80, 0xFF, 0x00, 0x80, 0x80, 0x00, 0x80, 0x00, 0x00, 0x80, 0x01, 0x00, 0x00, 0x00, 0x00 };
const uint8_t g_8_41[] PROGMEM = { 0x80, 0x00, 0x00, 0x80, 0x3F, 0x00, 0x80, 0x40, 0x00, 0x00, 0x80, 0x00, 0x00, 0x80, 0x00, 0x00, 0x80, 0x00, 0x80, 0xC0, 0x00, 0x80, 0x7F, 0x00, 0x80, 0x00, 0x00, 0x00, 0x00, 0x00 };
const uint8_t g_8_42[] PROGMEM = { 0x80, 0x00, 0x00, 0x80, 0x01, 0x00, 0x80, 0x0E, 0x00, 0x00, 0x70, 0x00, 0x00, 0xC0, 0x00, 0x00, 0x38, 0x00, 0x80, 0x07, 0x00, 0x80, 0x01, 0x00, 0x00, 0x00, 0x00 };
const uint8_t g_8_43[] PROGMEM = { 0x80, 0x00, 0x00, 0x80, 0x01, 0x00, 0x80, 0x0E, 0x00, 0x00, 0xF0, 0x00, 0x00, 0x30, 0x00, 0x00, 0x0E, 0x00, 0x80, 0x03, 0x00, 0x00, 0x1C, 0x00, 0x00, 0xE0, 0x00, 0x00, 0x38, 0x00, 0x80, 0x07, 0x00, 0x80, 0x00, 0x00, 0x00, 0x00, 0x00 };
const uint8_t g_8_44[] PROGMEM = { 0x80, 0x80, 0x00, 0x80, 0x80, 0x00, 0x80, 0xE3, 0x00, 0x00, 0x16, 0x00, 0x00, 0x1C, 0x00, 0x80, 0xA2, 0x00, 0x80, 0xC1, 0x00, 0x80, 0x80, 0x00, 0x00, 0x00, 0x00 };
const uint8_t g_8_45[] PROGMEM = { 0x80, 0x00, 0x00, 0x80, 0x01, 0x00, 0x80, 0x86, 0x00, 0x00, 0xF8, 0x00, 0x00, 0x9C, 0x00, 0x80, 0x03, 0x00, 0x80, 0x00, 0x00, 0x00, 0x00, 0x00 };
const uint8_t g_8_46[] PROGMEM = { 0x80, 0x81, 0x00, 0x80, 0xC0, 0x00, 0x80, 0xB0, 0x00, 0x80, 0x88, 0x00, 0x80, 0x86, 0x00, 0x80, 0x81, 0x00, 0x80, 0xC0, 0x00 };
const uint8_t g_8_47[] PROGMEM = { 0x00, 0x00, 0x00, 0x80, 0xFF, 0x03, 0x80, 0x00, 0x02, 0x00, 0x00, 0x00 };
const uint8_t g_8_48[] PROGMEM = { 0x80, 0x00, 0x00, 0x00, 0x03, 0x00, 0x00, 0x0C, 0x00, 0x00, 0x30, 0x00, 0x00, 0xC0, 0x00, 0x00, 0x00, 0x01 };
const uint8_t g_8_49[] PROGMEM = { 0x80, 0x00, 0x02, 0x80, 0x00, 0x02, 0x80, 0xFF, 0x03 };
const uint8_t g_8_50[] PROGMEM = { 0x00, 0x00, 0x00, 0x00, 0xE4, 0x00, 0x00, 0x94, 0x00, 0x00, 0x94, 0x00, 0x00, 0xF8, 0x00, 0x00, 0x80, 0x00 };
const uint8_t g_8_51[] PROGMEM = { 0x80, 0x00, 0x00, 0x80, 0xFF, 0x00, 0x00, 0x84, 0x00, 0x00, 0x84, 0x00, 0x00, 0x84, 0x00, 0x00, 0x78, 0x00, 0x00, 0x00, 0x00 };
const uint8_t g_8_52[] PROGMEM = { 0x00, 0x30, 0x00, 0x00, 0x48, 0x00, 0x00, 0x84, 0x00, 0x00, 0x84, 0x00, 0x00, 0x8C, 0x00, 0x00, 0x08, 0x00 };
const uint8_t g_8_53[] PROGMEM = { 0x00, 0x30, 0x00, 0x00, 0xCC, 0x00, 0x00, 0x84, 0x00, 0x00, 0x84, 0x00, 0x80, 0x88, 0x00, 0x80, 0xFF, 0x00, 0x00, 0x00, 0x00 };
const uint8_t g_8_54[] PROGMEM = { 0x00, 0x30, 0x00, 0x00, 0x58, 0x00, 0x00, 0x94, 0x00, 0x00, 0x94, 0x00, 0x00, 0x94, 0x00, 0x00, 0x58, 0x00 };
const uint8_t g_8_55[] PROGMEM = { 0x00, 0x84, 0x00, 0x00, 0xFF, 0x00, 0x80, 0x84, 0x00, 0x80, 0x04, 0x00, 0x00, 0x00, 0x00 };
const uint8_t g_8_56[] PROGMEM = { 0x00, 0x00, 0x00, 0x00, 0x78, 0x06, 0x00, 0x84, 0x04, 0x00, 0x84, 0x04, 0x00, 0x84, 0x04, 0x00, 0xFC, 0x03, 0x00, 0x04, 0x00 };
const uint8_t g_8_57[] PROGMEM = { 0x80, 0x80, 0x00, 0x80, 0xFF, 0x00, 0x00, 0x88, 0x00, 0x00, 0x04, 0x00, 0x00, 0x84, 0x00, 0x00, 0xFC, 0x00, 0x00, 0x80, 0x00 };
const uint8_t g_8_58[] PROGMEM = { 0x00, 0x84, 0x00, 0x80, 0xFC, 0x00, 0x00, 0x80, 0x00 };
const uint8_t g_8_59[] PROGMEM = { 0x00, 0x04, 0x00, 0x80, 0xFC, 0x07 };
const uint8_t g_8_60[] PROGMEM = { 0x80, 0x80, 0x00, 0x80, 0xFF, 0x00, 0x00, 0xA0, 0x00, 0x00, 0x38, 0x00, 0x00, 0xC4, 0x00, 0x00, 0x84, 0x00 };
const uint8_t g_8_61[] PROGMEM = { 0x80, 0x80, 0x00, 0x80, 0xFF, 0x00, 0x00, 0x80, 0x00 };
const uint8_t g_8_62[] PROGMEM = { 0x00, 0x00, 0x00, 0x00, 0xFC, 0x00, 0x00, 0x88, 0x00, 0x00, 0x04, 0x00, 0x00, 0x84, 0x00, 0x00, 0xF8, 0x00, 0x00, 0x04, 0x00, 0x00, 0x84, 0x00, 0x00, 0xFC, 0x00, 0x00, 0x80, 0x00 };
const uint8_t g_8_63[] PROGMEM = { 0x00, 0x84, 0x00, 0x00, 0xFC, 0x00, 0x00, 0x88, 0x00, 0x00, 0x04, 0x00, 0x00, 0x84, 0x00, 0x00, 0xFC, 0x00, 0x00, 0x80, 0x00 };
const uint8_t g_8_64[] PROGMEM = { 0x00, 0x30, 0x00, 0x00, 0x48, 0x00, 0x00, 0x84, 0x00, 0x00, 0x84, 0x00, 0x00, 0x84, 0x00, 0x00, 0x78, 0x00, 0x00, 0x00, 0x00 };
const uint8_t g_8_65[] PROGMEM = { 0x00, 0x04, 0x04, 0x00, 0xFC, 0x07, 0x00, 0x84, 0x04, 0x00, 0x84, 0x00, 0x00, 0x84, 0x00, 0x00, 0xFC, 0x00, 0x00, 0x00, 0x00 };
const uint8_t g_8_66[] PROGMEM = { 0x00, 0x30, 0x00, 0x00, 0xCC, 0x00, 0x00, 0x84, 0x00, 0x00, 0x84, 0x00, 0x00, 0x4C, 0x04, 0x00, 0xFC, 0x07, 0x00, 0x00, 0x00 };
const uint8_t g_8_67[] PROGMEM = { 0x00, 0x84, 0x00, 0x00, 0xFC, 0x00, 0x00, 0x84, 0x00, 0x00, 0x04, 0x00, 0x00, 0x00, 0x00 };
const uint8_t g_8_68[] PROGMEM = { 0x00, 0x00, 0x00, 0x00, 0xDC, 0x00, 0x00, 0x94, 0x00, 0x00, 0xAC, 0x00, 0x00, 0x40, 0x00 };
const uint8_t g_8_69[] PROGMEM = { 0x00, 0x04, 0x00, 0x00, 0x7F, 0x00, 0x00, 0x84, 0x00, 0x00, 0x84, 0x00 };
const uint8_t g_8_70[] PROGMEM = { 0x00, 0x04, 0x00, 0x00, 0xFC, 0x00, 0x00, 0x80, 0x00, 0x00, 0x80, 0x00, 0x00, 0x44, 0x00, 0x00, 0xFC, 0x00, 0x00, 0x80, 0x00 };
const uint8_t g_8_71[] PROGMEM = { 0x00, 0x04, 0x00, 0x00, 0x0C, 0x00, 0x00, 0x74, 0x00, 0x00, 0xC0, 0x00, 0x00, 0x3C, 0x00, 0x00, 0x04, 0x00, 0x00, 0x00, 0x00 };
const uint8_t g_8_72[] PROGMEM = { 0x00, 0x04, 0x00, 0x00, 0x1C, 0x00, 0x00, 0xE4, 0x00, 0x00, 0x70, 0x00, 0x00, 0x0C, 0x00, 0x00, 0x30, 0x00, 0x00, 0xC0, 0x00, 0x00, 0x3C, 0x00, 0x00, 0x04, 0x00, 0x00, 0x00, 0x00 };
const uint8_t g_8_73[] PROGMEM = { 0x00, 0x80, 0x00, 0x00, 0x84, 0x00, 0x00, 0xFC, 0x00, 0x00, 0x30, 0x00, 0x00, 0xCC, 0x00, 0x00, 0x84, 0x00 };
const uint8_t g_8_74[] PROGMEM = { 0x00, 0x04, 0x00, 0x00, 0x0C, 0x04, 0x00, 0x74, 0x07, 0x00, 0xC0, 0x00, 0x00, 0x3C, 0x00, 0x00, 0x04, 0x00, 0x00, 0x00, 0x00 };
const uint8_t g_8_75[] PROGMEM = { 0x00, 0x8C, 0x00, 0x00, 0xC4, 0x00, 0x00, 0xA4, 0x00, 0x00, 0x9C, 0x00, 0x00, 0x8C, 0x00, 0x00, 0x00, 0x00 };
const uint8_t g_8_76[] PROGMEM = { 0x00, 0x80, 0x00, 0x00, 0xE0, 0x00, 0x00, 0x98, 0x00, 0x00, 0x17, 0x00, 0x80, 0x11, 0x00, 0x00, 0x1E, 0x00, 0x00, 0xB0, 0x00, 0x00, 0xC0, 0x00, 0x00, 0x00, 0x00 };
const uint8_t g_8_77[] PROGMEM = { 0x00, 0x00, 0x00, 0x80, 0xFF, 0x00, 0x80, 0x88, 0x00, 0x80, 0x88, 0x00, 0x80, 0x88, 0x00, 0x80, 0xF9, 0x00, 0x00, 0x00, 0x00 };
const uint8_t g_8_78[] PROGMEM = { 0x00, 0x00, 0x00, 0x80, 0xFF, 0x00, 0x80, 0x88, 0x00, 0x80, 0x88, 0x00, 0x80, 0x88, 0x00, 0x00, 0xF7, 0x00, 0x00, 0x00, 0x00 };
const uint8_t g_8_79[] PROGMEM = { 0x00, 0x00, 0x00, 0x80, 0xFF, 0x00, 0x80, 0x80, 0x00, 0x80, 0x80, 0x00, 0x80, 0x00, 0x00, 0x80, 0x01, 0x00 };
const uint8_t g_8_80[] PROGMEM = { 0x00, 0x80, 0x03, 0x00, 0x80, 0x00, 0x80, 0xF8, 0x00, 0x80, 0x87, 0x00, 0x80, 0x80, 0x00, 0x80, 0x80, 0x00, 0x80, 0x80, 0x00, 0x80, 0xFF, 0x00, 0x80, 0x80, 0x03, 0x00, 0x00, 0x00 };
const uint8_t g_8_81[] PROGMEM = { 0x00, 0x00, 0x00, 0x80, 0xFF, 0x00, 0x80, 0x88, 0x00, 0x80, 0x88, 0x00, 0x80, 0x88, 0x00, 0x80, 0xC1, 0x00 };
const uint8_t g_8_82[] PROGMEM = { 0x00, 0x00, 0x00, 0xC0, 0x7F, 0x00, 0x50, 0x44, 0x00, 0x40, 0x44, 0x00, 0x50, 0x44, 0x00, 0xC0, 0x60, 0x00 };
const uint8_t g_8_83[] PROGMEM = { 0x00, 0x80, 0x00, 0x80, 0x81, 0x00, 0x00, 0x63, 0x00, 0x00, 0x1C, 0x00, 0x80, 0x88, 0x00, 0x80, 0xFF, 0x00, 0x80, 0x88, 0x00, 0x00, 0x0C, 0x00, 0x00, 0x33, 0x00, 0x80, 0xC0, 0x00, 0x80, 0x80, 0x00 };
const uint8_t g_8_84[] PROGMEM = { 0x00, 0x40, 0x00, 0x80, 0xE3, 0x00, 0x80, 0x88, 0x00, 0x80, 0x88, 0x00, 0x80, 0x88, 0x00, 0x00, 0x77, 0x00, 0x00, 0x00, 0x00 };
const uint8_t g_8_85[] PROGMEM = { 0x00, 0x00, 0x00, 0x80, 0xFF, 0x00, 0x80, 0xC0, 0x00, 0x00, 0x20, 0x00, 0x00, 0x18, 0x00, 0x00, 0x04, 0x00, 0x00, 0x83, 0x00, 0x80, 0xFF, 0x00, 0x00, 0x80, 0x00, 0x00, 0x00, 0x00 };
const uint8_t g_8_86[] PROGMEM = { 0x00, 0x00, 0x00, 0x80, 0xFF, 0x00, 0x80, 0xC0, 0x00, 0x20, 0x20, 0x00, 0x40, 0x18, 0x00, 0x40, 0x04, 0x00, 0x20, 0x83, 0x00, 0x80, 0xFF, 0x00, 0x00, 0x80, 0x00, 0x00, 0x00, 0x00 };
const uint8_t g_8_87[] PROGMEM = { 0x00, 0x00, 0x00, 0x80, 0xFF, 0x00, 0x80, 0x88, 0x00, 0x00, 0x08, 0x00, 0x00, 0x16, 0x00, 0x00, 0x61, 0x00, 0x80, 0x81, 0x00, 0x00, 0x80, 0x00 };
const uint8_t g_8_88[] PROGMEM = { 0x00, 0x80, 0x00, 0x00, 0x80, 0x00, 0x80, 0x7F, 0x00, 0x80, 0x00, 0x00, 0x80, 0x00, 0x00, 0x80, 0x00, 0x00, 0x80, 0x80, 0x00, 0x80, 0xFF, 0x00, 0x80, 0x80, 0x00 };
const uint8_t g_8_89[] PROGMEM = { 0x00, 0x80, 0x00, 0x00, 0xF0, 0x00, 0x80, 0x8F, 0x00, 0x00, 0x06, 0x00, 0x00, 0x38, 0x00, 0x00, 0xC0, 0x00, 0x00, 0x30, 0x00, 0x00, 0x0E, 0x00, 0x80, 0x81, 0x00, 0x00, 0xFE, 0x00, 0x00, 0x80, 0x00 };
const uint8_t g_8_90[] PROGMEM = { 0x00, 0x00, 0x00, 0x80, 0xFF, 0x00, 0x80, 0x88, 0x00, 0x00, 0x08, 0x00, 0x00, 0x08, 0x00, 0x00, 0x08, 0x00, 0x00, 0x08, 0x00, 0x80, 0xFF, 0x00, 0x80, 0x80, 0x00, 0x00, 0x00, 0x00 };
const uint8_t g_8_91[] PROGMEM = { 0x00, 0x00, 0x00, 0x00, 0x3E, 0x00, 0x00, 0x41, 0x00, 0x80, 0x80, 0x00, 0x80, 0x80, 0x00, 0x80, 0x80, 0x00, 0x80, 0x80, 0x00, 0x00, 0x41, 0x00, 0x00, 0x3E, 0x00, 0x00, 0x00, 0x00 };
const uint8_t g_8_92[] PROGMEM = { 0x00, 0x00, 0x00, 0x80, 0xFF, 0x00, 0x80, 0x80, 0x00, 0x80, 0x00, 0x00, 0x80, 0x00, 0x00, 0x80, 0x00, 0x00, 0x80, 0x00, 0x00, 0x80, 0xFF, 0x00, 0x80, 0x80, 0x00, 0x00, 0x00, 0x00 };
const uint8_t g_8_93[] PROGMEM = { 0x00, 0x00, 0x00, 0x80, 0xFF, 0x00, 0x80, 0x90, 0x00, 0x80, 0x90, 0x00, 0x80, 0x10, 0x00, 0x00, 0x0F, 0x00, 0x00, 0x00, 0x00 };
const uint8_t g_8_94[] PROGMEM = { 0x00, 0x00, 0x00, 0x00, 0x3E, 0x00, 0x00, 0x41, 0x00, 0x80, 0x80, 0x00, 0x80, 0x80, 0x00, 0x80, 0x80, 0x00, 0x80, 0x83, 0x00, 0x00, 0x43, 0x00, 0x00, 0x00, 0x00 };
const uint8_t g_8_95[] PROGMEM = { 0x80, 0x01, 0x00, 0x80, 0x00, 0x00, 0x80, 0x80, 0x00, 0x80, 0xFF, 0x00, 0x80, 0x80, 0x00, 0x80, 0x00, 0x00, 0x80, 0x01, 0x00, 0x00, 0x00, 0x00 };
const uint8_t g_8_96[] PROGMEM = { 0x80, 0x00, 0x00, 0x80, 0x01, 0x00, 0x80, 0x86, 0x00, 0x00, 0xD8, 0x00, 0x00, 0x30, 0x00, 0x00, 0x0C, 0x00, 0x80, 0x03, 0x00, 0x80, 0x00, 0x00, 0x00, 0x00, 0x00 };
const uint8_t g_8_97[] PROGMEM = { 0x00, 0x00, 0x00, 0x00, 0x1C, 0x00, 0x00, 0x22, 0x00, 0x80, 0xA2, 0x00, 0x80, 0xFF, 0x00, 0x80, 0xA2, 0x00, 0x00, 0x22, 0x00, 0x00, 0x22, 0x00, 0x00, 0x1C, 0x00 };
const uint8_t g_8_98[] PROGMEM = { 0x80, 0x80, 0x00, 0x80, 0x80, 0x00, 0x80, 0xE3, 0x00, 0x00, 0x16, 0x00, 0x00, 0x1C, 0x00, 0x80, 0xA2, 0x00, 0x80, 0xC1, 0x00, 0x80, 0x80, 0x00, 0x00, 0x00, 0x00 };
const uint8_t g_8_99[] PROGMEM = { 0x00, 0x00, 0x00, 0x80, 0xFF, 0x00, 0x80, 0x80, 0x00, 0x00, 0x80, 0x00, 0x00, 0x80, 0x00, 0x00, 0x80, 0x00, 0x00, 0x80, 0x00, 0x80, 0xFF, 0x00, 0x80, 0x80, 0x00, 0x00, 0x80, 0x03 };
const uint8_t g_8_100[] PROGMEM = { 0x80, 0x00, 0x00, 0x80, 0x07, 0x00, 0x80, 0x18, 0x00, 0x00, 0x10, 0x00, 0x00, 0x10, 0x00, 0x80, 0x90, 0x00, 0x80, 0xFF, 0x00, 0x80, 0x80, 0x00 };
const uint8_t g_8_101[] PROGMEM = { 0x00, 0x00, 0x00, 0x80, 0xFF, 0x00, 0x80, 0x80, 0x00, 0x00, 0x80, 0x00, 0x00, 0x80, 0x00, 0x80, 0x80, 0x00, 0x80, 0xFF, 0x00, 0x80, 0x80, 0x00, 0x00, 0x80, 0x00, 0x00, 0x80, 0x00, 0x80, 0xFF, 0x00, 0x80, 0x80, 0x00, 0x00, 0x00, 0x00 };
const uint8_t g_8_102[] PROGMEM = { 0x00, 0x00, 0x00, 0x80, 0xFF, 0x00, 0x80, 0x80, 0x00, 0x00, 0x80, 0x00, 0x00, 0x80, 0x00, 0x80, 0x80, 0x00, 0x80, 0xFF, 0x00, 0x80, 0x80, 0x00, 0x00, 0x80, 0x00, 0x00, 0x80, 0x00, 0x80, 0xFF, 0x00, 0x80, 0x80, 0x00, 0x00, 0x80, 0x03 };
const uint8_t g_8_103[] PROGMEM = { 0x80, 0x01, 0x00, 0x80, 0x00, 0x00, 0x80, 0x80, 0x00, 0x80, 0xFF, 0x00, 0x80, 0x88, 0x00, 0x00, 0x88, 0x00, 0x00, 0x88, 0x00, 0x00, 0x70, 0x00, 0x00, 0x00, 0x00 };
const uint8_t g_8_104[] PROGMEM = { 0x00, 0x00, 0x00, 0x80, 0xFF, 0x00, 0x80, 0x88, 0x00, 0x00, 0x88, 0x00, 0x00, 0x88, 0x00, 0x00, 0xF8, 0x00, 0x00, 0x00, 0x00, 0x80, 0x80, 0x00, 0x80, 0xFF, 0x00, 0x00, 0x00, 0x00 };
const uint8_t g_8_105[] PROGMEM = { 0x00, 0x00, 0x00, 0x80, 0xFF, 0x00, 0x80, 0x88, 0x00, 0x00, 0x88, 0x00, 0x00, 0x88, 0x00, 0x00, 0xF8, 0x00, 0x00, 0x00, 0x00 };
const uint8_t g_8_106[] PROGMEM = { 0x00, 0x00, 0x00, 0x00, 0x43, 0x00, 0x80, 0x83, 0x00, 0x80, 0x88, 0x00, 0x80, 0x88, 0x00, 0x80, 0x88, 0x00, 0x00, 0x49, 0x00, 0x00, 0x3E, 0x00, 0x00, 0x08, 0x00 };
const uint8_t g_8_107[] PROGMEM = { 0x00, 0x00, 0x00, 0x80, 0xFF, 0x00, 0x80, 0x88, 0x00, 0x00, 0x08, 0x00, 0x00, 0x1C, 0x00, 0x00, 0x63, 0x00, 0x00, 0xC1, 0x00, 0x80, 0x80, 0x00, 0x80, 0x80, 0x00, 0x80, 0x80, 0x00, 0x00, 0x41, 0x00, 0x00, 0x63, 0x00, 0x00, 0x1C, 0x00 };
const uint8_t g_8_108[] PROGMEM = { 0x00, 0x00, 0x00, 0x00, 0x87, 0x00, 0x80, 0x49, 0x00, 0x80, 0x30, 0x00, 0x80, 0x90, 0x00, 0x80, 0xFF, 0x00, 0x80, 0x80, 0x00, 0x00, 0x00, 0x00 };
const uint8_t g_8_109[] PROGMEM = { 0x00, 0x00, 0x00, 0x00, 0xE4, 0x00, 0x00, 0x94, 0x00, 0x00, 0x94, 0x00, 0x00, 0xF8, 0x00, 0x00, 0x80, 0x00 };
const uint8_t g_8_110[] PROGMEM = { 0x00, 0x3C, 0x00, 0x00, 0x4B, 0x00, 0x00, 0x85, 0x00, 0x00, 0x85, 0x00, 0x80, 0x84, 0x00, 0x80, 0x78, 0x00 };
const uint8_t g_8_111[] PROGMEM = { 0x00, 0x84, 0x00, 0x00, 0xFC, 0x00, 0x00, 0x94, 0x00, 0x00, 0x94, 0x00, 0x00, 0xFC, 0x00, 0x00, 0x00, 0x00 };
const uint8_t g_8_112[] PROGMEM = { 0x00, 0x84, 0x00, 0x00, 0xFC, 0x00, 0x00, 0x84, 0x00, 0x00, 0x04, 0x00, 0x00, 0x0C, 0x00 };
const uint8_t g_8_113[] PROGMEM = { 0x00, 0x80, 0x03, 0x00, 0xE4, 0x00, 0x00, 0x9C, 0x00, 0x00, 0x84, 0x00, 0x00, 0x84, 0x00, 0x00, 0xFC, 0x03, 0x00, 0x00, 0x00 };
const uint8_t g_8_114[] PROGMEM = { 0x00, 0x30, 0x00, 0x00, 0x58, 0x00, 0x00, 0x94, 0x00, 0x00, 0x94, 0x00, 0x00, 0x94, 0x00, 0x00, 0x58, 0x00 };
const uint8_t g_8_115[] PROGMEM = { 0x00, 0x18, 0x00, 0x80, 0x2C, 0x00, 0x80, 0x4A, 0x00, 0x00, 0x4A, 0x00, 0x80, 0x4A, 0x00, 0x00, 0x2C, 0x00 };
const uint8_t g_8_116[] PROGMEM = { 0x00, 0x84, 0x00, 0x00, 0xC4, 0x00, 0x00, 0x38, 0x00, 0x00, 0x94, 0x00, 0x00, 0xFC, 0x00, 0x00, 0x10, 0x00, 0x00, 0x6C, 0x00, 0x00, 0x84, 0x00, 0x00, 0x00, 0x00 };
const uint8_t g_8_117[] PROGMEM = { 0x00, 0x00, 0x00, 0x00, 0x8C, 0x00, 0x00, 0x94, 0x00, 0x00, 0xFC, 0x00, 0x00, 0x00, 0x00 };
const uint8_t g_8_118[] PROGMEM = { 0x00, 0x04, 0x00, 0x00, 0xFC, 0x00, 0x00, 0x44, 0x00, 0x00, 0x30, 0x00, 0x00, 0x88, 0x00, 0x00, 0xFC, 0x00, 0x00, 0x80, 0x00 };
const uint8_t g_8_119[] PROGMEM = { 0x00, 0x04, 0x00, 0x80, 0xFC, 0x00, 0x00, 0x45, 0x00, 0x00, 0x31, 0x00, 0x00, 0x89, 0x00, 0x80, 0xFC, 0x00, 0x00, 0x80, 0x00 };
const uint8_t g_8_120[] PROGMEM = { 0x00, 0x84, 0x00, 0x00, 0xFC, 0x00, 0x00, 0x90, 0x00, 0x00, 0x28, 0x00, 0x00, 0xC4, 0x00, 0x00, 0x84, 0x00 };
const uint8_t g_8_121[] PROGMEM = { 0x00, 0x80, 0x00, 0x00, 0xFC, 0x00, 0x00, 0x04, 0x00, 0x00, 0x04, 0x00, 0x00, 0xFC, 0x00, 0x00, 0x84, 0x00, 0x00, 0x00, 0x00 };
const uint8_t g_8_122[] PROGMEM = { 0x00, 0x80, 0x00, 0x00, 0xF8, 0x00, 0x00, 0x8C, 0x00, 0x00, 0x30, 0x00, 0x00, 0x20, 0x00, 0x00, 0x18, 0x00, 0x00, 0xFC, 0x00, 0x00, 0x80, 0x00 };
const uint8_t g_8_123[] PROGMEM = { 0x00, 0x84, 0x00, 0x00, 0xFC, 0x00, 0x00, 0x94, 0x00, 0x00, 0x10, 0x00, 0x00, 0x94, 0x00, 0x00, 0xFC, 0x00, 0x00, 0x84, 0x00 };
const uint8_t g_8_124[] PROGMEM = { 0x00, 0x30, 0x00, 0x00, 0x48, 0x00, 0x00, 0x84, 0x00, 0x00, 0x84, 0x00, 0x00, 0x84, 0x00, 0x00, 0x78, 0x00, 0x00, 0x00, 0x00 };
const uint8_t g_8_125[] PROGMEM = { 0x00, 0x84, 0x00, 0x00, 0xFC, 0x00, 0x00, 0x84, 0x00, 0x00, 0x04, 0x00, 0x00, 0x84, 0x00, 0x00, 0xFC, 0x00, 0x00, 0x84, 0x00 };
const uint8_t g_8_126[] PROGMEM = { 0x00, 0x04, 0x04, 0x00, 0xFC, 0x07, 0x00, 0x84, 0x04, 0x00, 0x84, 0x00, 0x00, 0x84, 0x00, 0x00, 0xFC, 0x00, 0x00, 0x00, 0x00 };
const uint8_t g_8_127[] PROGMEM = { 0x00, 0x30, 0x00, 0x00, 0x48, 0x00, 0x00, 0x84, 0x00, 0x00, 0x84, 0x00, 0x00, 0x8C, 0x00, 0x00, 0x08, 0x00 };
const uint8_t g_8_128[] PROGMEM = { 0x00, 0x0C, 0x00, 0x00, 0x84, 0x00, 0x00, 0xFC, 0x00, 0x00, 0x84, 0x00, 0x00, 0x04, 0x00, 0x00, 0x00, 0x00 };
const uint8_t g_8_129[] PROGMEM = { 0x00, 0x04, 0x00, 0x00, 0x0C, 0x04, 0x00, 0x74, 0x07, 0x00, 0xC0, 0x00, 0x00, 0x3C, 0x00, 0x00, 0x04, 0x00, 0x00, 0x00, 0x00 };
const uint8_t g_8_130[] PROGMEM = { 0x00, 0x30, 0x00, 0x00, 0x48, 0x00, 0x00, 0x84, 0x00, 0x80, 0xFF, 0x07, 0x00, 0x84, 0x04, 0x00, 0x84, 0x00, 0x00, 0x78, 0x00 };
const uint8_t g_8_131[] PROGMEM = { 0x00, 0x80, 0x00, 0x00, 0x84, 0x00, 0x00, 0xFC, 0x00, 0x00, 0x30, 0x00, 0x00, 0xCC, 0x00, 0x00, 0x84, 0x00 };
const uint8_t g_8_132[] PROGMEM = { 0x00, 0x84, 0x00, 0x00, 0xFC, 0x00, 0x00, 0x84, 0x00, 0x00, 0x80, 0x00, 0x00, 0x84, 0x00, 0x00, 0xFC, 0x00, 0x00, 0x84, 0x03 };
const uint8_t g_8_133[] PROGMEM = { 0x00, 0x04, 0x00, 0x00, 0x1C, 0x00, 0x00, 0x24, 0x00, 0x00, 0xA4, 0x00, 0x00, 0xFC, 0x00, 0x00, 0x84, 0x00 };
const uint8_t g_8_134[] PROGMEM = { 0x00, 0x00, 0x00, 0x00, 0xFC, 0x00, 0x00, 0x84, 0x00, 0x00, 0x84, 0x00, 0x00, 0xFC, 0x00, 0x00, 0x84, 0x00, 0x00, 0x84, 0x00, 0x00, 0xFC, 0x00, 0x00, 0x84, 0x00 };
const uint8_t g_8_135[] PROGMEM = { 0x00, 0x84, 0x00, 0x00, 0xFC, 0x00, 0x00, 0x84, 0x00, 0x00, 0x84, 0x00, 0x00, 0xFC, 0x00, 0x00, 0x84, 0x00, 0x00, 0x84, 0x00, 0x00, 0xFC, 0x00, 0x00, 0x84, 0x03 };
const uint8_t g_8_136[] PROGMEM = { 0x00, 0x0C, 0x00, 0x00, 0x04, 0x00, 0x00, 0xFC, 0x00, 0x00, 0x94, 0x00, 0x00, 0x90, 0x00, 0x00, 0xF0, 0x00, 0x00, 0x00, 0x00 };
const uint8_t g_8_137[] PROGMEM = { 0x00, 0x84, 0x00, 0x00, 0xFC, 0x00, 0x00, 0x94, 0x00, 0x00, 0x90, 0x00, 0x00, 0xF0, 0x00, 0x00, 0x00, 0x00, 0x00, 0xFC, 0x00, 0x00, 0x84, 0x00 };
const uint8_t g_8_138[] PROGMEM = { 0x00, 0x84, 0x00, 0x00, 0xFC, 0x00, 0x00, 0x94, 0x00, 0x00, 0x90, 0x00, 0x00, 0xF0, 0x00, 0x00, 0x00, 0x00 };
const uint8_t g_8_139[] PROGMEM = { 0x00, 0x00, 0x00, 0x00, 0x8C, 0x00, 0x00, 0x94, 0x00, 0x00, 0x94, 0x00, 0x00, 0x58, 0x00, 0x00, 0x30, 0x00 };
const uint8_t g_8_140[] PROGMEM = { 0x00, 0x84, 0x00, 0x00, 0xFC, 0x00, 0x00, 0x94, 0x00, 0x00, 0x38, 0x00, 0x00, 0xC4, 0x00, 0x00, 0x84, 0x00, 0x00, 0x84, 0x00, 0x00, 0x4C, 0x00, 0x00, 0x30, 0x00 };
const uint8_t g_8_141[] PROGMEM = { 0x00, 0x80, 0x00, 0x00, 0xDC, 0x00, 0x00, 0x24, 0x00, 0x00, 0xA4, 0x00, 0x00, 0xFC, 0x00, 0x00, 0x84, 0x00 };

const Glyph getGlyph(uint8_t code, uint8_t fontIndex) {
    switch(fontIndex) {
        case 0:
            switch(code) {
                case 32: return { 3, g_0_0 };
                case 63: return { 7, g_0_1 };
                case 33: return { 4, g_0_2 };
                case 34: return { 6, g_0_3 };
                case 39: return { 3, g_0_4 };
                case 44: return { 4, g_0_5 };
                case 45: return { 5, g_0_6 };
                case 95: return { 10, g_0_7 };
                case 46: return { 3, g_0_8 };
                case 47: return { 6, g_0_9 };
                case 48: return { 8, g_0_10 };
                case 49: return { 7, g_0_11 };
                case 50: return { 8, g_0_12 };
                case 51: return { 7, g_0_13 };
                case 52: return { 8, g_0_14 };
                case 53: return { 7, g_0_15 };
                case 54: return { 8, g_0_16 };
                case 55: return { 7, g_0_17 };
                case 56: return { 8, g_0_18 };
                case 57: return { 8, g_0_19 };
                case 64: return { 12, g_0_20 };
                case 65: return { 9, g_0_21 };
                case 66: return { 8, g_0_22 };
                case 67: return { 9, g_0_23 };
                case 68: return { 9, g_0_24 };
                case 69: return { 6, g_0_25 };
                case 70: return { 6, g_0_26 };
                case 71: return { 9, g_0_27 };
                case 72: return { 9, g_0_28 };
                case 73: return { 4, g_0_29 };
                case 74: return { 6, g_0_30 };
                case 75: return { 9, g_0_31 };
                case 76: return { 7, g_0_32 };
                case 77: return { 11, g_0_33 };
                case 78: return { 9, g_0_34 };
                case 79: return { 10, g_0_35 };
                case 80: return { 8, g_0_36 };
                case 81: return { 10, g_0_37 };
                case 82: return { 8, g_0_38 };
                case 83: return { 7, g_0_39 };
                case 84: return { 7, g_0_40 };
                case 85: return { 9, g_0_41 };
                case 86: return { 9, g_0_42 };
                case 87: return { 13, g_0_43 };
                case 88: return { 10, g_0_44 };
                case 89: return { 9, g_0_45 };
                case 90: return { 8, g_0_46 };
                case 91: return { 5, g_0_47 };
                case 92: return { 6, g_0_48 };
                case 93: return { 4, g_0_49 };
                case 97: return { 6, g_0_50 };
                case 98: return { 7, g_0_51 };
                case 99: return { 6, g_0_52 };
                case 100: return { 7, g_0_53 };
                case 101: return { 6, g_0_54 };
                case 102: return { 5, g_0_55 };
                case 103: return { 7, g_0_56 };
                case 104: return { 7, g_0_57 };
                case 105: return { 3, g_0_58 };
                case 106: return { 3, g_0_59 };
                case 107: return { 7, g_0_60 };
                case 108: return { 3, g_0_61 };
                case 109: return { 10, g_0_62 };
                case 110: return { 7, g_0_63 };
                case 111: return { 6, g_0_64 };
                case 112: return { 7, g_0_65 };
                case 113: return { 7, g_0_66 };
                case 114: return { 5, g_0_67 };
                case 115: return { 5, g_0_68 };
                case 116: return { 5, g_0_69 };
                case 117: return { 7, g_0_70 };
                case 118: return { 7, g_0_71 };
                case 119: return { 10, g_0_72 };
                case 120: return { 7, g_0_73 };
                case 121: return { 7, g_0_74 };
                case 122: return { 6, g_0_75 };
                case 192: return { 9, g_0_76 };
                case 193: return { 8, g_0_77 };
                case 194: return { 8, g_0_78 };
                case 195: return { 6, g_0_79 };
                case 196: return { 11, g_0_80 };
                case 197: return { 6, g_0_81 };
                case 168: return { 6, g_0_82 };
                case 198: return { 13, g_0_83 };
                case 199: return { 7, g_0_84 };
                case 200: return { 9, g_0_85 };
                case 201: return { 9, g_0_86 };
                case 202: return { 9, g_0_87 };
                case 203: return { 9, g_0_88 };
                case 204: return { 11, g_0_89 };
                case 205: return { 9, g_0_90 };
                case 206: return { 10, g_0_91 };
                case 207: return { 9, g_0_92 };
                case 208: return { 8, g_0_93 };
                case 209: return { 9, g_0_94 };
                case 210: return { 7, g_0_95 };
                case 211: return { 10, g_0_96 };
                case 212: return { 11, g_0_97 };
                case 213: return { 10, g_0_98 };
                case 214: return { 11, g_0_99 };
                case 215: return { 8, g_0_100 };
                case 216: return { 13, g_0_101 };
                case 217: return { 15, g_0_102 };
                case 218: return { 9, g_0_103 };
                case 219: return { 11, g_0_104 };
                case 220: return { 8, g_0_105 };
                case 221: return { 9, g_0_106 };
                case 222: return { 13, g_0_107 };
                case 223: return { 8, g_0_108 };
                case 224: return { 6, g_0_109 };
                case 225: return { 7, g_0_110 };
                case 226: return { 6, g_0_111 };
                case 227: return { 5, g_0_112 };
                case 228: return { 8, g_0_113 };
                case 229: return { 6, g_0_114 };
                case 184: return { 6, g_0_115 };
                case 230: return { 10, g_0_116 };
                case 231: return { 5, g_0_117 };
                case 232: return { 6, g_0_118 };
                case 233: return { 6, g_0_119 };
                case 234: return { 7, g_0_120 };
                case 235: return { 7, g_0_121 };
                case 236: return { 8, g_0_122 };
                case 237: return { 7, g_0_123 };
                case 238: return { 6, g_0_124 };
                case 239: return { 7, g_0_125 };
                case 240: return { 7, g_0_126 };
                case 241: return { 6, g_0_127 };
                case 242: return { 6, g_0_128 };
                case 243: return { 7, g_0_129 };
                case 244: return { 9, g_0_130 };
                case 245: return { 7, g_0_131 };
                case 246: return { 7, g_0_132 };
                case 247: return { 6, g_0_133 };
                case 248: return { 9, g_0_134 };
                case 249: return { 10, g_0_135 };
                case 250: return { 7, g_0_136 };
                case 251: return { 9, g_0_137 };
                case 252: return { 6, g_0_138 };
                case 253: return { 6, g_0_139 };
                case 254: return { 9, g_0_140 };
                case 255: return { 6, g_0_141 };
                default: return { 0, nullptr };
            }
        case 1:
            switch(code) {
                case 32: return { 3, g_1_0 };
                case 63: return { 7, g_1_1 };
                case 33: return { 4, g_1_2 };
                case 34: return { 5, g_1_3 };
                case 39: return { 3, g_1_4 };
                case 44: return { 3, g_1_5 };
                case 45: return { 5, g_1_6 };
                case 95: return { 10, g_1_7 };
                case 46: return { 3, g_1_8 };
                case 47: return { 6, g_1_9 };
                case 48: return { 7, g_1_10 };
                case 49: return { 7, g_1_11 };
                case 50: return { 7, g_1_12 };
                case 51: return { 7, g_1_13 };
                case 52: return { 8, g_1_14 };
                case 53: return { 7, g_1_15 };
                case 54: return { 7, g_1_16 };
                case 55: return { 7, g_1_17 };
                case 56: return { 7, g_1_18 };
                case 57: return { 7, g_1_19 };
                case 64: return { 11, g_1_20 };
                case 65: return { 9, g_1_21 };
                case 66: return { 7, g_1_22 };
                case 67: return { 9, g_1_23 };
                case 68: return { 9, g_1_24 };
                case 69: return { 6, g_1_25 };
                case 70: return { 6, g_1_26 };
                case 71: return { 9, g_1_27 };
                case 72: return { 9, g_1_28 };
                case 73: return { 3, g_1_29 };
                case 74: return { 6, g_1_30 };
                case 75: return { 9, g_1_31 };
                case 76: return { 7, g_1_32 };
                case 77: return { 11, g_1_33 };
                case 78: return { 9, g_1_34 };
                case 79: return { 10, g_1_35 };
                case 80: return { 7, g_1_36 };
                case 81: return { 10, g_1_37 };
                case 82: return { 8, g_1_38 };
                case 83: return { 7, g_1_39 };
                case 84: return { 7, g_1_40 };
                case 85: return { 9, g_1_41 };
                case 86: return { 9, g_1_42 };
                case 87: return { 13, g_1_43 };
                case 88: return { 9, g_1_44 };
                case 89: return { 8, g_1_45 };
                case 90: return { 8, g_1_46 };
                case 91: return { 4, g_1_47 };
                case 92: return { 6, g_1_48 };
                case 93: return { 4, g_1_49 };
                case 97: return { 6, g_1_50 };
                case 98: return { 7, g_1_51 };
                case 99: return { 6, g_1_52 };
                case 100: return { 7, g_1_53 };
                case 101: return { 6, g_1_54 };
                case 102: return { 5, g_1_55 };
                case 103: return { 7, g_1_56 };
                case 104: return { 7, g_1_57 };
                case 105: return { 3, g_1_58 };
                case 106: return { 3, g_1_59 };
                case 107: return { 7, g_1_60 };
                case 108: return { 3, g_1_61 };
                case 109: return { 10, g_1_62 };
                case 110: return { 7, g_1_63 };
                case 111: return { 7, g_1_64 };
                case 112: return { 7, g_1_65 };
                case 113: return { 7, g_1_66 };
                case 114: return { 4, g_1_67 };
                case 115: return { 5, g_1_68 };
                case 116: return { 5, g_1_69 };
                case 117: return { 6, g_1_70 };
                case 118: return { 7, g_1_71 };
                case 119: return { 9, g_1_72 };
                case 120: return { 7, g_1_73 };
                case 121: return { 7, g_1_74 };
                case 122: return { 6, g_1_75 };
                case 192: return { 9, g_1_76 };
                case 193: return { 7, g_1_77 };
                case 194: return { 7, g_1_78 };
                case 195: return { 6, g_1_79 };
                case 196: return { 10, g_1_80 };
                case 197: return { 6, g_1_81 };
                case 168: return { 6, g_1_82 };
                case 198: return { 13, g_1_83 };
                case 199: return { 7, g_1_84 };
                case 200: return { 9, g_1_85 };
                case 201: return { 9, g_1_86 };
                case 202: return { 9, g_1_87 };
                case 203: return { 9, g_1_88 };
                case 204: return { 11, g_1_89 };
                case 205: return { 9, g_1_90 };
                case 206: return { 10, g_1_91 };
                case 207: return { 9, g_1_92 };
                case 208: return { 7, g_1_93 };
                case 209: return { 9, g_1_94 };
                case 210: return { 7, g_1_95 };
                case 211: return { 9, g_1_96 };
                case 212: return { 11, g_1_97 };
                case 213: return { 9, g_1_98 };
                case 214: return { 10, g_1_99 };
                case 215: return { 7, g_1_100 };
                case 216: return { 12, g_1_101 };
                case 217: return { 14, g_1_102 };
                case 218: return { 9, g_1_103 };
                case 219: return { 10, g_1_104 };
                case 220: return { 7, g_1_105 };
                case 221: return { 9, g_1_106 };
                case 222: return { 13, g_1_107 };
                case 223: return { 7, g_1_108 };
                case 224: return { 6, g_1_109 };
                case 225: return { 7, g_1_110 };
                case 226: return { 6, g_1_111 };
                case 227: return { 5, g_1_112 };
                case 228: return { 7, g_1_113 };
                case 229: return { 6, g_1_114 };
                case 184: return { 6, g_1_115 };
                case 230: return { 9, g_1_116 };
                case 231: return { 5, g_1_117 };
                case 232: return { 6, g_1_118 };
                case 233: return { 6, g_1_119 };
                case 234: return { 7, g_1_120 };
                case 235: return { 6, g_1_121 };
                case 236: return { 8, g_1_122 };
                case 237: return { 6, g_1_123 };
                case 238: return { 7, g_1_124 };
                case 239: return { 6, g_1_125 };
                case 240: return { 7, g_1_126 };
                case 241: return { 6, g_1_127 };
                case 242: return { 6, g_1_128 };
                case 243: return { 7, g_1_129 };
                case 244: return { 8, g_1_130 };
                case 245: return { 7, g_1_131 };
                case 246: return { 7, g_1_132 };
                case 247: return { 6, g_1_133 };
                case 248: return { 9, g_1_134 };
                case 249: return { 10, g_1_135 };
                case 250: return { 7, g_1_136 };
                case 251: return { 8, g_1_137 };
                case 252: return { 6, g_1_138 };
                case 253: return { 6, g_1_139 };
                case 254: return { 9, g_1_140 };
                case 255: return { 6, g_1_141 };
                default: return { 0, nullptr };
            }
        case 2:
            switch(code) {
                case 32: return { 3, g_2_0 };
                case 63: return { 7, g_2_1 };
                case 33: return { 4, g_2_2 };
                case 34: return { 5, g_2_3 };
                case 39: return { 4, g_2_4 };
                case 44: return { 4, g_2_5 };
                case 45: return { 5, g_2_6 };
                case 95: return { 9, g_2_7 };
                case 46: return { 3, g_2_8 };
                case 47: return { 9, g_2_9 };
                case 48: return { 8, g_2_10 };
                case 49: return { 7, g_2_11 };
                case 50: return { 7, g_2_12 };
                case 51: return { 8, g_2_13 };
                case 52: return { 8, g_2_14 };
                case 53: return { 8, g_2_15 };
                case 54: return { 7, g_2_16 };
                case 55: return { 8, g_2_17 };
                case 56: return { 7, g_2_18 };
                case 57: return { 8, g_2_19 };
                case 64: return { 11, g_2_20 };
                case 65: return { 8, g_2_21 };
                case 66: return { 7, g_2_22 };
                case 67: return { 10, g_2_23 };
                case 68: return { 9, g_2_24 };
                case 69: return { 7, g_2_25 };
                case 70: return { 7, g_2_26 };
                case 71: return { 10, g_2_27 };
                case 72: return { 10, g_2_28 };
                case 73: return { 4, g_2_29 };
                case 74: return { 6, g_2_30 };
                case 75: return { 9, g_2_31 };
                case 76: return { 6, g_2_32 };
                case 77: return { 11, g_2_33 };
                case 78: return { 10, g_2_34 };
                case 79: return { 11, g_2_35 };
                case 80: return { 7, g_2_36 };
                case 81: return { 11, g_2_37 };
                case 82: return { 7, g_2_38 };
                case 83: return { 8, g_2_39 };
                case 84: return { 9, g_2_40 };
                case 85: return { 10, g_2_41 };
                case 86: return { 9, g_2_42 };
                case 87: return { 13, g_2_43 };
                case 88: return { 9, g_2_44 };
                case 89: return { 9, g_2_45 };
                case 90: return { 8, g_2_46 };
                case 91: return { 5, g_2_47 };
                case 92: return { 6, g_2_48 };
                case 93: return { 5, g_2_49 };
                case 97: return { 7, g_2_50 };
                case 98: return { 7, g_2_51 };
                case 99: return { 7, g_2_52 };
                case 100: return { 8, g_2_53 };
                case 101: return { 7, g_2_54 };
                case 102: return { 8, g_2_55 };
                case 103: return { 7, g_2_56 };
                case 104: return { 7, g_2_57 };
                case 105: return { 3, g_2_58 };
                case 106: return { 3, g_2_59 };
                case 107: return { 6, g_2_60 };
                case 108: return { 4, g_2_61 };
                case 109: return { 10, g_2_62 };
                case 110: return { 7, g_2_63 };
                case 111: return { 7, g_2_64 };
                case 112: return { 7, g_2_65 };
                case 113: return { 7, g_2_66 };
                case 114: return { 5, g_2_67 };
                case 115: return { 6, g_2_68 };
                case 116: return { 5, g_2_69 };
                case 117: return { 7, g_2_70 };
                case 118: return { 7, g_2_71 };
                case 119: return { 9, g_2_72 };
                case 120: return { 7, g_2_73 };
                case 121: return { 7, g_2_74 };
                case 122: return { 7, g_2_75 };
                case 192: return { 8, g_2_76 };
                case 193: return { 7, g_2_77 };
                case 194: return { 7, g_2_78 };
                case 195: return { 7, g_2_79 };
                case 196: return { 10, g_2_80 };
                case 197: return { 7, g_2_81 };
                case 168: return { 7, g_2_82 };
                case 198: return { 12, g_2_83 };
                case 199: return { 7, g_2_84 };
                case 200: return { 9, g_2_85 };
                case 201: return { 9, g_2_86 };
                case 202: return { 9, g_2_87 };
                case 203: return { 10, g_2_88 };
                case 204: return { 11, g_2_89 };
                case 205: return { 10, g_2_90 };
                case 206: return { 11, g_2_91 };
                case 207: return { 10, g_2_92 };
                case 208: return { 7, g_2_93 };
                case 209: return { 10, g_2_94 };
                case 210: return { 9, g_2_95 };
                case 211: return { 9, g_2_96 };
                case 212: return { 10, g_2_97 };
                case 213: return { 9, g_2_98 };
                case 214: return { 10, g_2_99 };
                case 215: return { 8, g_2_100 };
                case 216: return { 13, g_2_101 };
                case 217: return { 13, g_2_102 };
                case 218: return { 9, g_2_103 };
                case 219: return { 10, g_2_104 };
                case 220: return { 7, g_2_105 };
                case 221: return { 10, g_2_106 };
                case 222: return { 13, g_2_107 };
                case 223: return { 8, g_2_108 };
                case 224: return { 7, g_2_109 };
                case 225: return { 8, g_2_110 };
                case 226: return { 6, g_2_111 };
                case 227: return { 6, g_2_112 };
                case 228: return { 7, g_2_113 };
                case 229: return { 7, g_2_114 };
                case 184: return { 7, g_2_115 };
                case 230: return { 9, g_2_116 };
                case 231: return { 5, g_2_117 };
                case 232: return { 7, g_2_118 };
                case 233: return { 7, g_2_119 };
                case 234: return { 7, g_2_120 };
                case 235: return { 7, g_2_121 };
                case 236: return { 8, g_2_122 };
                case 237: return { 7, g_2_123 };
                case 238: return { 7, g_2_124 };
                case 239: return { 7, g_2_125 };
                case 240: return { 7, g_2_126 };
                case 241: return { 7, g_2_127 };
                case 242: return { 10, g_2_128 };
                case 243: return { 7, g_2_129 };
                case 244: return { 8, g_2_130 };
                case 245: return { 7, g_2_131 };
                case 246: return { 7, g_2_132 };
                case 247: return { 6, g_2_133 };
                case 248: return { 10, g_2_134 };
                case 249: return { 10, g_2_135 };
                case 250: return { 7, g_2_136 };
                case 251: return { 8, g_2_137 };
                case 252: return { 6, g_2_138 };
                case 253: return { 7, g_2_139 };
                case 254: return { 9, g_2_140 };
                case 255: return { 6, g_2_141 };
                default: return { 0, nullptr };
            }
        case 3:
            switch(code) {
                case 32: return { 3, g_3_0 };
                case 63: return { 6, g_3_1 };
                case 33: return { 2, g_3_2 };
                case 34: return { 4, g_3_3 };
                case 39: return { 2, g_3_4 };
                case 44: return { 3, g_3_5 };
                case 45: return { 4, g_3_6 };
                case 95: return { 10, g_3_7 };
                case 46: return { 2, g_3_8 };
                case 47: return { 6, g_3_9 };
                case 48: return { 7, g_3_10 };
                case 49: return { 6, g_3_11 };
                case 50: return { 6, g_3_12 };
                case 51: return { 6, g_3_13 };
                case 52: return { 7, g_3_14 };
                case 53: return { 6, g_3_15 };
                case 54: return { 7, g_3_16 };
                case 55: return { 7, g_3_17 };
                case 56: return { 6, g_3_18 };
                case 57: return { 7, g_3_19 };
                case 64: return { 10, g_3_20 };
                case 65: return { 8, g_3_21 };
                case 66: return { 6, g_3_22 };
                case 67: return { 9, g_3_23 };
                case 68: return { 8, g_3_24 };
                case 69: return { 6, g_3_25 };
                case 70: return { 6, g_3_26 };
                case 71: return { 9, g_3_27 };
                case 72: return { 8, g_3_28 };
                case 73: return { 2, g_3_29 };
                case 74: return { 5, g_3_30 };
                case 75: return { 8, g_3_31 };
                case 76: return { 6, g_3_32 };
                case 77: return { 10, g_3_33 };
                case 78: return { 8, g_3_34 };
                case 79: return { 10, g_3_35 };
                case 80: return { 6, g_3_36 };
                case 81: return { 11, g_3_37 };
                case 82: return { 7, g_3_38 };
                case 83: return { 7, g_3_39 };
                case 84: return { 7, g_3_40 };
                case 85: return { 8, g_3_41 };
                case 86: return { 8, g_3_42 };
                case 87: return { 12, g_3_43 };
                case 88: return { 8, g_3_44 };
                case 89: return { 7, g_3_45 };
                case 90: return { 7, g_3_46 };
                case 91: return { 4, g_3_47 };
                case 92: return { 6, g_3_48 };
                case 93: return { 3, g_3_49 };
                case 97: return { 5, g_3_50 };
                case 98: return { 7, g_3_51 };
                case 99: return { 6, g_3_52 };
                case 100: return { 6, g_3_53 };
                case 101: return { 7, g_3_54 };
                case 102: return { 5, g_3_55 };
                case 103: return { 6, g_3_56 };
                case 104: return { 6, g_3_57 };
                case 105: return { 2, g_3_58 };
                case 106: return { 2, g_3_59 };
                case 107: return { 6, g_3_60 };
                case 108: return { 2, g_3_61 };
                case 109: return { 9, g_3_62 };
                case 110: return { 6, g_3_63 };
                case 111: return { 7, g_3_64 };
                case 112: return { 7, g_3_65 };
                case 113: return { 6, g_3_66 };
                case 114: return { 4, g_3_67 };
                case 115: return { 5, g_3_68 };
                case 116: return { 4, g_3_69 };
                case 117: return { 6, g_3_70 };
                case 118: return { 6, g_3_71 };
                case 119: return { 8, g_3_72 };
                case 120: return { 6, g_3_73 };
                case 121: return { 6, g_3_74 };
                case 122: return { 6, g_3_75 };
                case 192: return { 8, g_3_76 };
                case 193: return { 6, g_3_77 };
                case 194: return { 6, g_3_78 };
                case 195: return { 6, g_3_79 };
                case 196: return { 9, g_3_80 };
                case 197: return { 6, g_3_81 };
                case 168: return { 6, g_3_82 };
                case 198: return { 11, g_3_83 };
                case 199: return { 7, g_3_84 };
                case 200: return { 8, g_3_85 };
                case 201: return { 8, g_3_86 };
                case 202: return { 8, g_3_87 };
                case 203: return { 8, g_3_88 };
                case 204: return { 10, g_3_89 };
                case 205: return { 8, g_3_90 };
                case 206: return { 10, g_3_91 };
                case 207: return { 8, g_3_92 };
                case 208: return { 6, g_3_93 };
                case 209: return { 9, g_3_94 };
                case 210: return { 7, g_3_95 };
                case 211: return { 8, g_3_96 };
                case 212: return { 9, g_3_97 };
                case 213: return { 8, g_3_98 };
                case 214: return { 10, g_3_99 };
                case 215: return { 7, g_3_100 };
                case 216: return { 11, g_3_101 };
                case 217: return { 12, g_3_102 };
                case 218: return { 8, g_3_103 };
                case 219: return { 8, g_3_104 };
                case 220: return { 6, g_3_105 };
                case 221: return { 9, g_3_106 };
                case 222: return { 13, g_3_107 };
                case 223: return { 7, g_3_108 };
                case 224: return { 5, g_3_109 };
                case 225: return { 6, g_3_110 };
                case 226: return { 5, g_3_111 };
                case 227: return { 5, g_3_112 };
                case 228: return { 7, g_3_113 };
                case 229: return { 7, g_3_114 };
                case 184: return { 7, g_3_115 };
                case 230: return { 9, g_3_116 };
                case 231: return { 5, g_3_117 };
                case 232: return { 6, g_3_118 };
                case 233: return { 6, g_3_119 };
                case 234: return { 6, g_3_120 };
                case 235: return { 6, g_3_121 };
                case 236: return { 8, g_3_122 };
                case 237: return { 6, g_3_123 };
                case 238: return { 7, g_3_124 };
                case 239: return { 6, g_3_125 };
                case 240: return { 7, g_3_126 };
                case 241: return { 6, g_3_127 };
                case 242: return { 6, g_3_128 };
                case 243: return { 6, g_3_129 };
                case 244: return { 7, g_3_130 };
                case 245: return { 6, g_3_131 };
                case 246: return { 7, g_3_132 };
                case 247: return { 5, g_3_133 };
                case 248: return { 8, g_3_134 };
                case 249: return { 9, g_3_135 };
                case 250: return { 7, g_3_136 };
                case 251: return { 7, g_3_137 };
                case 252: return { 5, g_3_138 };
                case 253: return { 6, g_3_139 };
                case 254: return { 9, g_3_140 };
                case 255: return { 6, g_3_141 };
                default: return { 0, nullptr };
            }
        case 4:
            switch(code) {
                case 32: return { 3, g_4_0 };
                case 63: return { 7, g_4_1 };
                case 33: return { 3, g_4_2 };
                case 34: return { 4, g_4_3 };
                case 39: return { 3, g_4_4 };
                case 44: return { 3, g_4_5 };
                case 45: return { 4, g_4_6 };
                case 95: return { 10, g_4_7 };
                case 46: return { 3, g_4_8 };
                case 47: return { 6, g_4_9 };
                case 48: return { 7, g_4_10 };
                case 49: return { 7, g_4_11 };
                case 50: return { 7, g_4_12 };
                case 51: return { 7, g_4_13 };
                case 52: return { 7, g_4_14 };
                case 53: return { 7, g_4_15 };
                case 54: return { 7, g_4_16 };
                case 55: return { 7, g_4_17 };
                case 56: return { 7, g_4_18 };
                case 57: return { 7, g_4_19 };
                case 64: return { 11, g_4_20 };
                case 65: return { 8, g_4_21 };
                case 66: return { 7, g_4_22 };
                case 67: return { 9, g_4_23 };
                case 68: return { 8, g_4_24 };
                case 69: return { 6, g_4_25 };
                case 70: return { 6, g_4_26 };
                case 71: return { 9, g_4_27 };
                case 72: return { 9, g_4_28 };
                case 73: return { 3, g_4_29 };
                case 74: return { 5, g_4_30 };
                case 75: return { 8, g_4_31 };
                case 76: return { 6, g_4_32 };
                case 77: return { 10, g_4_33 };
                case 78: return { 9, g_4_34 };
                case 79: return { 10, g_4_35 };
                case 80: return { 7, g_4_36 };
                case 81: return { 10, g_4_37 };
                case 82: return { 7, g_4_38 };
                case 83: return { 7, g_4_39 };
                case 84: return { 7, g_4_40 };
                case 85: return { 9, g_4_41 };
                case 86: return { 8, g_4_42 };
                case 87: return { 12, g_4_43 };
                case 88: return { 9, g_4_44 };
                case 89: return { 8, g_4_45 };
                case 90: return { 7, g_4_46 };
                case 91: return { 4, g_4_47 };
                case 92: return { 6, g_4_48 };
                case 93: return { 4, g_4_49 };
                case 97: return { 6, g_4_50 };
                case 98: return { 7, g_4_51 };
                case 99: return { 6, g_4_52 };
                case 100: return { 6, g_4_53 };
                case 101: return { 6, g_4_54 };
                case 102: return { 5, g_4_55 };
                case 103: return { 6, g_4_56 };
                case 104: return { 6, g_4_57 };
                case 105: return { 3, g_4_58 };
                case 106: return { 3, g_4_59 };
                case 107: return { 6, g_4_60 };
                case 108: return { 2, g_4_61 };
                case 109: return { 9, g_4_62 };
                case 110: return { 6, g_4_63 };
                case 111: return { 7, g_4_64 };
                case 112: return { 7, g_4_65 };
                case 113: return { 6, g_4_66 };
                case 114: return { 4, g_4_67 };
                case 115: return { 5, g_4_68 };
                case 116: return { 5, g_4_69 };
                case 117: return { 6, g_4_70 };
                case 118: return { 6, g_4_71 };
                case 119: return { 9, g_4_72 };
                case 120: return { 6, g_4_73 };
                case 121: return { 6, g_4_74 };
                case 122: return { 6, g_4_75 };
                case 192: return { 8, g_4_76 };
                case 193: return { 7, g_4_77 };
                case 194: return { 7, g_4_78 };
                case 195: return { 6, g_4_79 };
                case 196: return { 10, g_4_80 };
                case 197: return { 6, g_4_81 };
                case 168: return { 6, g_4_82 };
                case 198: return { 12, g_4_83 };
                case 199: return { 7, g_4_84 };
                case 200: return { 8, g_4_85 };
                case 201: return { 8, g_4_86 };
                case 202: return { 8, g_4_87 };
                case 203: return { 8, g_4_88 };
                case 204: return { 10, g_4_89 };
                case 205: return { 9, g_4_90 };
                case 206: return { 10, g_4_91 };
                case 207: return { 9, g_4_92 };
                case 208: return { 7, g_4_93 };
                case 209: return { 9, g_4_94 };
                case 210: return { 7, g_4_95 };
                case 211: return { 8, g_4_96 };
                case 212: return { 10, g_4_97 };
                case 213: return { 9, g_4_98 };
                case 214: return { 10, g_4_99 };
                case 215: return { 7, g_4_100 };
                case 216: return { 12, g_4_101 };
                case 217: return { 13, g_4_102 };
                case 218: return { 9, g_4_103 };
                case 219: return { 9, g_4_104 };
                case 220: return { 7, g_4_105 };
                case 221: return { 9, g_4_106 };
                case 222: return { 13, g_4_107 };
                case 223: return { 7, g_4_108 };
                case 224: return { 6, g_4_109 };
                case 225: return { 6, g_4_110 };
                case 226: return { 6, g_4_111 };
                case 227: return { 5, g_4_112 };
                case 228: return { 7, g_4_113 };
                case 229: return { 6, g_4_114 };
                case 184: return { 6, g_4_115 };
                case 230: return { 9, g_4_116 };
                case 231: return { 5, g_4_117 };
                case 232: return { 6, g_4_118 };
                case 233: return { 6, g_4_119 };
                case 234: return { 6, g_4_120 };
                case 235: return { 6, g_4_121 };
                case 236: return { 8, g_4_122 };
                case 237: return { 6, g_4_123 };
                case 238: return { 7, g_4_124 };
                case 239: return { 6, g_4_125 };
                case 240: return { 7, g_4_126 };
                case 241: return { 6, g_4_127 };
                case 242: return { 6, g_4_128 };
                case 243: return { 6, g_4_129 };
                case 244: return { 8, g_4_130 };
                case 245: return { 6, g_4_131 };
                case 246: return { 7, g_4_132 };
                case 247: return { 5, g_4_133 };
                case 248: return { 8, g_4_134 };
                case 249: return { 9, g_4_135 };
                case 250: return { 7, g_4_136 };
                case 251: return { 8, g_4_137 };
                case 252: return { 6, g_4_138 };
                case 253: return { 6, g_4_139 };
                case 254: return { 9, g_4_140 };
                case 255: return { 6, g_4_141 };
                default: return { 0, nullptr };
            }
        case 5:
            switch(code) {
                case 32: return { 3, g_5_0 };
                case 63: return { 6, g_5_1 };
                case 33: return { 2, g_5_2 };
                case 34: return { 3, g_5_3 };
                case 39: return { 2, g_5_4 };
                case 44: return { 2, g_5_5 };
                case 45: return { 5, g_5_6 };
                case 95: return { 9, g_5_7 };
                case 46: return { 2, g_5_8 };
                case 47: return { 6, g_5_9 };
                case 48: return { 6, g_5_10 };
                case 49: return { 6, g_5_11 };
                case 50: return { 6, g_5_12 };
                case 51: return { 6, g_5_13 };
                case 52: return { 7, g_5_14 };
                case 53: return { 6, g_5_15 };
                case 54: return { 6, g_5_16 };
                case 55: return { 6, g_5_17 };
                case 56: return { 6, g_5_18 };
                case 57: return { 6, g_5_19 };
                case 64: return { 10, g_5_20 };
                case 65: return { 8, g_5_21 };
                case 66: return { 6, g_5_22 };
                case 67: return { 9, g_5_23 };
                case 68: return { 8, g_5_24 };
                case 69: return { 5, g_5_25 };
                case 70: return { 5, g_5_26 };
                case 71: return { 9, g_5_27 };
                case 72: return { 8, g_5_28 };
                case 73: return { 2, g_5_29 };
                case 74: return { 4, g_5_30 };
                case 75: return { 7, g_5_31 };
                case 76: return { 5, g_5_32 };
                case 77: return { 10, g_5_33 };
                case 78: return { 8, g_5_34 };
                case 79: return { 10, g_5_35 };
                case 80: return { 6, g_5_36 };
                case 81: return { 10, g_5_37 };
                case 82: return { 7, g_5_38 };
                case 83: return { 6, g_5_39 };
                case 84: return { 7, g_5_40 };
                case 85: return { 8, g_5_41 };
                case 86: return { 8, g_5_42 };
                case 87: return { 11, g_5_43 };
                case 88: return { 7, g_5_44 };
                case 89: return { 7, g_5_45 };
                case 90: return { 7, g_5_46 };
                case 91: return { 3, g_5_47 };
                case 92: return { 6, g_5_48 };
                case 93: return { 3, g_5_49 };
                case 97: return { 5, g_5_50 };
                case 98: return { 6, g_5_51 };
                case 99: return { 6, g_5_52 };
                case 100: return { 6, g_5_53 };
                case 101: return { 7, g_5_54 };
                case 102: return { 4, g_5_55 };
                case 103: return { 6, g_5_56 };
                case 104: return { 6, g_5_57 };
                case 105: return { 2, g_5_58 };
                case 106: return { 2, g_5_59 };
                case 107: return { 5, g_5_60 };
                case 108: return { 2, g_5_61 };
                case 109: return { 9, g_5_62 };
                case 110: return { 6, g_5_63 };
                case 111: return { 7, g_5_64 };
                case 112: return { 6, g_5_65 };
                case 113: return { 6, g_5_66 };
                case 114: return { 4, g_5_67 };
                case 115: return { 5, g_5_68 };
                case 116: return { 4, g_5_69 };
                case 117: return { 6, g_5_70 };
                case 118: return { 5, g_5_71 };
                case 119: return { 8, g_5_72 };
                case 120: return { 5, g_5_73 };
                case 121: return { 5, g_5_74 };
                case 122: return { 6, g_5_75 };
                case 192: return { 8, g_5_76 };
                case 193: return { 6, g_5_77 };
                case 194: return { 6, g_5_78 };
                case 195: return { 5, g_5_79 };
                case 196: return { 9, g_5_80 };
                case 197: return { 5, g_5_81 };
                case 168: return { 5, g_5_82 };
                case 198: return { 10, g_5_83 };
                case 199: return { 6, g_5_84 };
                case 200: return { 8, g_5_85 };
                case 201: return { 8, g_5_86 };
                case 202: return { 7, g_5_87 };
                case 203: return { 7, g_5_88 };
                case 204: return { 10, g_5_89 };
                case 205: return { 8, g_5_90 };
                case 206: return { 10, g_5_91 };
                case 207: return { 8, g_5_92 };
                case 208: return { 6, g_5_93 };
                case 209: return { 9, g_5_94 };
                case 210: return { 7, g_5_95 };
                case 211: return { 7, g_5_96 };
                case 212: return { 8, g_5_97 };
                case 213: return { 7, g_5_98 };
                case 214: return { 9, g_5_99 };
                case 215: return { 6, g_5_100 };
                case 216: return { 11, g_5_101 };
                case 217: return { 12, g_5_102 };
                case 218: return { 9, g_5_103 };
                case 219: return { 8, g_5_104 };
                case 220: return { 6, g_5_105 };
                case 221: return { 9, g_5_106 };
                case 222: return { 12, g_5_107 };
                case 223: return { 6, g_5_108 };
                case 224: return { 5, g_5_109 };
                case 225: return { 7, g_5_110 };
                case 226: return { 5, g_5_111 };
                case 227: return { 5, g_5_112 };
                case 228: return { 7, g_5_113 };
                case 229: return { 7, g_5_114 };
                case 184: return { 7, g_5_115 };
                case 230: return { 8, g_5_116 };
                case 231: return { 5, g_5_117 };
                case 232: return { 5, g_5_118 };
                case 233: return { 5, g_5_119 };
                case 234: return { 5, g_5_120 };
                case 235: return { 5, g_5_121 };
                case 236: return { 7, g_5_122 };
                case 237: return { 6, g_5_123 };
                case 238: return { 7, g_5_124 };
                case 239: return { 6, g_5_125 };
                case 240: return { 6, g_5_126 };
                case 241: return { 6, g_5_127 };
                case 242: return { 5, g_5_128 };
                case 243: return { 5, g_5_129 };
                case 244: return { 7, g_5_130 };
                case 245: return { 5, g_5_131 };
                case 246: return { 7, g_5_132 };
                case 247: return { 4, g_5_133 };
                case 248: return { 8, g_5_134 };
                case 249: return { 8, g_5_135 };
                case 250: return { 6, g_5_136 };
                case 251: return { 6, g_5_137 };
                case 252: return { 5, g_5_138 };
                case 253: return { 6, g_5_139 };
                case 254: return { 9, g_5_140 };
                case 255: return { 5, g_5_141 };
                default: return { 0, nullptr };
            }
        case 6:
            switch(code) {
                case 32: return { 3, g_6_0 };
                case 63: return { 7, g_6_1 };
                case 33: return { 4, g_6_2 };
                case 34: return { 6, g_6_3 };
                case 39: return { 3, g_6_4 };
                case 44: return { 4, g_6_5 };
                case 45: return { 4, g_6_6 };
                case 95: return { 10, g_6_7 };
                case 46: return { 4, g_6_8 };
                case 47: return { 6, g_6_9 };
                case 48: return { 8, g_6_10 };
                case 49: return { 7, g_6_11 };
                case 50: return { 8, g_6_12 };
                case 51: return { 7, g_6_13 };
                case 52: return { 8, g_6_14 };
                case 53: return { 7, g_6_15 };
                case 54: return { 8, g_6_16 };
                case 55: return { 7, g_6_17 };
                case 56: return { 8, g_6_18 };
                case 57: return { 8, g_6_19 };
                case 64: return { 12, g_6_20 };
                case 65: return { 9, g_6_21 };
                case 66: return { 8, g_6_22 };
                case 67: return { 9, g_6_23 };
                case 68: return { 9, g_6_24 };
                case 69: return { 7, g_6_25 };
                case 70: return { 7, g_6_26 };
                case 71: return { 9, g_6_27 };
                case 72: return { 10, g_6_28 };
                case 73: return { 5, g_6_29 };
                case 74: return { 7, g_6_30 };
                case 75: return { 10, g_6_31 };
                case 76: return { 8, g_6_32 };
                case 77: return { 12, g_6_33 };
                case 78: return { 10, g_6_34 };
                case 79: return { 10, g_6_35 };
                case 80: return { 8, g_6_36 };
                case 81: return { 10, g_6_37 };
                case 82: return { 9, g_6_38 };
                case 83: return { 7, g_6_39 };
                case 84: return { 9, g_6_40 };
                case 85: return { 10, g_6_41 };
                case 86: return { 9, g_6_42 };
                case 87: return { 13, g_6_43 };
                case 88: return { 10, g_6_44 };
                case 89: return { 9, g_6_45 };
                case 90: return { 8, g_6_46 };
                case 91: return { 5, g_6_47 };
                case 92: return { 6, g_6_48 };
                case 93: return { 4, g_6_49 };
                case 97: return { 7, g_6_50 };
                case 98: return { 8, g_6_51 };
                case 99: return { 6, g_6_52 };
                case 100: return { 7, g_6_53 };
                case 101: return { 6, g_6_54 };
                case 102: return { 5, g_6_55 };
                case 103: return { 7, g_6_56 };
                case 104: return { 8, g_6_57 };
                case 105: return { 4, g_6_58 };
                case 106: return { 4, g_6_59 };
                case 107: return { 7, g_6_60 };
                case 108: return { 4, g_6_61 };
                case 109: return { 11, g_6_62 };
                case 110: return { 8, g_6_63 };
                case 111: return { 6, g_6_64 };
                case 112: return { 7, g_6_65 };
                case 113: return { 7, g_6_66 };
                case 114: return { 6, g_6_67 };
                case 115: return { 5, g_6_68 };
                case 116: return { 5, g_6_69 };
                case 117: return { 8, g_6_70 };
                case 118: return { 7, g_6_71 };
                case 119: return { 10, g_6_72 };
                case 120: return { 8, g_6_73 };
                case 121: return { 7, g_6_74 };
                case 122: return { 6, g_6_75 };
                case 192: return { 9, g_6_76 };
                case 193: return { 8, g_6_77 };
                case 194: return { 8, g_6_78 };
                case 195: return { 7, g_6_79 };
                case 196: return { 11, g_6_80 };
                case 197: return { 7, g_6_81 };
                case 168: return { 7, g_6_82 };
                case 198: return { 14, g_6_83 };
                case 199: return { 7, g_6_84 };
                case 200: return { 11, g_6_85 };
                case 201: return { 11, g_6_86 };
                case 202: return { 10, g_6_87 };
                case 203: return { 10, g_6_88 };
                case 204: return { 12, g_6_89 };
                case 205: return { 10, g_6_90 };
                case 206: return { 10, g_6_91 };
                case 207: return { 10, g_6_92 };
                case 208: return { 8, g_6_93 };
                case 209: return { 9, g_6_94 };
                case 210: return { 9, g_6_95 };
                case 211: return { 10, g_6_96 };
                case 212: return { 11, g_6_97 };
                case 213: return { 10, g_6_98 };
                case 214: return { 11, g_6_99 };
                case 215: return { 9, g_6_100 };
                case 216: return { 14, g_6_101 };
                case 217: return { 15, g_6_102 };
                case 218: return { 10, g_6_103 };
                case 219: return { 12, g_6_104 };
                case 220: return { 8, g_6_105 };
                case 221: return { 9, g_6_106 };
                case 222: return { 14, g_6_107 };
                case 223: return { 9, g_6_108 };
                case 224: return { 7, g_6_109 };
                case 225: return { 7, g_6_110 };
                case 226: return { 7, g_6_111 };
                case 227: return { 6, g_6_112 };
                case 228: return { 8, g_6_113 };
                case 229: return { 6, g_6_114 };
                case 184: return { 6, g_6_115 };
                case 230: return { 10, g_6_116 };
                case 231: return { 5, g_6_117 };
                case 232: return { 8, g_6_118 };
                case 233: return { 8, g_6_119 };
                case 234: return { 7, g_6_120 };
                case 235: return { 7, g_6_121 };
                case 236: return { 9, g_6_122 };
                case 237: return { 8, g_6_123 };
                case 238: return { 6, g_6_124 };
                case 239: return { 8, g_6_125 };
                case 240: return { 7, g_6_126 };
                case 241: return { 6, g_6_127 };
                case 242: return { 7, g_6_128 };
                case 243: return { 7, g_6_129 };
                case 244: return { 9, g_6_130 };
                case 245: return { 8, g_6_131 };
                case 246: return { 8, g_6_132 };
                case 247: return { 7, g_6_133 };
                case 248: return { 11, g_6_134 };
                case 249: return { 11, g_6_135 };
                case 250: return { 8, g_6_136 };
                case 251: return { 10, g_6_137 };
                case 252: return { 7, g_6_138 };
                case 253: return { 6, g_6_139 };
                case 254: return { 10, g_6_140 };
                case 255: return { 7, g_6_141 };
                default: return { 0, nullptr };
            }
        case 7:
            switch(code) {
                case 32: return { 3, g_7_0 };
                case 63: return { 7, g_7_1 };
                case 33: return { 4, g_7_2 };
                case 34: return { 5, g_7_3 };
                case 39: return { 4, g_7_4 };
                case 44: return { 4, g_7_5 };
                case 45: return { 5, g_7_6 };
                case 95: return { 9, g_7_7 };
                case 46: return { 3, g_7_8 };
                case 47: return { 9, g_7_9 };
                case 48: return { 8, g_7_10 };
                case 49: return { 7, g_7_11 };
                case 50: return { 7, g_7_12 };
                case 51: return { 8, g_7_13 };
                case 52: return { 8, g_7_14 };
                case 53: return { 8, g_7_15 };
                case 54: return { 7, g_7_16 };
                case 55: return { 8, g_7_17 };
                case 56: return { 7, g_7_18 };
                case 57: return { 8, g_7_19 };
                case 64: return { 11, g_7_20 };
                case 65: return { 9, g_7_21 };
                case 66: return { 7, g_7_22 };
                case 67: return { 9, g_7_23 };
                case 68: return { 9, g_7_24 };
                case 69: return { 8, g_7_25 };
                case 70: return { 8, g_7_26 };
                case 71: return { 10, g_7_27 };
                case 72: return { 11, g_7_28 };
                case 73: return { 5, g_7_29 };
                case 74: return { 7, g_7_30 };
                case 75: return { 9, g_7_31 };
                case 76: return { 7, g_7_32 };
                case 77: return { 11, g_7_33 };
                case 78: return { 11, g_7_34 };
                case 79: return { 10, g_7_35 };
                case 80: return { 8, g_7_36 };
                case 81: return { 10, g_7_37 };
                case 82: return { 8, g_7_38 };
                case 83: return { 8, g_7_39 };
                case 84: return { 9, g_7_40 };
                case 85: return { 11, g_7_41 };
                case 86: return { 10, g_7_42 };
                case 87: return { 14, g_7_43 };
                case 88: return { 10, g_7_44 };
                case 89: return { 9, g_7_45 };
                case 90: return { 9, g_7_46 };
                case 91: return { 5, g_7_47 };
                case 92: return { 6, g_7_48 };
                case 93: return { 5, g_7_49 };
                case 97: return { 7, g_7_50 };
                case 98: return { 7, g_7_51 };
                case 99: return { 7, g_7_52 };
                case 100: return { 8, g_7_53 };
                case 101: return { 7, g_7_54 };
                case 102: return { 8, g_7_55 };
                case 103: return { 7, g_7_56 };
                case 104: return { 7, g_7_57 };
                case 105: return { 4, g_7_58 };
                case 106: return { 4, g_7_59 };
                case 107: return { 7, g_7_60 };
                case 108: return { 4, g_7_61 };
                case 109: return { 10, g_7_62 };
                case 110: return { 7, g_7_63 };
                case 111: return { 7, g_7_64 };
                case 112: return { 7, g_7_65 };
                case 113: return { 8, g_7_66 };
                case 114: return { 6, g_7_67 };
                case 115: return { 6, g_7_68 };
                case 116: return { 5, g_7_69 };
                case 117: return { 7, g_7_70 };
                case 118: return { 7, g_7_71 };
                case 119: return { 10, g_7_72 };
                case 120: return { 7, g_7_73 };
                case 121: return { 7, g_7_74 };
                case 122: return { 7, g_7_75 };
                case 192: return { 9, g_7_76 };
                case 193: return { 8, g_7_77 };
                case 194: return { 7, g_7_78 };
                case 195: return { 8, g_7_79 };
                case 196: return { 11, g_7_80 };
                case 197: return { 8, g_7_81 };
                case 168: return { 8, g_7_82 };
                case 198: return { 12, g_7_83 };
                case 199: return { 7, g_7_84 };
                case 200: return { 10, g_7_85 };
                case 201: return { 10, g_7_86 };
                case 202: return { 9, g_7_87 };
                case 203: return { 10, g_7_88 };
                case 204: return { 11, g_7_89 };
                case 205: return { 11, g_7_90 };
                case 206: return { 10, g_7_91 };
                case 207: return { 11, g_7_92 };
                case 208: return { 8, g_7_93 };
                case 209: return { 9, g_7_94 };
                case 210: return { 9, g_7_95 };
                case 211: return { 10, g_7_96 };
                case 212: return { 10, g_7_97 };
                case 213: return { 10, g_7_98 };
                case 214: return { 11, g_7_99 };
                case 215: return { 10, g_7_100 };
                case 216: return { 14, g_7_101 };
                case 217: return { 14, g_7_102 };
                case 218: return { 9, g_7_103 };
                case 219: return { 11, g_7_104 };
                case 220: return { 7, g_7_105 };
                case 221: return { 9, g_7_106 };
                case 222: return { 14, g_7_107 };
                case 223: return { 9, g_7_108 };
                case 224: return { 7, g_7_109 };
                case 225: return { 8, g_7_110 };
                case 226: return { 6, g_7_111 };
                case 227: return { 6, g_7_112 };
                case 228: return { 7, g_7_113 };
                case 229: return { 7, g_7_114 };
                case 184: return { 7, g_7_115 };
                case 230: return { 10, g_7_116 };
                case 231: return { 5, g_7_117 };
                case 232: return { 7, g_7_118 };
                case 233: return { 7, g_7_119 };
                case 234: return { 7, g_7_120 };
                case 235: return { 7, g_7_121 };
                case 236: return { 9, g_7_122 };
                case 237: return { 7, g_7_123 };
                case 238: return { 7, g_7_124 };
                case 239: return { 7, g_7_125 };
                case 240: return { 7, g_7_126 };
                case 241: return { 7, g_7_127 };
                case 242: return { 10, g_7_128 };
                case 243: return { 7, g_7_129 };
                case 244: return { 8, g_7_130 };
                case 245: return { 7, g_7_131 };
                case 246: return { 7, g_7_132 };
                case 247: return { 7, g_7_133 };
                case 248: return { 10, g_7_134 };
                case 249: return { 10, g_7_135 };
                case 250: return { 7, g_7_136 };
                case 251: return { 9, g_7_137 };
                case 252: return { 6, g_7_138 };
                case 253: return { 7, g_7_139 };
                case 254: return { 10, g_7_140 };
                case 255: return { 7, g_7_141 };
                default: return { 0, nullptr };
            }
        case 8:
            switch(code) {
                case 32: return { 3, g_8_0 };
                case 63: return { 6, g_8_1 };
                case 33: return { 2, g_8_2 };
                case 34: return { 4, g_8_3 };
                case 39: return { 2, g_8_4 };
                case 44: return { 3, g_8_5 };
                case 45: return { 4, g_8_6 };
                case 95: return { 9, g_8_7 };
                case 46: return { 2, g_8_8 };
                case 47: return { 6, g_8_9 };
                case 48: return { 7, g_8_10 };
                case 49: return { 7, g_8_11 };
                case 50: return { 7, g_8_12 };
                case 51: return { 6, g_8_13 };
                case 52: return { 7, g_8_14 };
                case 53: return { 6, g_8_15 };
                case 54: return { 7, g_8_16 };
                case 55: return { 7, g_8_17 };
                case 56: return { 6, g_8_18 };
                case 57: return { 7, g_8_19 };
                case 64: return { 10, g_8_20 };
                case 65: return { 9, g_8_21 };
                case 66: return { 7, g_8_22 };
                case 67: return { 9, g_8_23 };
                case 68: return { 9, g_8_24 };
                case 69: return { 6, g_8_25 };
                case 70: return { 6, g_8_26 };
                case 71: return { 9, g_8_27 };
                case 72: return { 10, g_8_28 };
                case 73: return { 4, g_8_29 };
                case 74: return { 6, g_8_30 };
                case 75: return { 8, g_8_31 };
                case 76: return { 6, g_8_32 };
                case 77: return { 11, g_8_33 };
                case 78: return { 10, g_8_34 };
                case 79: return { 10, g_8_35 };
                case 80: return { 7, g_8_36 };
                case 81: return { 10, g_8_37 };
                case 82: return { 8, g_8_38 };
                case 83: return { 7, g_8_39 };
                case 84: return { 8, g_8_40 };
                case 85: return { 10, g_8_41 };
                case 86: return { 9, g_8_42 };
                case 87: return { 13, g_8_43 };
                case 88: return { 9, g_8_44 };
                case 89: return { 8, g_8_45 };
                case 90: return { 7, g_8_46 };
                case 91: return { 4, g_8_47 };
                case 92: return { 6, g_8_48 };
                case 93: return { 3, g_8_49 };
                case 97: return { 6, g_8_50 };
                case 98: return { 7, g_8_51 };
                case 99: return { 6, g_8_52 };
                case 100: return { 7, g_8_53 };
                case 101: return { 6, g_8_54 };
                case 102: return { 5, g_8_55 };
                case 103: return { 7, g_8_56 };
                case 104: return { 7, g_8_57 };
                case 105: return { 3, g_8_58 };
                case 106: return { 2, g_8_59 };
                case 107: return { 6, g_8_60 };
                case 108: return { 3, g_8_61 };
                case 109: return { 10, g_8_62 };
                case 110: return { 7, g_8_63 };
                case 111: return { 7, g_8_64 };
                case 112: return { 7, g_8_65 };
                case 113: return { 7, g_8_66 };
                case 114: return { 5, g_8_67 };
                case 115: return { 5, g_8_68 };
                case 116: return { 4, g_8_69 };
                case 117: return { 7, g_8_70 };
                case 118: return { 7, g_8_71 };
                case 119: return { 10, g_8_72 };
                case 120: return { 6, g_8_73 };
                case 121: return { 7, g_8_74 };
                case 122: return { 6, g_8_75 };
                case 192: return { 9, g_8_76 };
                case 193: return { 7, g_8_77 };
                case 194: return { 7, g_8_78 };
                case 195: return { 6, g_8_79 };
                case 196: return { 10, g_8_80 };
                case 197: return { 6, g_8_81 };
                case 168: return { 6, g_8_82 };
                case 198: return { 11, g_8_83 };
                case 199: return { 7, g_8_84 };
                case 200: return { 10, g_8_85 };
                case 201: return { 10, g_8_86 };
                case 202: return { 8, g_8_87 };
                case 203: return { 9, g_8_88 };
                case 204: return { 11, g_8_89 };
                case 205: return { 10, g_8_90 };
                case 206: return { 10, g_8_91 };
                case 207: return { 10, g_8_92 };
                case 208: return { 7, g_8_93 };
                case 209: return { 9, g_8_94 };
                case 210: return { 8, g_8_95 };
                case 211: return { 9, g_8_96 };
                case 212: return { 9, g_8_97 };
                case 213: return { 9, g_8_98 };
                case 214: return { 10, g_8_99 };
                case 215: return { 8, g_8_100 };
                case 216: return { 13, g_8_101 };
                case 217: return { 13, g_8_102 };
                case 218: return { 9, g_8_103 };
                case 219: return { 10, g_8_104 };
                case 220: return { 7, g_8_105 };
                case 221: return { 9, g_8_106 };
                case 222: return { 13, g_8_107 };
                case 223: return { 8, g_8_108 };
                case 224: return { 6, g_8_109 };
                case 225: return { 6, g_8_110 };
                case 226: return { 6, g_8_111 };
                case 227: return { 5, g_8_112 };
                case 228: return { 7, g_8_113 };
                case 229: return { 6, g_8_114 };
                case 184: return { 6, g_8_115 };
                case 230: return { 9, g_8_116 };
                case 231: return { 5, g_8_117 };
                case 232: return { 7, g_8_118 };
                case 233: return { 7, g_8_119 };
                case 234: return { 6, g_8_120 };
                case 235: return { 7, g_8_121 };
                case 236: return { 8, g_8_122 };
                case 237: return { 7, g_8_123 };
                case 238: return { 7, g_8_124 };
                case 239: return { 7, g_8_125 };
                case 240: return { 7, g_8_126 };
                case 241: return { 6, g_8_127 };
                case 242: return { 6, g_8_128 };
                case 243: return { 7, g_8_129 };
                case 244: return { 7, g_8_130 };
                case 245: return { 6, g_8_131 };
                case 246: return { 7, g_8_132 };
                case 247: return { 6, g_8_133 };
                case 248: return { 9, g_8_134 };
                case 249: return { 9, g_8_135 };
                case 250: return { 7, g_8_136 };
                case 251: return { 8, g_8_137 };
                case 252: return { 6, g_8_138 };
                case 253: return { 6, g_8_139 };
                case 254: return { 9, g_8_140 };
                case 255: return { 6, g_8_141 };
                default: return { 0, nullptr };
            }
        default: return { 0, nullptr };
    }
}

constexpr uint8_t CUSTOM_FONT_COUNT = 9;
